match_id,competition_id,season_id,match_date,kick_off,home_team_id,home_team,away_team_id,away_team,home_score,away_score,competition_stage,stadium,referee,outcome,goal_margin,season,home_form_5_goals_for,home_form_5_goals_against,home_form_5_points,home_form_5_shots_for,home_form_5_shots_against,home_form_5_shot_goals_for,home_form_5_shot_goals_against,home_form_5_xg_for,home_form_5_xg_against,home_form_5_passes_for,home_form_5_passes_against,home_form_5_completed_passes_for,home_form_5_completed_passes_against,home_form_5_pressures_for,home_form_5_pressures_against,home_form_5_carries_final_third_for,home_form_5_carries_final_third_against,home_form_5_set_pieces_for,home_form_5_set_pieces_against,home_form_5_defensive_actions_for,home_form_5_defensive_actions_against,home_form_5_yellow_cards_for,home_form_5_yellow_cards_against,home_form_5_red_cards_for,home_form_5_red_cards_against,home_form_5_event_share_for,home_form_5_event_share_against,home_matches_played_before,home_history_max_kickoff,home_rest_days,home_form5_points,home_form5_goals_for,home_form5_goals_against,home_form5_shots_for,home_form5_xg_for,home_form3_points,home_form3_goals_for,home_form3_goals_against,home_momentum_points,home_momentum_goals_for,home_momentum_xg_for,home_shot_conv_5,home_possession_share_5,home_pressure_rate_5,home_set_piece_share_5,home_home_win_rate_5,home_away_win_rate_5,away_form_5_goals_for,away_form_5_goals_against,away_form_5_points,away_form_5_shots_for,away_form_5_shots_against,away_form_5_shot_goals_for,away_form_5_shot_goals_against,away_form_5_xg_for,away_form_5_xg_against,away_form_5_passes_for,away_form_5_passes_against,away_form_5_completed_passes_for,away_form_5_completed_passes_against,away_form_5_pressures_for,away_form_5_pressures_against,away_form_5_carries_final_third_for,away_form_5_carries_final_third_against,away_form_5_set_pieces_for,away_form_5_set_pieces_against,away_form_5_defensive_actions_for,away_form_5_defensive_actions_against,away_form_5_yellow_cards_for,away_form_5_yellow_cards_against,away_form_5_red_cards_for,away_form_5_red_cards_against,away_form_5_event_share_for,away_form_5_event_share_against,away_matches_played_before,away_history_max_kickoff,away_rest_days,away_form5_points,away_form5_goals_for,away_form5_goals_against,away_form5_shots_for,away_form5_xg_for,away_form3_points,away_form3_goals_for,away_form3_goals_against,away_momentum_points,away_momentum_goals_for,away_momentum_xg_for,away_shot_conv_5,away_possession_share_5,away_pressure_rate_5,away_set_piece_share_5,away_home_win_rate_5,away_away_win_rate_5,diff_form_5_goals_for,diff_form_5_goals_against,diff_form_5_points,diff_form_5_shots_for,diff_form_5_shots_against,diff_form_5_shot_goals_for,diff_form_5_shot_goals_against,diff_form_5_xg_for,diff_form_5_xg_against,diff_form_5_passes_for,diff_form_5_passes_against,diff_form_5_completed_passes_for,diff_form_5_completed_passes_against,diff_form_5_pressures_for,diff_form_5_pressures_against,diff_form_5_carries_final_third_for,diff_form_5_carries_final_third_against,diff_form_5_set_pieces_for,diff_form_5_set_pieces_against,diff_form_5_defensive_actions_for,diff_form_5_defensive_actions_against,diff_form_5_yellow_cards_for,diff_form_5_yellow_cards_against,diff_form_5_red_cards_for,diff_form_5_red_cards_against,diff_form_5_event_share_for,diff_form_5_event_share_against,season_idx,home_key,away_key,B365H,B365D,B365A,market_p_H,market_p_D,market_p_A,odds_tagged,diff_form5_points_final,diff_form5_goals_for_final,diff_form5_goals_against_final,diff_form5_shots_for_final,diff_form5_xg_for_final,diff_form5_xg_against_final,diff_form5_passes_final,diff_form5_completed_passes_final,diff_form5_pressures_final,diff_form5_carries_final_third_final,diff_form5_event_share_final,diff_form5_set_pieces_final,diff_form5_defensive_actions_final,diff_form5_yellow_cards_final,diff_form5_red_cards_final,diff_form3_points_final,diff_form3_goals_for_final,diff_form3_goals_against_final,diff_rest_days_final,diff_matches_played_before_final,diff_shot_conv_5_final,diff_possession_share_5_final,diff_pressure_rate_5_final,diff_set_piece_share_5_final
9765,11,1,2018-01-21,2018-01-21 20:45:00,218,Real Betis,217,Barcelona,0,5,Regular Season,Estadio Benito Villamarín,,A,-5,2017/2018,0.0,2.0,0.0,3.0,15.0,0.0,1.0,0.191165022,1.1637680150000005,450.0,685.0,372.0,600.0,299.0,159.0,61.0,167.0,1007.0,1196.0,420.0,256.0,1.0,2.0,0.0,0.0,0.4363680861478218,0.5636319138521781,1,2017-08-20 20:15:00,154.02083333333334,0.0,0.0,2.0,3.0,0.191165022,0.0,0.0,2.0,,,,0.0,0.3964757705757922,3.3222222222222224,0.4571039489527445,,,3.2,0.4,3.0,16.8,10.8,3.2,0.4,3.2480823852,0.66546526028,663.2,426.4,586.6,337.4,187.2,225.6,141.0,81.6,1259.6,822.8,290.8,332.6,1.0,2.2,0.0,0.4,0.5846801867996496,0.4153198132003505,19,2018-01-14 20:45:00,7.0,3.0,3.2,0.4,16.8,3.2480823852,3.0,3.333333333333333,0.6666666666666666,0.7999999999999998,1.2000000000000002,1.1471999604599996,0.1904761791383226,0.6086637292504922,2.08,0.6048789854951601,0.8,0.8,-3.2,1.6,-3.0,-13.8,4.199999999999999,-3.2,0.6,-3.0569173632,0.4983027547200003,-213.20000000000005,258.6,-214.6,262.6,111.8,-66.6,-80.0,85.4,-252.5999999999999,373.2000000000001,129.2,-76.60000000000002,0.0,-0.2000000000000001,0.0,-0.4,-0.1483121006518277,0.1483121006518276,0,betis,barcelona,10.0,6.0,1.28,0.09542743538767397,0.15904572564612326,0.7455268389662029,True,-3.0,-3.2,1.6,-13.8,-3.0569173632,0.4983027547200005,-213.20000000000005,-214.60000000000002,111.80000000000001,-80.0,-0.14831210065182782,-252.5999999999999,129.2,0.0,0.0,-3.0,-3.333333333333333,1.3333333333333335,147.02083333333334,-18,-0.1904761791383226,-0.21218795867469997,1.2422222222222223,-0.14777503654241558
9774,11,1,2018-01-28,2018-01-28 20:45:00,217,Barcelona,206,Deportivo Alavés,2,1,Regular Season,Spotify Camp Nou,Ignacio Iglesias Villanueva,H,1,2017/2018,3.8,0.4,3.0,16.4,10.4,3.8,0.4,3.047388471,0.62178402488,615.6,453.4,538.4,363.0,175.6,233.2,128.2,96.4,1109.2,797.6,281.2,337.8,1.2,2.2,0.0,0.2,0.5575453878576286,0.4424546121423713,20,2018-01-21 20:45:00,7.0,3.0,3.8,0.4,16.4,3.047388471,3.0,4.0,0.6666666666666666,0.7999999999999998,1.7999999999999998,0.83322878226,0.2317073029446766,0.5758652941292186,1.951111111111111,0.5817075725919301,0.8,0.8,0.0,2.0,0.0,11.0,23.0,0.0,2.0,0.655419891,2.21300036,291.0,785.0,207.0,701.0,272.0,107.0,24.0,280.0,629.0,1721.0,423.0,199.0,2.0,3.0,0.0,0.0,0.3387964148527528,0.6612035851472471,1,2017-08-26 18:15:00,155.10416666666666,0.0,0.0,2.0,11.0,0.655419891,0.0,0.0,2.0,,,,0.0,0.2704460964029311,3.022222222222222,0.2676595743541874,,,3.8,-1.6,3.0,5.399999999999999,-12.6,3.8,-1.6,2.3919685800000003,-1.5912163351200002,324.6,-331.6,331.4,-338.0,-96.4,126.2,104.2,-183.6,480.2000000000001,-923.4,-141.8,138.8,-0.8,-0.7999999999999998,0.0,0.2,0.2187489730048757,-0.2187489730048757,0,barcelona,alaves,1.08,11.0,26.0,0.8774082709534912,0.08614553932997915,0.03644618971652964,True,3.0,3.8,-1.6,5.399999999999999,2.3919685800000003,-1.5912163351200002,324.6,331.4,-96.4,104.19999999999999,0.21874897300487584,480.20000000000005,-141.8,-0.8,0.0,3.0,4.0,-1.3333333333333335,-148.10416666666666,19,0.2317073029446766,0.3054191977262875,-1.0711111111111111,0.31404799823774265
9783,11,1,2018-02-04,2018-02-04 16:15:00,214,Espanyol,217,Barcelona,1,1,Regular Season,Stage Front Stadium,Jesús Gil Manzano,D,0,2017/2018,0.0,5.0,0.0,9.0,20.0,0.0,5.0,0.4680516309999999,3.0948081069999995,253.0,766.0,156.0,681.0,214.0,149.0,58.0,110.0,662.0,1767.0,331.0,248.0,5.0,1.0,0.0,0.0,0.2992477013095569,0.700752298690443,1,2017-09-09 20:45:00,147.8125,0.0,0.0,5.0,9.0,0.4680516309999999,0.0,0.0,5.0,,,,0.0,0.2482826297857874,2.3777777777777778,0.2725401398630959,,,3.4,0.6,3.0,15.4,9.8,3.4,0.6,2.26481428886,0.71579083876,631.6,411.8,549.4,322.0,164.4,228.8,148.6,86.8,1203.8,755.2,271.8,340.6,1.2,2.4,0.0,0.2,0.5820493143224528,0.4179506856775471,21,2018-01-28 20:45:00,6.8125,3.0,3.4,0.6,15.4,2.26481428886,3.0,3.6666666666666665,1.0,0.7999999999999998,1.0,-0.8050997894800007,0.2207792064429086,0.6053287324081571,1.8266666666666669,0.6144971921314459,0.8,0.8,-3.4,4.4,-3.0,-6.4,10.2,-3.4,4.4,-1.7967626578599998,2.3790172682399997,-378.6,354.2,-393.4,359.0,49.6,-79.80000000000001,-90.6,23.200000000000003,-541.8,1011.8,59.19999999999999,-92.60000000000002,3.8,-1.4,0.0,-0.2,-0.2828016130128958,0.2828016130128958,0,espanyol,barcelona,9.5,5.25,1.33,0.10047846889952154,0.18181818181818185,0.7177033492822967,True,-3.0,-3.4,4.4,-6.4,-1.79676265786,2.3790172682399993,-378.6,-393.4,49.599999999999994,-90.6,-0.28280161301289586,-541.8,59.19999999999999,3.8,0.0,-3.0,-3.6666666666666665,4.0,141.0,-20,-0.2207792064429086,-0.3570461026223697,0.5511111111111109,-0.34195705226835005
9794,11,1,2018-02-11,2018-02-11 16:15:00,217,Barcelona,216,Getafe,0,0,Regular Season,Spotify Camp Nou,David Fernández Borbalan,D,0,2017/2018,3.0,0.8,2.6,14.4,8.6,3.0,0.8,1.7615058732600002,0.64691700808,642.8,363.6,552.4,272.0,142.6,205.0,162.6,75.4,1318.6,789.8,252.8,334.2,1.4,3.0,0.0,0.0,0.6066432844374711,0.3933567155625289,22,2018-02-04 16:15:00,7.0,2.6,3.0,0.8,14.4,1.7615058732600002,2.333333333333333,2.6666666666666665,0.6666666666666666,0.3999999999999999,0.6000000000000001,-1.62422701328,0.2083333188657417,0.6387122410187677,1.5844444444444443,0.6254031490109073,0.8,0.8,1.0,2.0,0.0,13.0,7.0,1.0,2.0,0.6546389126000001,0.555728866,309.0,709.0,209.0,627.0,178.0,101.0,64.0,160.0,670.0,1498.0,304.0,227.0,2.0,4.0,0.0,0.0,0.3501252435290843,0.6498747564709156,1,2017-09-16 16:15:00,148.0,0.0,1.0,2.0,13.0,0.6546389126000001,0.0,1.0,2.0,,,,0.0769230710059176,0.3035363454778621,1.9777777777777776,0.3090405902633577,,,2.0,-1.2,2.6,1.4000000000000004,1.5999999999999996,2.0,-1.2,1.10686696066,0.0911881420799999,333.79999999999995,-345.4,343.4,-355.0,-35.400000000000006,104.0,98.6,-84.6,648.5999999999999,-708.2,-51.19999999999999,107.2,-0.6000000000000001,-1.0,0.0,0.0,0.2565180409083867,-0.2565180409083867,0,barcelona,getafe,1.12,9.0,19.0,0.8450286617908678,0.10515912235619687,0.04981221585293536,True,2.6,2.0,-1.2,1.4000000000000004,1.1068669606600001,0.09118814207999992,333.79999999999995,343.4,-35.400000000000006,98.6,0.25651804090838676,648.5999999999999,-51.19999999999999,-0.6000000000000001,0.0,2.333333333333333,1.6666666666666665,-1.3333333333333335,-141.0,21,0.13141024785982408,0.33517589554090554,-0.3933333333333333,0.31636255874754965
9799,11,1,2018-02-17,2018-02-17 16:15:00,322,Eibar,217,Barcelona,0,2,Regular Season,Estadio Municipal de Ipurúa,Alejandro José Hernández Hernández,A,-2,2017/2018,1.0,6.0,0.0,13.0,11.0,1.0,6.0,1.032137608,2.001458215,424.0,639.0,324.0,552.0,197.0,137.0,72.0,96.0,700.0,1178.0,312.0,253.0,2.0,0.0,0.0,0.0,0.4191891891891892,0.5808108108108108,1,2017-09-19 22:00:00,150.76041666666666,0.0,1.0,6.0,13.0,1.032137608,0.0,1.0,6.0,,,,0.0769230710059176,0.3988711190979575,2.188888888888889,0.3727369540081273,,,2.4,0.8,2.2,13.8,8.8,2.4,0.8,1.47876542526,0.5890427703800001,663.6,349.0,563.0,253.2,126.4,196.4,170.8,73.2,1297.8,753.0,234.4,331.6,1.8,2.8,0.0,0.0,0.6180989627543461,0.3819010372456538,23,2018-02-11 16:15:00,6.0,2.2,2.4,0.8,13.8,1.47876542526,1.6666666666666667,1.0,0.6666666666666666,-0.3999999999999999,-0.3999999999999999,-2.19768764054,0.1739130308758673,0.6553426815570387,1.4044444444444446,0.6328262138517523,0.8,0.8,-1.4,5.2,-2.2,-0.8000000000000007,2.1999999999999997,-1.4,5.2,-0.44662781726,1.41241544462,-239.6,290.0,-239.0,298.8,70.6,-59.400000000000006,-98.8,22.8,-597.8,425.0,77.6,-78.60000000000002,0.1999999999999999,-2.8,0.0,0.0,-0.1989097735651568,0.1989097735651569,0,eibar,barcelona,6.5,4.75,1.44,0.14530005310674457,0.19883165161975572,0.6558682952734998,True,-2.2,-1.4,5.2,-0.8000000000000007,-0.44662781726,1.41241544462,-239.60000000000002,-239.0,70.6,-98.80000000000001,-0.19890977356515688,-597.8,77.6,0.19999999999999996,0.0,-1.6666666666666667,0.0,5.333333333333333,144.76041666666666,-22,-0.0969899598699497,-0.25647156245908115,0.7844444444444445,-0.260089259843625
9811,11,1,2018-02-24,2018-02-24 20:45:00,217,Barcelona,211,Girona,6,1,Regular Season,Spotify Camp Nou,,H,5,2017/2018,2.0,0.4,2.2,13.6,9.0,2.0,0.4,1.80955529126,0.55364773158,679.8,350.6,573.4,249.2,110.2,173.0,162.8,73.6,1272.8,694.2,231.0,317.2,1.6,2.8,0.0,0.2,0.6235098600563208,0.3764901399436792,24,2018-02-17 16:15:00,7.1875,2.2,2.0,0.4,13.6,1.80955529126,1.6666666666666667,1.0,0.3333333333333333,-0.7999999999999998,-1.2000000000000002,-1.43852709394,0.1470588127162637,0.6597437881795963,1.2244444444444444,0.647076766320754,0.6,0.8,0.0,3.0,0.0,14.0,10.0,0.0,1.0,1.0864782077,0.98248872,389.0,593.0,287.0,496.0,239.0,139.0,59.0,62.0,871.0,1074.0,346.0,260.0,3.0,0.0,0.0,0.0,0.4404657933042212,0.5595342066957788,1,2017-09-23 20:45:00,154.0,0.0,0.0,3.0,14.0,1.0864782077,0.0,0.0,3.0,,,,0.0,0.3961303458287878,2.6555555555555554,0.4478149097954679,,,2.0,-2.6,2.2,-0.4000000000000003,-1.0,2.0,-0.6,0.7230770835600002,-0.4288409884199999,290.79999999999995,-242.4,286.4,-246.8,-128.8,34.0,103.8,11.599999999999994,401.8,-379.8,-115.0,57.19999999999999,-1.4,2.8,0.0,0.2,0.1830440667520995,-0.1830440667520996,0,barcelona,girona,1.14,8.0,19.0,0.8316008316008316,0.1185031185031185,0.04989604989604989,True,2.2,2.0,-2.6,-0.40000000000000036,0.72307708356,-0.42884098841999996,290.79999999999995,286.4,-128.8,103.80000000000001,0.1830440667520996,401.79999999999995,-115.0,-1.4,0.0,1.6666666666666667,1.0,-2.6666666666666665,-146.8125,23,0.1470588127162637,0.2636134423508085,-1.431111111111111,0.19926185652528605
9827,11,1,2018-03-01,2018-03-01 21:00:00,208,Las Palmas,217,Barcelona,1,1,Regular Season,Estadio de Gran Canaria,Antonio Miguel Mateu Lahoz,D,0,2017/2018,0.0,3.0,0.0,11.0,22.0,0.0,3.0,0.568182815,3.100964786,588.0,538.0,512.0,464.0,159.0,160.0,93.0,149.0,1115.0,929.0,271.0,270.0,1.0,5.0,0.0,0.0,0.5161530815109344,0.4838469184890656,1,2017-10-01 16:15:00,151.19791666666666,0.0,0.0,3.0,11.0,0.568182815,0.0,0.0,3.0,,,,0.0,0.5222024862147402,1.7666666666666666,0.5454990212595405,,,2.2,0.6,2.2,15.0,9.6,2.2,0.6,1.89458702846,0.63702941478,692.4,323.2,588.0,223.2,106.8,158.8,161.2,62.4,1358.2,678.0,228.0,308.2,1.4,2.6,0.0,0.2,0.6422669413837638,0.3577330586162363,25,2018-02-24 20:45:00,5.010416666666667,2.2,2.2,0.6,15.0,1.89458702846,2.333333333333333,2.6666666666666665,0.3333333333333333,-0.7999999999999998,-1.5999999999999996,-1.15280144254,0.1466666568888895,0.6817644735311497,1.1866666666666663,0.6670268143271649,0.6,0.8,-2.2,2.4,-2.2,-4.0,12.4,-2.2,2.4,-1.32640421346,2.46393537122,-104.39999999999998,214.8,-76.0,240.8,52.2,1.1999999999999886,-68.19999999999999,86.6,-243.20000000000005,251.0,43.0,-38.19999999999999,-0.3999999999999999,2.4,0.0,-0.2,-0.1261138598728294,0.1261138598728293,0,laspalmas,barcelona,15.0,7.5,1.18,0.06364617044228693,0.12729234088457386,0.8090614886731391,True,-2.2,-2.2,2.4,-4.0,-1.32640421346,2.46393537122,-104.39999999999998,-76.0,52.2,-68.19999999999999,-0.12611385987282941,-243.20000000000005,43.0,-0.3999999999999999,0.0,-2.333333333333333,-2.6666666666666665,2.6666666666666665,146.1875,-24,-0.1466666568888895,-0.15956198731640947,0.5800000000000003,-0.1215277930676244
9837,11,1,2018-03-04,2018-03-04 16:15:00,217,Barcelona,212,Atlético Madrid,1,0,Regular Season,Spotify Camp Nou,Jesús Gil Manzano,H,1,2017/2018,2.0,0.6,1.8,13.4,10.6,2.0,0.6,1.6558744103999998,0.7286053622,657.0,341.8,556.6,244.6,117.2,165.2,138.2,63.2,1339.4,764.8,232.4,308.4,2.0,3.4,0.0,0.2,0.6179268591016708,0.3820731408983292,26,2018-03-01 21:00:00,2.802083333333333,1.8,2.0,0.6,13.4,1.6558744103999998,2.333333333333333,3.0,0.6666666666666666,-1.2,-1.4,-0.60893987846,0.1492537202049462,0.6577893465580804,1.3022222222222222,0.6365364506052009,0.8,0.8,1.0,1.0,1.0,5.0,15.0,1.0,1.0,0.397746746,1.313994053,363.0,773.0,269.0,673.0,185.0,93.0,49.0,257.0,678.0,1384.0,343.0,209.0,3.0,2.0,0.0,0.0,0.3721823770491803,0.6278176229508197,1,2017-10-14 20:45:00,140.8125,1.0,1.0,1.0,5.0,0.397746746,1.0,1.0,1.0,,,,0.199999960000008,0.3195422532398395,2.055555555555556,0.328806983351694,,,1.0,-0.4,0.8,8.4,-4.4,1.0,-0.4,1.2581276644,-0.5853886908,294.0,-431.2,287.6,-428.4,-67.8,72.19999999999999,89.19999999999999,-193.8,661.4000000000001,-619.2,-110.6,99.39999999999998,-1.0,1.4,0.0,0.2,0.2457444820524904,-0.2457444820524904,0,barcelona,atleticomadrid,1.72,3.79,4.75,0.5506816798353078,0.24991358557169643,0.19940473459299565,True,0.8,1.0,-0.4,8.4,1.2581276644,-0.5853886908,294.0,287.6,-67.8,89.19999999999999,0.2457444820524905,661.4000000000001,-110.6,-1.0,0.0,1.333333333333333,2.0,-0.33333333333333337,-138.01041666666666,25,-0.05074623979506179,0.33824709331824093,-0.7533333333333336,0.3077294672535069
9855,11,1,2018-03-18,2018-03-18 16:15:00,217,Barcelona,215,Athletic Club,2,0,Regular Season,Spotify Camp Nou,Santiago Jaime Latre,H,2,2017/2018,2.0,0.4,2.2,14.2,10.2,2.0,0.4,1.7081412017400002,0.6544185796599999,654.4,385.8,556.4,287.2,119.0,162.2,128.6,73.4,1284.8,741.8,233.4,305.8,1.8,2.8,0.0,0.2,0.598326854179601,0.401673145820399,27,2018-03-04 16:15:00,14.0,2.2,2.0,0.4,14.2,1.7081412017400002,2.333333333333333,2.6666666666666665,0.6666666666666666,-0.3999999999999999,-1.0,-0.05336467152,0.140845060503869,0.6291097859747069,1.3222222222222222,0.633968222326079,0.8,0.8,0.0,2.0,0.0,17.0,17.0,0.0,2.0,1.310543534,2.655658842,396.0,600.0,289.0,488.0,221.0,129.0,85.0,97.0,728.0,1197.0,361.0,243.0,1.0,4.0,0.0,0.0,0.4385315879339784,0.5614684120660216,1,2017-10-28 20:45:00,140.8125,0.0,0.0,2.0,17.0,1.310543534,0.0,0.0,2.0,,,,0.0,0.397590361046596,2.455555555555556,0.37818181798536,,,2.0,-1.6,2.2,-2.8000000000000007,-6.800000000000001,2.0,-1.6,0.3975976677400001,-2.0012402623400005,258.4,-214.2,267.4,-200.8,-102.0,33.19999999999999,43.6,-23.599999999999994,556.8,-455.2000000000001,-127.6,62.80000000000001,0.8,-1.2000000000000002,0.0,0.2,0.1597952662456225,-0.1597952662456225,0,barcelona,athleticclub,1.16,8.0,15.0,0.8181074447777474,0.11862557949277337,0.06326697572947913,True,2.2,2.0,-1.6,-2.8000000000000007,0.39759766774000016,-2.0012402623399996,258.4,267.4,-102.0,43.599999999999994,0.15979526624562257,556.8,-127.6,0.8,0.0,2.333333333333333,2.6666666666666665,-1.3333333333333335,-126.8125,26,0.140845060503869,0.2315194249281109,-1.133333333333334,0.255786404340719
9860,11,1,2018-03-31,2018-03-31 20:45:00,213,Sevilla,217,Barcelona,2,2,Regular Season,Estadio Ramón Sánchez Pizjuán,José Luis González González,D,0,2017/2018,1.0,2.0,0.0,8.0,18.0,1.0,2.0,0.480070253,1.8726843870000005,569.0,615.0,479.0,522.0,195.0,111.0,94.0,156.0,838.0,872.0,314.0,242.0,0.0,1.0,0.0,0.0,0.490971205466081,0.509028794533919,1,2017-11-04 20:45:00,147.0,0.0,1.0,2.0,8.0,0.480070253,0.0,1.0,2.0,,,,0.1249999843750019,0.4805743239184338,2.1666666666666665,0.4900584792455798,,,2.4,0.4,2.6,15.0,10.2,2.4,0.4,1.82293183254,0.70249907036,614.8,429.0,521.4,328.4,125.4,167.6,104.2,82.0,1192.0,776.6,249.6,308.4,1.8,2.6,0.0,0.2,0.5691518248607675,0.4308481751392324,28,2018-03-18 16:15:00,13.1875,2.6,2.4,0.4,15.0,1.82293183254,2.333333333333333,1.3333333333333333,0.3333333333333333,0.3999999999999999,0.0,0.3441664072800001,0.159999989333334,0.5890017239040028,1.393333333333333,0.605506450977595,0.8,0.6,-1.4,1.6,-2.6,-7.0,7.800000000000001,-1.4,1.6,-1.34286157954,1.1701853166400005,-45.79999999999996,186.0,-42.39999999999998,193.6,69.6,-56.6,-10.200000000000005,74.0,-354.0,95.39999999999998,64.4,-66.39999999999998,-1.8,-1.6,0.0,-0.2,-0.0781806193946865,0.0781806193946865,0,sevilla,barcelona,4.75,4.0,1.66,0.19806114839671882,0.23519761372110362,0.5667412378821775,True,-2.6,-1.4,1.6,-7.0,-1.3428615795399999,1.1701853166400005,-45.799999999999955,-42.39999999999998,69.6,-10.200000000000003,-0.07818061939468657,-354.0,64.4,-1.8,0.0,-2.333333333333333,-0.33333333333333326,1.6666666666666667,133.8125,-27,-0.03500000495833211,-0.10842739998556905,0.7733333333333334,-0.11544797173201521
9870,11,1,2018-04-07,2018-04-07 20:45:00,217,Barcelona,205,Leganés,3,1,Regular Season,Spotify Camp Nou,Ricardo De Burgos Bengoetxea,H,2,2017/2018,2.4,0.8,2.2,17.0,11.6,2.4,0.8,1.67132580614,1.08831281482,628.2,416.0,537.8,322.2,122.8,169.0,133.6,77.6,1268.8,789.2,240.0,310.2,1.6,2.6,0.0,0.0,0.5802649364601129,0.4197350635398871,29,2018-03-31 20:45:00,7.0,2.2,2.4,0.8,17.0,1.67132580614,2.333333333333333,1.6666666666666667,0.6666666666666666,0.0,0.3999999999999999,-0.1382294851200001,0.1411764622837375,0.6016088866102194,1.3644444444444443,0.6165208937723416,0.8,0.6,0.0,3.0,0.0,18.0,11.0,0.0,3.0,1.2832229555,1.76472795,319.0,653.0,218.0,555.0,201.0,120.0,72.0,79.0,755.0,1349.0,339.0,257.0,1.0,2.0,0.0,0.0,0.3689900426742532,0.6310099573257468,1,2017-11-18 16:15:00,140.1875,0.0,0.0,3.0,18.0,1.2832229555,0.0,0.0,3.0,,,,0.0,0.3281893000738793,2.2333333333333334,0.358840304011958,,,2.4,-2.2,2.2,-1.0,0.5999999999999996,2.4,-2.2,0.3881028506399999,-0.6764151351800001,309.20000000000005,-237.0,319.79999999999995,-232.8,-78.2,49.0,61.6,-1.4000000000000057,513.8,-559.8,-99.0,53.19999999999999,0.6000000000000001,0.6000000000000001,0.0,0.0,0.2112748937858596,-0.2112748937858596,0,barcelona,leganes,1.12,9.0,21.0,0.8490566037735848,0.10566037735849056,0.045283018867924525,True,2.2,2.4,-2.2,-1.0,0.38810285063999994,-0.6764151351799998,309.20000000000005,319.79999999999995,-78.2,61.599999999999994,0.21127489378585967,513.8,-99.0,0.6000000000000001,0.0,2.333333333333333,1.6666666666666667,-2.3333333333333335,-133.1875,28,0.1411764622837375,0.2734195865363401,-0.868888888888889,0.25768058976038366
9880,11,1,2018-04-14,2018-04-14 16:15:00,217,Barcelona,207,Valencia,2,1,Regular Season,Spotify Camp Nou,Carlos del Cerro Grande,H,1,2017/2018,1.8,0.8,2.2,15.2,11.8,1.8,0.8,1.5899583277400002,1.06644671842,650.0,408.4,557.0,312.6,116.4,170.6,136.6,76.6,1327.8,766.2,238.0,319.0,1.8,3.2,0.0,0.0,0.5874368306648903,0.4125631693351098,30,2018-04-07 20:45:00,6.8125,2.2,1.8,0.8,15.2,1.5899583277400002,2.333333333333333,2.333333333333333,1.0,0.0,-0.4000000000000001,-0.3046287007199999,0.1184210448407207,0.6141345421257232,1.2933333333333334,0.634097420900622,0.8,0.6,1.0,1.0,1.0,9.0,12.0,1.0,1.0,1.100298345,0.9133596747,356.0,798.0,269.0,684.0,216.0,125.0,66.0,204.0,675.0,1586.0,362.0,250.0,4.0,0.0,0.0,0.0,0.36031984007996,0.63968015992004,1,2017-11-26 20:45:00,138.8125,1.0,1.0,1.0,9.0,1.100298345,1.0,1.0,1.0,,,,0.1111110987654334,0.3084922007725371,2.4,0.2985404686870674,,,0.8,-0.1999999999999999,1.2000000000000002,6.199999999999999,-0.1999999999999993,0.8,-0.1999999999999999,0.4896599827400003,0.1530870437199999,294.0,-389.6,288.0,-371.4,-99.6,45.6,70.6,-127.4,652.8,-819.8,-124.0,69.0,-2.2,3.2,0.0,0.0,0.2271169905849302,-0.2271169905849302,0,barcelona,valencia,1.28,6.0,9.5,0.7418011452368558,0.15825091098386257,0.09994794377928162,True,1.2000000000000002,0.8,-0.19999999999999996,6.199999999999999,0.48965998274000033,0.15308704371999993,294.0,288.0,-99.6,70.6,0.2271169905849303,652.8,-124.0,-2.2,0.0,1.333333333333333,1.333333333333333,0.0,-132.0,29,0.007309946075287302,0.3056423413531861,-1.1066666666666665,0.33555695221355464
9889,11,1,2018-04-17,2018-04-17 21:00:00,209,Celta Vigo,217,Barcelona,2,2,Regular Season,Abanca-Balaídos,David Fernández Borbalan,D,0,2017/2018,2.0,2.0,1.0,10.0,22.0,2.0,2.0,1.673003012,3.29798127,425.0,775.0,331.0,671.0,179.0,128.0,39.0,211.0,675.0,1237.0,328.0,269.0,6.0,3.0,0.0,0.0,0.3824451410658307,0.6175548589341693,1,2017-12-02 13:00:00,136.33333333333334,1.0,2.0,2.0,10.0,1.673003012,1.0,2.0,2.0,,,,0.199999980000002,0.3541666663715277,1.988888888888889,0.3530334726187063,,,2.0,0.8,2.6,15.6,12.8,2.0,0.8,1.7073108215399997,1.2624837966399998,676.4,429.2,583.4,335.2,118.8,167.6,157.4,88.6,1317.6,745.8,242.6,316.2,1.6,2.4,0.0,0.0,0.5888775216164049,0.411122478383595,31,2018-04-14 16:15:00,3.1979166666666665,2.6,2.0,0.8,15.6,1.7073108215399997,2.333333333333333,2.333333333333333,1.3333333333333333,0.8,0.0,0.0514364111399998,0.1282051199868513,0.6117945001702293,1.32,0.638557719958051,0.8,0.4,0.0,1.2,-1.6,-5.6,9.2,0.0,1.2,-0.0343078095399997,2.0354974733600004,-251.4,345.8,-252.4,335.8,60.2,-39.6,-118.4,122.4,-642.5999999999999,491.2000000000001,85.4,-47.19999999999999,4.4,0.6000000000000001,0.0,0.0,-0.2064323805505742,0.2064323805505742,0,celtavigo,barcelona,4.75,4.33,1.64,0.20026678925059294,0.21969220529799457,0.5800410054514125,True,-1.6,0.0,1.2,-5.6,-0.03430780953999979,2.0354974733600004,-251.39999999999998,-252.39999999999998,60.2,-118.4,-0.20643238055057422,-642.5999999999999,85.4,4.4,0.0,-1.333333333333333,-0.33333333333333304,0.6666666666666667,133.13541666666669,-30,0.07179486001315069,-0.2576278337987016,0.6688888888888889,-0.2855242473393447
9912,11,1,2018-04-29,2018-04-29 20:45:00,219,RC Deportivo La Coruña,217,Barcelona,2,4,Regular Season,Estadio Abanca-Riazor,Ricardo De Burgos Bengoetxea,A,-2,2017/2018,0.0,4.0,0.0,10.0,23.0,0.0,4.0,0.310851873,6.151456335000001,451.0,687.0,351.0,607.0,181.0,114.0,79.0,123.0,698.0,866.0,304.0,235.0,1.0,0.0,0.0,0.0,0.41668748438671,0.58331251561329,1,2017-12-17 20:45:00,133.0,0.0,0.0,4.0,10.0,0.310851873,0.0,0.0,4.0,,,,0.0,0.396309314238744,2.011111111111111,0.4462915598169491,,,2.2,1.2,2.2,15.0,15.4,2.2,1.2,1.9154422786,1.70562755578,655.8,433.2,561.4,339.6,134.8,178.2,153.0,96.8,1228.4,731.6,255.4,316.2,1.2,2.6,0.2,0.0,0.5798937497684739,0.4201062502315261,32,2018-04-17 21:00:00,11.989583333333334,2.2,2.2,1.2,15.0,1.9154422786,2.333333333333333,2.333333333333333,1.3333333333333333,0.0,0.2000000000000001,0.2073010768599998,0.1466666568888895,0.6022038561963232,1.497777777777778,0.6267346935577884,0.8,0.2,-2.2,2.8,-2.2,-5.0,7.6,-2.2,2.8,-1.6045904056,4.445828779220001,-204.79999999999995,253.8,-210.4,267.4,46.19999999999999,-64.19999999999999,-74.0,26.200000000000003,-530.4000000000001,134.39999999999998,48.6,-81.19999999999999,-0.1999999999999999,-2.6,-0.2,0.0,-0.1632062653817638,0.1632062653817638,0,deportivo,barcelona,12.0,6.0,1.25,0.07936507936507936,0.15873015873015872,0.7619047619047619,True,-2.2,-2.2,2.8,-5.0,-1.6045904056,4.445828779220001,-204.79999999999995,-210.39999999999998,46.19999999999999,-74.0,-0.16320626538176386,-530.4000000000001,48.599999999999994,-0.19999999999999996,-0.2,-2.333333333333333,-2.333333333333333,2.666666666666667,121.01041666666667,-31,-0.1466666568888895,-0.20589454195757922,0.513333333333333,-0.1804431337408393
9924,11,1,2018-05-06,2018-05-06 20:45:00,217,Barcelona,220,Real Madrid,2,2,Regular Season,Spotify Camp Nou,Alejandro José Hernández Hernández,D,0,2017/2018,2.6,1.6,2.2,15.8,16.8,2.6,1.6,2.2492177444,2.02681494278,677.2,434.2,584.4,346.4,133.8,168.2,175.8,105.0,1318.6,764.6,244.8,305.8,1.0,2.4,0.2,0.0,0.5827770828115637,0.4172229171884363,33,2018-04-29 20:45:00,7.0,2.2,2.6,1.6,15.8,2.2492177444,2.333333333333333,2.6666666666666665,1.6666666666666667,-0.3999999999999999,0.2000000000000001,0.42628591186,0.1645569516103195,0.6093215758418916,1.4866666666666668,0.6329685096807948,1.0,0.2,0.0,3.0,0.0,13.0,18.0,0.0,3.0,0.9102945754,3.343821991,495.0,597.0,405.0,525.0,295.0,224.0,110.0,107.0,632.0,924.0,381.0,332.0,2.0,2.0,1.0,0.0,0.467934650085345,0.5320653499146549,1,2017-12-23 13:00:00,134.32291666666666,0.0,0.0,3.0,13.0,0.9102945754,0.0,0.0,3.0,,,,0.0,0.4532967028815964,3.2777777777777777,0.4061696655487341,,,2.6,-1.4,2.2,2.8000000000000007,-1.1999999999999993,2.6,-1.4,1.338923169,-1.3170070482200005,182.20000000000005,-162.8,179.39999999999998,-178.60000000000002,-161.2,-55.80000000000001,65.80000000000001,-2.0,686.5999999999999,-159.39999999999998,-136.2,-26.19999999999999,-1.0,0.3999999999999999,-0.8,0.0,0.1148424327262186,-0.1148424327262185,0,barcelona,realmadrid,1.66,4.33,4.5,0.5706913317009736,0.21878697704933397,0.21052169124969247,True,2.2,2.6,-1.4,2.8000000000000007,1.338923169,-1.3170070482199998,182.20000000000005,179.39999999999998,-161.2,65.80000000000001,0.11484243272621869,686.5999999999999,-136.2,-1.0,-0.8,2.333333333333333,2.6666666666666665,-1.3333333333333333,-127.32291666666666,32,0.1645569516103195,0.1560248729602952,-1.7911111111111109,0.22679884413206064
9928,11,1,2018-05-09,2018-05-09 20:00:00,217,Barcelona,222,Villarreal,5,1,Regular Season,Spotify Camp Nou,,H,4,2017/2018,2.6,1.6,2.2,14.0,16.0,2.6,1.6,2.0415219432,1.85834636412,663.8,461.4,573.4,378.2,124.0,170.4,161.0,109.6,1261.4,768.0,230.4,300.0,1.6,3.0,0.4,0.0,0.563937900092883,0.436062099907117,34,2018-05-06 20:45:00,2.96875,2.2,2.6,1.6,14.0,2.0415219432,1.6666666666666667,2.6666666666666665,2.0,0.0,0.2000000000000001,0.3701961370600002,0.1857142724489805,0.589939565775027,1.3777777777777778,0.6215630232474805,0.8,0.2,0.0,2.0,0.0,9.0,16.0,0.0,2.0,0.566564353,3.222045162,382.0,809.0,298.0,719.0,199.0,215.0,41.0,212.0,987.0,1644.0,308.0,306.0,2.0,1.0,1.0,0.0,0.3521875755378293,0.6478124244621707,1,2017-12-10 20:45:00,149.96875,0.0,0.0,2.0,9.0,0.566564353,0.0,0.0,2.0,,,,0.0,0.3207388746257439,2.2111111111111112,0.375142531214313,,,2.6,-0.3999999999999999,2.2,5.0,0.0,2.6,-0.3999999999999999,1.4749575902000005,-1.3636987978800004,281.79999999999995,-347.6,275.4,-340.8,-75.0,-44.6,120.0,-102.4,274.4000000000001,-876.0,-77.6,-6.0,-0.3999999999999999,2.0,-0.6,0.0,0.2117503245550536,-0.2117503245550537,0,barcelona,villareal,1.28,5.75,10.0,0.7404069018799897,0.16482101467937163,0.09477208344063869,True,2.2,2.6,-0.3999999999999999,5.0,1.4749575901999998,-1.3636987978800001,281.79999999999995,275.4,-75.0,120.0,0.21175032455505371,274.4000000000001,-77.6,-0.3999999999999999,-0.6,1.6666666666666667,2.6666666666666665,0.0,-147.0,33,0.1857142724489805,0.26920069114928313,-0.8333333333333335,0.24642049203316746
9948,11,1,2018-05-20,2018-05-20 20:45:00,217,Barcelona,210,Real Sociedad,1,0,Regular Season,Spotify Camp Nou,José Luis Munuera Montero,H,1,2017/2018,3.0,1.6,2.2,14.2,17.8,3.0,1.6,2.1763699062,1.97815832292,648.4,495.8,561.4,416.6,133.8,176.4,164.8,116.6,1119.6,758.0,231.6,292.0,1.2,2.8,0.4,0.0,0.5462091399051433,0.4537908600948568,35,2018-05-09 20:00:00,11.03125,2.2,3.0,1.6,14.2,2.1763699062,2.333333333333333,3.6666666666666665,1.6666666666666667,0.0,1.2,0.5864115784599999,0.2112675907558034,0.5666841456330325,1.4866666666666668,0.5962931398613692,0.8,0.2,2.0,4.0,0.0,13.0,11.0,2.0,4.0,0.8557110539999999,1.156127867,501.0,500.0,410.0,424.0,241.0,233.0,133.0,89.0,1033.0,1165.0,337.0,321.0,2.0,2.0,0.0,0.0,0.5010840108401085,0.4989159891598916,1,2018-01-14 20:45:00,126.0,0.0,2.0,4.0,13.0,0.8557110539999999,0.0,2.0,4.0,,,,0.1538461420118352,0.500499499999501,2.6777777777777776,0.4699727022429605,,,1.0,-2.4,2.2,1.1999999999999993,6.800000000000001,1.0,-2.4,1.3206588522000002,0.8220304559199998,147.39999999999998,-4.199999999999989,151.39999999999998,-7.399999999999977,-107.2,-56.6,31.80000000000001,27.599999999999994,86.59999999999991,-407.0,-105.4,-29.0,-0.8,0.7999999999999998,0.4,0.0,0.0451251290650348,-0.0451251290650348,0,barcelona,realsociedad,1.22,7.0,11.0,0.7780921584478578,0.13561034761519808,0.08629749393694423,True,2.2,1.0,-2.4,1.1999999999999993,1.3206588522000002,0.82203045592,147.39999999999998,151.39999999999998,-107.19999999999999,31.80000000000001,0.04512512906503485,86.59999999999991,-105.4,-0.8,0.4,2.333333333333333,1.6666666666666665,-2.333333333333333,-114.96875,34,0.057421448743968206,0.06618464563353144,-1.1911111111111108,0.12632043761840872
15946,11,4,2018-08-18,2018-08-18 22:15:00,217,Barcelona,206,Deportivo Alavés,3,0,Regular Season,Spotify Camp Nou,José María Sánchez Martínez,H,3,2018/2019,2.8,1.4,2.2,14.2,17.0,2.8,1.4,2.1036330176,1.671476413,632.4,488.2,548.2,409.2,127.6,170.2,157.2,112.0,1106.6,739.0,226.8,282.4,1.4,2.8,0.4,0.0,0.5457982679047337,0.4542017320952664,36,2018-05-20 20:45:00,90.0625,2.2,2.8,1.4,14.2,2.1036330176,2.333333333333333,2.6666666666666665,1.0,-0.3999999999999999,0.7999999999999998,0.3963221960600003,0.1971830847054165,0.5643405313543275,1.4177777777777778,0.5995882094713978,0.8,0.2,0.5,2.0,0.0,9.0,20.5,0.5,2.0,0.7181529167,2.2257928921500003,267.0,776.0,176.5,681.5,215.5,82.5,27.5,252.5,557.5,1530.0,370.5,193.5,2.0,1.5,0.0,0.0,0.3164821334576708,0.6835178665423292,2,2018-01-28 20:45:00,202.0625,0.0,0.5,2.0,9.0,0.7181529167,0.0,0.5,2.0,,,,0.0555555493827167,0.2559923295723946,2.3944444444444444,0.2670658681355373,,0.0,2.3,-0.6000000000000001,2.2,5.199999999999999,-3.5,2.3,-0.6000000000000001,1.3854801009,-0.5543164791500004,365.4,-287.8,371.7000000000001,-272.3,-87.9,87.69999999999999,129.7,-140.5,549.0999999999999,-791.0,-143.7,88.89999999999998,-0.6000000000000001,1.2999999999999998,0.4,0.0,0.2293161344470629,-0.2293161344470627,1,barcelona,alaves,1.11,10.0,21.0,0.8592119798698906,0.09537252976555788,0.045415490364551364,True,2.2,2.3,-0.6000000000000001,5.199999999999999,1.3854801009,-0.5543164791500004,365.4,371.70000000000005,-87.9,129.7,0.22931613444706295,549.0999999999999,-143.7,-0.6000000000000001,0.4,2.333333333333333,2.1666666666666665,-1.0,-112.0,34,0.1416275353226998,0.3083482017819329,-0.9766666666666666,0.3325223413358605
15978,11,4,2018-09-15,2018-09-15 16:15:00,210,Real Sociedad,217,Barcelona,1,2,Regular Season,Reale Arena,Carlos del Cerro Grande,A,-1,2018/2019,1.0,2.5,0.0,13.0,11.5,1.0,2.5,0.7706262875,1.2121141135000002,451.5,571.0,369.5,497.5,193.0,162.0,102.5,132.5,878.0,1147.0,297.0,265.0,2.0,2.5,0.0,0.0,0.4559015897788182,0.5440984102211818,2,2018-05-20 20:45:00,117.8125,0.0,1.0,2.5,13.0,0.7706262875,0.0,1.0,2.5,,,,0.0769230710059176,0.4415647917441909,2.1444444444444444,0.4335802466994665,0.0,,3.6,0.6,3.0,18.2,10.0,3.4,0.6,2.4221906748,0.7670781566,710.8,373.2,627.8,292.4,97.2,146.8,191.6,57.4,1246.6,675.0,194.4,264.6,1.0,2.0,0.0,0.0,0.623731303396253,0.3762686966037469,39,2018-09-02 18:30:00,12.90625,3.0,3.6,0.6,18.2,2.4221906748,3.0,4.0,0.6666666666666666,0.7999999999999998,1.0,0.3806687315999997,0.1868131765487265,0.6557195565906645,1.08,0.6487302244750571,0.8,0.4,-2.6,1.9,-3.0,-5.199999999999999,1.5,-2.4,1.9,-1.6515643873,0.4450359569000002,-259.29999999999995,197.8,-258.29999999999995,205.1,95.8,15.199999999999989,-89.1,75.1,-368.5999999999999,472.0,102.6,0.3999999999999772,1.0,0.5,0.0,0.0,-0.1678297136174348,0.1678297136174348,1,realsociedad,barcelona,7.0,5.25,1.4,0.13636363636363635,0.1818181818181818,0.6818181818181818,True,-3.0,-2.6,1.9,-5.199999999999999,-1.6515643873,0.4450359569000002,-259.29999999999995,-258.29999999999995,95.8,-89.1,-0.16782971361743487,-368.5999999999999,102.6,1.0,0.0,-3.0,-3.0,1.8333333333333335,104.90625,-37,-0.10989010554280891,-0.2141547648464736,1.0644444444444443,-0.21514997777559064
15986,11,4,2018-09-23,2018-09-23 20:45:00,217,Barcelona,211,Girona,2,2,Regular Season,Spotify Camp Nou,Jesús Gil Manzano,D,0,2018/2019,3.0,0.6,3.0,18.0,7.6,2.8,0.6,2.1195963802,0.6990013828,734.2,343.4,646.6,259.6,88.2,134.2,187.0,48.4,1327.8,661.2,193.8,261.2,1.2,1.6,0.0,0.0,0.6431418143932929,0.3568581856067072,40,2018-09-15 16:15:00,8.1875,3.0,3.0,0.6,18.0,2.1195963802,3.0,3.6666666666666665,1.0,0.7999999999999998,0.0,-0.0567735260000001,0.1555555469135807,0.6813288783580839,0.98,0.6675716437066004,0.8,0.4,0.5,4.5,0.0,12.0,15.5,0.5,3.5,0.92577239985,1.8131114985,384.5,613.5,291.5,523.5,202.5,139.5,59.0,101.0,825.5,1196.5,317.5,251.5,2.0,0.5,0.0,0.0,0.4172709784574703,0.5827290215425298,2,2018-02-24 20:45:00,211.0,0.0,0.5,4.5,12.0,0.92577239985,0.0,0.5,4.5,,,,0.0416666631944447,0.3852705406961217,2.25,0.4082591491551636,,0.0,2.5,-3.9,3.0,6.0,-7.9,2.3,-2.9,1.19382398035,-1.1141101157,349.70000000000005,-270.1,355.1,-263.9,-114.3,-5.300000000000011,128.0,-52.6,502.3,-535.3,-123.7,9.699999999999989,-0.8,1.1,0.0,0.0,0.2258708359358225,-0.2258708359358226,1,barcelona,girona,1.08,11.0,21.0,0.8698599186624492,0.08540442837776775,0.0447356529597831,True,3.0,2.5,-3.9,6.0,1.19382398035,-1.1141101157,349.70000000000005,355.1,-114.3,128.0,0.22587083593582258,502.29999999999995,-123.69999999999999,-0.8,0.0,3.0,3.1666666666666665,-3.5,-202.8125,38,0.113888883719136,0.29605833766196216,-1.27,0.2593124945514368
15998,11,4,2018-09-26,2018-09-26 20:00:00,205,Leganés,217,Barcelona,2,1,Regular Season,Estadio Municipal de Butarque,Alberto Undiano Mallenco,H,1,2018/2019,0.5,3.0,0.0,14.5,11.5,0.5,3.0,0.96947953275,2.0008124175,330.5,698.0,233.0,601.0,187.5,114.0,63.0,117.0,710.0,1481.5,336.0,245.0,2.5,2.0,0.0,0.0,0.3636033676305429,0.6363966323694572,2,2018-04-07 20:45:00,171.96875,0.0,0.5,3.0,14.5,0.96947953275,0.0,0.5,3.0,,,,0.0344827562425685,0.3213417595319963,2.083333333333333,0.3239790096627976,0.0,,3.2,1.0,2.6,19.8,6.4,3.0,1.0,2.166473353,0.7757335416,758.8,338.2,671.6,253.6,92.8,146.6,187.2,40.8,1315.2,649.6,190.6,273.8,1.2,2.2,0.2,0.0,0.6510656992876936,0.3489343007123064,41,2018-09-23 20:45:00,2.96875,2.6,3.2,1.0,19.8,2.166473353,2.333333333333333,4.0,1.6666666666666667,0.3999999999999999,0.4000000000000003,0.0628403353999997,0.1515151438628715,0.691704648412302,1.031111111111111,0.6693811071511699,0.8,0.6,-2.7,2.0,-2.6,-5.300000000000001,5.1,-2.5,2.0,-1.1969938202499997,1.2250788758999998,-428.3,359.8,-438.6,347.4,94.7,-32.599999999999994,-124.2,76.2,-605.2,831.9,145.4,-28.80000000000001,1.3,-0.2000000000000001,-0.2,0.0,-0.2874623316571507,0.2874623316571507,1,leganes,barcelona,12.0,6.0,1.25,0.07936507936507936,0.15873015873015872,0.7619047619047619,True,-2.6,-2.7,2.0,-5.300000000000001,-1.1969938202500003,1.2250788759000002,-428.29999999999995,-438.6,94.7,-124.19999999999999,-0.28746233165715074,-605.2,145.4,1.3,-0.2,-2.333333333333333,-3.5,1.3333333333333333,169.0,-39,-0.11703238762030299,-0.37036288888030566,1.052222222222222,-0.34540209748837236
16010,11,4,2018-09-29,2018-09-29 16:15:00,217,Barcelona,215,Athletic Club,1,1,Regular Season,Spotify Camp Nou,,D,0,2018/2019,2.8,1.4,2.0,16.6,7.6,2.6,1.4,1.7449039603999998,0.9314939112,746.4,342.4,659.2,257.6,99.8,166.6,177.2,50.2,1283.8,694.8,196.4,286.0,1.6,2.6,0.2,0.0,0.6425477056217528,0.3574522943782472,42,2018-09-26 20:00:00,2.84375,2.0,2.8,1.4,16.6,1.7449039603999998,1.3333333333333333,1.6666666666666667,1.6666666666666667,-0.6000000000000001,-0.2000000000000001,-0.4648596662000002,0.1566264965887652,0.6855253483784668,1.1088888888888888,0.6488426156631746,0.8,0.6,0.0,2.0,0.0,13.5,17.0,0.0,2.0,0.9727396225,2.0914351635,421.0,614.5,312.0,512.0,208.5,115.0,81.0,95.0,741.0,1164.0,347.0,246.0,1.5,3.0,0.0,0.0,0.4329168440477646,0.5670831559522354,2,2018-03-18 16:15:00,195.0,0.0,0.0,2.0,13.5,0.9727396225,0.0,0.0,2.0,,,,0.0,0.4065668755127311,2.316666666666667,0.3889763777485688,,0.0,2.8,-0.6000000000000001,2.0,3.1000000000000014,-9.4,2.6,-0.6000000000000001,0.7721643378999998,-1.1599412523,325.4,-272.1,347.20000000000005,-254.4,-108.7,51.6,96.2,-44.8,542.8,-469.2000000000001,-150.6,40.0,0.1,-0.3999999999999999,0.2,0.0,0.2096308615739881,-0.209630861573988,1,barcelona,athleticclub,1.16,7.5,17.0,0.8177270395074399,0.12647511544381734,0.055797845048742946,True,2.0,2.8,-0.6000000000000001,3.1000000000000014,0.7721643378999998,-1.1599412523,325.4,347.20000000000005,-108.7,96.19999999999999,0.2096308615739882,542.8,-150.6,0.10000000000000009,0.2,1.3333333333333333,1.6666666666666667,-0.33333333333333326,-192.15625,40,0.1566264965887652,0.2789584728657357,-1.207777777777778,0.2598662379146058
16023,11,4,2018-10-07,2018-10-07 20:45:00,207,Valencia,217,Barcelona,1,1,Regular Season,Estadio de Mestalla,José Luis González González,D,0,2018/2019,1.0,1.5,0.5,13.0,12.0,1.0,1.5,1.6596247078,1.27257223885,398.0,760.0,317.5,660.5,196.0,123.5,80.5,209.0,746.5,1390.0,333.5,241.5,3.0,1.0,0.0,0.0,0.3844923243977201,0.6155076756022799,2,2018-04-14 16:15:00,176.1875,0.5,1.0,1.5,13.0,1.6596247078,0.5,1.0,1.5,,,,0.0769230710059176,0.34369602733705,2.1777777777777776,0.3494032294175506,0.0,,2.8,1.6,1.6,18.4,7.8,2.6,1.6,2.1439083054,0.9608993652,759.2,327.8,671.6,240.4,104.8,179.0,180.6,44.0,1321.0,676.4,212.6,304.8,2.0,3.0,0.2,0.0,0.6555760874680502,0.3444239125319498,43,2018-09-29 16:15:00,8.1875,1.6,2.8,1.6,18.4,2.1439083054,0.6666666666666666,1.3333333333333333,1.6666666666666667,-1.0,0.3999999999999999,0.4217179673999995,0.1413043401465032,0.6984360619149622,1.1644444444444444,0.6613597673668971,0.8,0.6,-1.7999999999999998,-0.1,-1.1,-5.399999999999999,4.2,-1.6,-0.1,-0.4842835975999997,0.3116728736499999,-361.2000000000001,432.2,-354.1,420.1,91.2,-55.5,-100.1,165.0,-574.5,713.6,120.9,-63.30000000000001,1.0,-2.0,-0.2,0.0,-0.2710837630703301,0.27108376307033,1,valencia,barcelona,4.75,4.2,1.64,0.1989141735012129,0.22496245812637172,0.5761233683724154,True,-1.1,-1.7999999999999998,-0.10000000000000009,-5.399999999999999,-0.48428359760000017,0.31167287365000007,-361.20000000000005,-354.1,91.2,-100.1,-0.2710837630703301,-574.5,120.9,1.0,-0.2,-0.16666666666666663,-0.33333333333333326,-0.16666666666666674,168.0,-41,-0.0643812691405856,-0.3547400345779122,1.0133333333333332,-0.31195653794934647
16029,11,4,2018-10-20,2018-10-20 20:45:00,217,Barcelona,213,Sevilla,4,2,Regular Season,Spotify Camp Nou,,H,2,2018/2019,1.4,1.4,1.2,14.4,8.4,1.4,1.4,1.3205837793,0.9832146858,826.0,329.8,731.4,241.0,106.2,193.0,212.8,44.8,1390.8,605.6,213.2,322.2,2.2,3.0,0.2,0.0,0.6688520665321842,0.3311479334678158,44,2018-10-07 20:45:00,13.0,1.2,1.4,1.4,14.4,1.3205837793,0.6666666666666666,1.0,1.3333333333333333,-1.8,-2.2,-1.1016068955,0.0972222154706794,0.7146565143496656,1.18,0.6966539768099308,0.6,0.6,1.5,2.0,0.5,14.5,19.0,1.5,2.0,1.5439374176499998,1.9623657260000005,506.5,631.5,419.0,540.0,163.0,125.0,103.5,176.0,820.0,1148.0,294.0,249.0,1.0,0.5,0.0,0.0,0.4547175858997948,0.5452824141002052,2,2018-03-31 20:45:00,203.0,0.5,1.5,2.0,14.5,1.5439374176499998,0.5,1.5,2.0,,,,0.1034482687277056,0.4450790857248865,1.8111111111111111,0.4166666664549457,,0.0,-0.1,-0.6000000000000001,0.7,-0.0999999999999996,-10.6,-0.1,-0.6000000000000001,-0.2233536383499998,-0.9791510402000004,319.5,-301.7,312.4,-299.0,-56.8,68.0,109.3,-131.2,570.8,-542.4,-80.80000000000001,73.19999999999999,1.2000000000000002,2.5,0.2,0.0,0.2141344806323893,-0.2141344806323893,1,barcelona,sevilla,1.33,6.0,7.5,0.7147962830593281,0.1584465094114844,0.1267572075291875,True,0.7,-0.10000000000000009,-0.6000000000000001,-0.09999999999999964,-0.22335363834999988,-0.9791510402000004,319.5,312.4,-56.8,109.30000000000001,0.21413448063238943,570.8,-80.80000000000001,1.2000000000000002,0.2,0.16666666666666663,-0.5,-0.6666666666666667,-190.0,42,-0.006226053257026201,0.26957742862477907,-0.6311111111111112,0.2799873103549851
16056,11,4,2018-11-11,2018-11-11 16:15:00,217,Barcelona,218,Real Betis,3,4,Regular Season,Spotify Camp Nou,Antonio Miguel Mateu Lahoz,A,-1,2018/2019,1.8,1.6,1.2,16.6,10.6,1.8,1.4,1.52043478956,1.1381268976,773.4,348.0,684.8,258.6,114.0,196.0,201.0,57.4,1392.2,681.6,217.2,321.4,2.0,3.0,0.2,0.0,0.6445166468997652,0.3554833531002349,45,2018-10-20 20:45:00,21.8125,1.2,1.8,1.6,16.6,1.52043478956,1.6666666666666667,2.0,1.3333333333333333,-1.8,-1.2,-0.5991615906400001,0.1084337284076067,0.6896736216428805,1.2666666666666666,0.6713279965901592,0.6,0.6,0.0,3.5,0.0,5.0,14.5,0.0,3.0,0.269661599,1.691171803,483.5,628.0,399.0,539.0,268.0,158.0,88.0,157.5,934.0,1044.0,377.0,257.0,1.5,2.0,0.0,0.0,0.4621148281978778,0.5378851718021221,2,2018-01-21 20:45:00,293.8125,0.0,0.0,3.5,5.0,0.269661599,0.0,0.0,3.5,,,,0.0,0.4349977503958634,2.977777777777778,0.4721941352516713,,0.0,1.8,-1.9,1.2,11.6,-3.9,1.8,-1.6,1.25077319056,-0.5530449054,289.9,-280.0,285.79999999999995,-280.4,-154.0,38.0,113.0,-100.1,458.2000000000001,-362.4,-159.8,64.39999999999998,0.5,1.0,0.2,0.0,0.1824018187018873,-0.1824018187018872,1,barcelona,betis,1.18,7.0,13.0,0.794066317626527,0.1338568935427574,0.07207678883071553,True,1.2,1.8,-1.9,11.600000000000001,1.2507731905600001,-0.5530449054,289.9,285.79999999999995,-154.0,113.0,0.18240181870188737,458.20000000000005,-159.8,0.5,0.2,1.6666666666666667,2.0,-2.166666666666667,-272.0,43,0.1084337284076067,0.25467587124701707,-1.7111111111111112,0.19913386133848787
16073,11,4,2018-11-24,2018-11-24 20:45:00,212,Atlético Madrid,217,Barcelona,1,1,Regular Season,Estádio Cívitas Metropolitano,Jesús Gil Manzano,D,0,2018/2019,0.5,1.0,0.5,5.0,16.0,0.5,1.0,0.29636912765,1.20130396135,418.5,706.5,318.5,606.0,173.0,108.5,76.5,193.0,684.0,1304.5,339.5,225.5,2.5,2.0,0.0,0.0,0.4075736005848916,0.5924263994151083,2,2018-03-04 16:15:00,265.1875,0.5,0.5,1.0,5.0,0.29636912765,0.5,0.5,1.0,,,,0.099999980000004,0.3719999996693333,1.9222222222222225,0.3439778725954348,0.0,,2.0,2.0,1.0,16.4,12.2,2.0,1.8,2.05447801856,1.3286032098000002,727.8,362.4,636.0,274.0,123.4,176.0,189.0,63.6,1387.6,706.2,232.8,306.0,2.0,2.6,0.2,0.0,0.6262336441550093,0.3737663558449907,46,2018-11-11 16:15:00,13.1875,1.0,2.0,2.0,16.4,2.05447801856,1.3333333333333333,2.6666666666666665,2.333333333333333,-1.6,-1.2000000000000002,-0.1119953344399999,0.1219512120761456,0.6675839289418602,1.3711111111111112,0.6627185019282077,0.6,0.6,-1.5,-1.0,-0.5,-11.4,3.8000000000000007,-1.5,-0.8,-1.7581088909099998,-0.1272992484500001,-309.29999999999995,344.1,-317.5,332.0,49.6,-67.5,-112.5,129.4,-703.5999999999999,598.3,106.7,-80.5,0.5,-0.6000000000000001,-0.2,0.0,-0.2186600435701176,0.2186600435701176,1,atleticomadrid,barcelona,3.0,3.3,2.37,0.31496919173613624,0.286335628851033,0.39869517941283067,True,-0.5,-1.5,-1.0,-11.399999999999999,-1.7581088909099998,-0.12729924845000018,-309.29999999999995,-317.5,49.599999999999994,-112.5,-0.21866004357011765,-703.5999999999999,106.69999999999999,0.5,-0.2,-0.8333333333333333,-2.1666666666666665,-1.333333333333333,252.0,-44,-0.021951232076141594,-0.29558392927252697,0.5511111111111113,-0.3187406293327729
16079,11,4,2018-12-02,2018-12-02 18:30:00,217,Barcelona,222,Villarreal,2,0,Regular Season,Spotify Camp Nou,José Luis Munuera Montero,H,2,2018/2019,2.0,1.8,1.2,16.0,11.0,2.0,1.6,2.0033582095599995,1.1428148984,708.4,379.8,620.4,291.4,139.2,174.0,179.8,70.2,1354.6,692.2,253.2,310.2,2.2,2.8,0.2,0.0,0.6146576053913914,0.3853423946086086,47,2018-11-24 20:45:00,7.90625,1.2,2.0,1.8,16.0,2.0033582095599995,1.3333333333333333,2.6666666666666665,2.333333333333333,-0.8,-0.7999999999999998,0.2584542491599997,0.1249999921875004,0.6509832745350272,1.5466666666666666,0.6618135623110154,0.4,0.6,0.5,3.5,0.0,14.5,14.5,0.5,3.5,0.9106801285,3.0665909310000004,448.0,737.5,369.0,653.0,201.5,186.0,65.0,193.0,801.0,1274.5,300.5,272.5,2.5,0.5,0.5,0.0,0.3995240345316804,0.6004759654683196,2,2018-05-09 20:00:00,206.9375,0.0,0.5,3.5,14.5,0.9106801285,0.0,0.5,3.5,,,,0.0344827562425685,0.3778996200945595,2.238888888888889,0.3859311007535865,,0.0,1.5,-1.7,1.2,1.5,-3.5,1.5,-1.9,1.0926780810599996,-1.9237760326000004,260.4,-357.7,251.4,-361.6,-62.30000000000001,-12.0,114.8,-122.8,553.5999999999999,-582.3,-47.30000000000001,37.69999999999999,-0.2999999999999998,2.3,-0.3,0.0,0.2151335708597109,-0.2151335708597109,1,barcelona,villareal,1.25,6.5,11.0,0.7657295850066934,0.14725568942436412,0.08701472556894244,True,1.2,1.5,-1.7,1.5,1.0926780810599994,-1.9237760326000004,260.4,251.39999999999998,-62.30000000000001,114.80000000000001,0.21513357085971097,553.5999999999999,-47.30000000000001,-0.2999999999999998,-0.3,1.3333333333333333,2.1666666666666665,-1.166666666666667,-199.03125,45,0.09051723594493188,0.2730836544404677,-0.6922222222222223,0.2758824615574289
16086,11,4,2018-12-08,2018-12-08 20:45:00,214,Espanyol,217,Barcelona,0,4,Regular Season,Stage Front Stadium,,A,-4,2018/2019,0.5,3.0,0.5,8.0,16.5,0.5,3.0,0.5169885265,1.96104401,253.5,709.5,155.5,610.5,195.0,132.0,55.5,143.5,733.5,1632.5,340.0,242.5,5.0,2.0,0.0,0.0,0.3221062504099055,0.6778937495900945,2,2018-02-04 16:15:00,307.1875,0.5,0.5,3.0,8.0,0.5169885265,0.5,0.5,3.0,,,,0.0624999921875009,0.2632398751160541,2.1666666666666665,0.3100169060397224,0.0,,2.2,1.6,1.6,15.0,11.8,2.2,1.4,1.66947893736,1.2252745398000002,714.2,407.6,632.0,328.2,140.4,165.0,187.8,77.2,1353.6,772.4,245.0,289.4,2.0,3.0,0.2,0.0,0.6041296682519817,0.3958703317480183,48,2018-12-02 18:30:00,6.09375,1.6,2.2,1.6,15.0,1.66947893736,1.3333333333333333,2.0,1.6666666666666667,0.0,-0.5999999999999996,-0.4744293680399998,0.1466666568888895,0.6366553747221826,1.56,0.6366886168218774,0.4,0.4,-1.7000000000000002,1.4,-1.1,-7.0,4.699999999999999,-1.7000000000000002,1.6,-1.1524904108599998,0.7357694701999995,-460.7000000000001,301.9,-476.5,282.3,54.6,-33.0,-132.3,66.3,-620.0999999999999,860.1,95.0,-46.89999999999998,3.0,-1.0,-0.2,0.0,-0.2820234178420762,0.2820234178420762,1,espanyol,barcelona,6.5,4.33,1.5,0.14631673800405498,0.2196440639783735,0.6340391980175715,True,-1.1,-1.7000000000000002,1.4,-7.0,-1.15249041086,0.7357694701999997,-460.70000000000005,-476.5,54.599999999999994,-132.3,-0.2820234178420762,-620.0999999999999,95.0,3.0,-0.2,-0.8333333333333333,-1.5,1.3333333333333333,301.09375,-46,-0.08416666470138859,-0.37341549960612846,0.6066666666666665,-0.326671710782155
16095,11,4,2018-12-16,2018-12-16 20:45:00,221,Levante UD,217,Barcelona,0,5,Regular Season,Estadio Ciudad de Valencia,José Luis González González,A,-5,2018/2019,0.0,3.0,0.0,9.0,16.0,0.0,3.0,0.6839044459999999,2.366960571,303.0,723.0,223.0,658.0,212.0,150.0,45.0,174.0,764.0,1699.0,333.0,260.0,4.0,0.0,0.0,0.0,0.3387053451517593,0.6612946548482407,1,2018-01-07 16:15:00,343.1875,0.0,0.0,3.0,9.0,0.6839044459999999,0.0,0.0,3.0,,,,0.0,0.2953216371390627,2.355555555555556,0.3101908240721921,,,2.8,1.4,2.0,16.4,12.8,2.8,1.2,2.05273326026,1.1949484242,630.6,439.0,552.0,358.6,151.6,153.6,135.6,93.0,1251.8,852.4,260.8,276.8,1.6,2.8,0.2,0.0,0.5699931407600549,0.4300068592399451,49,2018-12-08 20:45:00,8.0,2.0,2.8,1.4,16.4,2.05273326026,2.333333333333333,2.333333333333333,0.3333333333333333,0.8,1.4,0.7321494809599998,0.1707316969066038,0.5895661924181318,1.6844444444444444,0.5949054269580338,0.4,0.4,-2.8,1.6,-2.0,-7.399999999999999,3.1999999999999997,-2.8,1.8,-1.3688288142599998,1.1720121467999998,-327.6,284.0,-329.0,299.4,60.400000000000006,-3.5999999999999943,-90.6,81.0,-487.8,846.6,72.19999999999999,-16.80000000000001,2.4,-2.8,-0.2,0.0,-0.2312877956082956,0.2312877956082956,1,levanteud,barcelona,9.0,6.5,1.25,0.1043338683788122,0.14446227929373998,0.7512038523274479,True,-2.0,-2.8,1.6,-7.399999999999999,-1.3688288142600002,1.1720121468,-327.6,-329.0,60.400000000000006,-90.6,-0.2312877956082956,-487.79999999999995,72.19999999999999,2.4,-0.2,-2.333333333333333,-2.333333333333333,2.6666666666666665,335.1875,-48,-0.1707316969066038,-0.2942445552790691,0.6711111111111117,-0.2847146028858417
16109,11,4,2018-12-22,2018-12-22 18:30:00,217,Barcelona,209,Celta Vigo,2,0,Regular Season,Spotify Camp Nou,Eduardo Prieto Iglesias,H,2,2018/2019,3.0,1.0,2.0,15.0,13.0,3.0,1.0,2.16863268604,1.0901452242,637.8,433.0,560.8,353.4,148.0,144.4,132.0,91.8,1180.0,819.8,258.2,266.0,2.2,3.0,0.2,0.2,0.5764939395697348,0.4235060604302651,50,2018-12-16 20:45:00,5.90625,2.0,3.0,1.0,15.0,2.16863268604,3.0,3.6666666666666665,0.0,0.8,1.2,0.6481978964800001,0.1999999866666675,0.5956294353795017,1.6444444444444444,0.590059005605531,0.4,0.4,2.0,2.0,1.0,14.0,18.0,2.0,2.0,2.0418566585,2.7136262125000004,459.5,656.0,360.5,550.0,196.5,166.0,92.0,159.0,647.0,1008.0,332.0,287.5,4.5,1.5,0.0,0.5,0.4351644122130446,0.5648355877869554,2,2018-04-17 21:00:00,248.89583333333331,1.0,2.0,2.0,14.0,2.0418566585,1.0,2.0,2.0,,,,0.1428571326530619,0.4119229041578459,2.183333333333333,0.3909365556550232,,0.0,1.0,-1.0,1.0,1.0,-5.0,1.0,-1.0,0.12677602754,-1.6234809883000003,178.29999999999995,-223.0,200.29999999999995,-196.6,-48.5,-21.599999999999994,40.0,-67.2,533.0,-188.20000000000005,-73.80000000000001,-21.5,-2.3,1.5,0.2,-0.3,0.1413295273566902,-0.1413295273566903,1,barcelona,celtavigo,1.12,9.0,21.0,0.8490566037735848,0.10566037735849056,0.045283018867924525,True,1.0,1.0,-1.0,1.0,0.12677602754000006,-1.6234809883000003,178.29999999999995,200.29999999999995,-48.5,40.0,0.14132952735669024,533.0,-73.80000000000001,-2.3,0.2,2.0,1.6666666666666665,-2.0,-242.98958333333331,48,0.05714285401360558,0.18370653122165587,-0.5388888888888888,0.19912244995050782
16120,11,4,2019-01-06,2019-01-06 20:45:00,216,Getafe,217,Barcelona,1,2,Regular Season,Coliseum Alfonso Pérez,,A,-1,2018/2019,0.5,1.0,0.5,11.5,10.0,0.5,1.0,0.52458608505,0.7544935985000001,269.5,768.0,169.0,669.0,173.5,85.0,49.0,187.5,625.0,1546.5,312.0,197.5,2.5,3.0,0.0,0.0,0.3157760985482341,0.6842239014517659,2,2018-02-11 16:15:00,329.1875,0.5,0.5,1.0,11.5,0.52458608505,0.5,0.5,1.0,,,,0.0434782570888472,0.2597590358942081,1.9277777777777776,0.2878194794898367,0.0,,2.8,0.2,2.6,12.8,12.2,2.8,0.2,1.5609718848399998,0.8657499972,647.2,450.6,571.2,368.4,145.4,147.0,131.0,102.8,1210.8,844.4,254.8,264.8,1.6,2.6,0.0,0.2,0.5725065821012592,0.4274934178987407,51,2018-12-22 18:30:00,15.09375,2.6,2.8,0.2,12.8,1.5609718848399998,3.0,3.6666666666666665,0.0,1.6,0.7999999999999998,-0.4935061337199999,0.2187499829101575,0.5895427212702288,1.6155555555555556,0.5891397428040387,0.4,0.4,-2.3,0.8,-2.1,-1.3000000000000007,-2.1999999999999997,-2.3,0.8,-1.0363857997899997,-0.1112563986999999,-377.7000000000001,317.4,-402.2000000000001,300.6,28.099999999999994,-62.0,-82.0,84.7,-585.8,702.1,57.19999999999999,-67.30000000000001,0.8999999999999999,0.3999999999999999,0.0,-0.2,-0.2567304835530251,0.2567304835530252,1,getafe,barcelona,8.0,5.25,1.36,0.11896034655114963,0.18127290903032325,0.6997667444185273,True,-2.1,-2.3,0.8,-1.3000000000000007,-1.0363857997899997,-0.11125639869999993,-377.70000000000005,-402.20000000000005,28.099999999999994,-82.0,-0.2567304835530251,-585.8,57.19999999999999,0.8999999999999999,0.0,-2.5,-3.1666666666666665,1.0,314.09375,-49,-0.1752717258213103,-0.32978368537602065,0.31222222222222196,-0.301320263314202
16131,11,4,2019-01-13,2019-01-13 18:30:00,217,Barcelona,322,Eibar,3,0,Regular Season,Spotify Camp Nou,Jesús Gil Manzano,H,3,2018/2019,3.0,0.2,3.0,14.0,13.6,3.0,0.2,1.85124611144,1.1555232138,648.6,428.6,573.8,347.2,129.6,150.4,117.4,97.2,1221.2,841.2,234.4,265.6,1.6,2.4,0.0,0.2,0.581404482864618,0.418595517135382,52,2019-01-06 20:45:00,6.90625,3.0,3.0,0.2,14.0,1.85124611144,3.0,3.0,0.3333333333333333,1.8,1.0,-0.1521120981199999,0.2142856989795929,0.6021165980299696,1.44,0.5921256785336861,0.6,0.4,0.5,4.0,0.0,13.5,10.5,0.5,4.0,0.855436734,2.405767706,466.5,610.0,357.0,514.0,160.5,144.5,103.5,72.5,719.5,1109.0,288.5,278.5,2.0,0.5,0.5,0.0,0.4466093567597121,0.5533906432402877,2,2018-02-17 16:15:00,330.09375,0.0,0.5,4.0,13.5,0.855436734,0.0,0.5,4.0,,,,0.037037034293553,0.4333488152035775,1.7833333333333334,0.3934919330634444,,0.0,2.5,-3.8,3.0,0.5,3.1,2.5,-3.8,0.9958093774399996,-1.2502444921999998,182.1,-181.4,216.79999999999995,-166.8,-30.90000000000001,5.900000000000006,13.900000000000006,24.700000000000003,501.7000000000001,-267.79999999999995,-54.1,-12.899999999999975,-0.3999999999999999,1.9,-0.5,0.2,0.1347951261049058,-0.1347951261049057,1,barcelona,eibar,1.12,9.0,21.0,0.8490566037735848,0.10566037735849056,0.045283018867924525,True,3.0,2.5,-3.8,0.5,0.9958093774400001,-1.2502444921999998,182.10000000000002,216.79999999999995,-30.900000000000006,13.900000000000006,0.1347951261049059,501.70000000000005,-54.099999999999994,-0.3999999999999999,-0.5,3.0,2.5,-3.6666666666666665,-323.1875,50,0.1772486646860399,0.16876778282639215,-0.3433333333333335,0.19863374547024176
16136,11,4,2019-01-20,2019-01-20 20:45:00,217,Barcelona,205,Leganés,3,1,Regular Season,Spotify Camp Nou,Ricardo De Burgos Bengoetxea,H,2,2018/2019,3.2,0.2,3.0,12.4,14.4,3.2,0.2,1.86802731044,1.1690873792,635.2,435.4,555.0,344.6,126.8,155.4,91.4,106.4,1182.0,796.0,235.8,273.0,1.6,1.8,0.0,0.2,0.5744615027566315,0.4255384972433685,53,2019-01-13 18:30:00,7.09375,3.0,3.2,0.2,12.4,1.86802731044,3.0,2.333333333333333,0.3333333333333333,1.4,1.0,0.1985483730800001,0.2580644953173794,0.5933121608506332,1.4088888888888889,0.5975733060679609,0.8,0.4,1.0,2.333333333333333,1.0,12.666666666666666,10.666666666666666,1.0,2.333333333333333,1.0032901758333332,1.5179006906666668,309.3333333333333,750.3333333333334,216.66666666666663,653.3333333333334,205.66666666666663,111.0,61.66666666666666,150.66666666666666,716.0,1511.6666666666667,337.3333333333333,229.0,3.0,2.0,0.0,0.0,0.342900513814332,0.6570994861856679,3,2018-09-26 20:00:00,116.03125,1.0,1.0,2.333333333333333,12.666666666666666,1.0032901758333332,1.0,1.0,2.333333333333333,,,,0.0789473621883661,0.2919156964845085,2.285185185185185,0.3214125391344848,0.0,0.0,2.2,-2.1333333333333333,2.0,-0.2666666666666657,3.7333333333333343,2.2,-2.1333333333333333,0.8647371346066668,-0.3488133114666667,325.8666666666668,-314.9333333333334,338.33333333333337,-308.7333333333333,-78.86666666666666,44.400000000000006,29.73333333333334,-44.26666666666665,466.0,-715.6666666666667,-101.5333333333333,44.0,-1.4,-0.1999999999999999,0.0,0.2,0.2315609889422995,-0.2315609889422994,1,barcelona,leganes,1.12,9.0,21.0,0.8490566037735848,0.10566037735849056,0.045283018867924525,True,2.0,2.2,-2.133333333333333,-0.2666666666666657,0.8647371346066668,-0.3488133114666667,325.86666666666673,338.33333333333337,-78.86666666666663,29.73333333333335,0.23156098894229954,466.0,-101.5333333333333,-1.4,0.0,2.0,1.333333333333333,-1.9999999999999998,-108.9375,50,0.1791171331290133,0.3013964643661247,-0.8762962962962964,0.2761607669334761
16149,11,4,2019-01-27,2019-01-27 16:15:00,211,Girona,217,Barcelona,0,2,Regular Season,Estadi Municipal de Montilivi,Pablo González Fuertes,A,-2,2018/2019,1.0,3.6666666666666665,0.3333333333333333,10.333333333333334,17.333333333333332,1.0,3.0,0.9735823715666668,1.709569407,381.6666666666667,664.0,294.0,581.0,204.0,131.0,50.66666666666666,126.33333333333331,772.0,1153.0,318.3333333333333,232.0,3.0,1.3333333333333333,0.0,0.3333333333333333,0.4018805670534882,0.5981194329465117,3,2018-09-23 20:45:00,125.8125,0.3333333333333333,1.0,3.6666666666666665,10.333333333333334,0.9735823715666668,0.3333333333333333,1.0,3.6666666666666665,,,,0.0967741841831434,0.3649984057714391,2.2666666666666666,0.401038960830629,0.0,0.0,3.0,0.4,3.0,12.0,12.4,3.0,0.4,1.7544955290399995,1.0580694337399998,678.0,397.8,592.6,304.6,117.6,162.4,109.6,87.0,1216.2,736.8,222.6,281.8,2.2,2.2,0.0,0.2,0.603697788238368,0.3963022117616321,54,2019-01-20 20:45:00,6.8125,3.0,3.0,0.4,12.0,1.7544955290399995,3.0,2.6666666666666665,0.6666666666666666,1.0,0.2000000000000001,-0.2982377312199999,0.2499999791666684,0.6302286664526597,1.3066666666666666,0.6227342546734591,0.8,0.6,-2.0,3.2666666666666666,-2.6666666666666665,-1.666666666666666,4.933333333333332,-2.0,2.6,-0.780913157473333,0.6514999732600002,-296.3333333333333,266.2,-298.6,276.4,86.4,-31.40000000000001,-58.93333333333333,39.33333333333333,-444.2000000000001,416.2000000000001,95.73333333333332,-49.80000000000001,0.7999999999999998,-0.8666666666666669,0.0,0.1333333333333333,-0.2018172211848797,0.2018172211848796,1,girona,barcelona,10.0,5.25,1.33,0.09593652320269296,0.1827362346717961,0.7213272421255109,True,-2.6666666666666665,-2.0,3.2666666666666666,-1.666666666666666,-0.7809131574733327,0.6514999732600002,-296.3333333333333,-298.6,86.4,-58.93333333333334,-0.20181722118487977,-444.20000000000005,95.73333333333332,0.7999999999999998,0.0,-2.6666666666666665,-1.6666666666666665,3.0,119.0,-51,-0.153225794983525,-0.26523026068122063,0.96,-0.2216952938428301
16157,11,4,2019-02-02,2019-02-02 18:30:00,217,Barcelona,207,Valencia,2,2,Regular Season,Spotify Camp Nou,Alberto Undiano Mallenco,D,0,2018/2019,2.4,0.4,3.0,11.8,11.0,2.4,0.4,1.5404597414,1.06760590334,701.8,387.4,610.8,294.4,111.4,176.0,125.4,83.4,1275.8,731.6,214.0,301.6,2.2,2.6,0.0,0.2,0.610850594370046,0.389149405629954,55,2019-01-27 16:15:00,6.09375,3.0,2.4,0.4,11.8,1.5404597414,3.0,2.6666666666666665,0.3333333333333333,1.0,-0.6000000000000001,-0.6281729446400002,0.2033898132720497,0.6443261103155288,1.237777777777778,0.6355484703419604,0.8,0.6,1.0,1.3333333333333333,0.6666666666666666,12.0,11.333333333333334,1.0,1.3333333333333333,1.5651896275333332,0.9806971967333332,380.6666666666667,851.6666666666666,298.3333333333333,752.0,197.33333333333331,111.33333333333331,68.33333333333333,260.0,658.0,1499.3333333333333,331.0,219.33333333333331,2.6666666666666665,1.3333333333333333,0.0,0.0,0.3527093364295745,0.6472906635704255,3,2018-10-07 20:45:00,117.90625,0.6666666666666666,1.0,1.3333333333333333,12.0,1.5651896275333332,0.6666666666666666,1.0,1.3333333333333333,,,,0.0833333263888894,0.3088991071337037,2.1925925925925926,0.3050061803283346,0.0,0.0,1.4,-0.9333333333333332,2.333333333333333,-0.1999999999999993,-0.3333333333333339,1.4,-0.9333333333333332,-0.0247298861333333,0.0869087066066667,321.13333333333327,-464.26666666666665,312.46666666666664,-457.6,-85.93333333333334,64.66666666666667,57.06666666666668,-176.6,617.8,-767.7333333333332,-117.0,82.26666666666668,-0.4666666666666663,1.2666666666666668,0.0,0.2,0.2581412579404714,-0.2581412579404715,1,barcelona,valencia,1.28,5.75,11.0,0.7468414216554493,0.1662533947337348,0.08690518361081592,True,2.3333333333333335,1.4,-0.9333333333333332,-0.1999999999999993,-0.024729886133333157,0.08690870660666683,321.13333333333327,312.46666666666664,-85.93333333333331,57.06666666666668,0.25814125794047144,617.8,-117.0,-0.46666666666666634,0.0,2.3333333333333335,1.6666666666666665,-1.0,-111.8125,52,0.12005648688316028,0.33542700318182506,-0.9548148148148146,0.3305422900136258
16173,11,4,2019-02-10,2019-02-10 20:45:00,215,Athletic Club,217,Barcelona,0,0,Regular Season,San Mamés Barria,Carlos del Cerro Grande,D,0,2018/2019,0.3333333333333333,1.6666666666666667,0.3333333333333333,11.666666666666666,18.0,0.3333333333333333,1.6666666666666667,0.8102357983333333,2.312038141,379.0,640.3333333333334,270.0,537.0,197.33333333333331,114.33333333333331,68.33333333333333,115.33333333333331,696.6666666666666,1205.0,347.6666666666667,252.33333333333331,2.0,3.0,0.0,0.0,0.4033425019911859,0.5966574980088141,3,2018-09-29 16:15:00,134.1875,0.3333333333333333,0.3333333333333333,1.6666666666666667,11.666666666666666,0.8102357983333333,0.3333333333333333,0.3333333333333333,1.6666666666666667,,,,0.0285714261224491,0.3718116412310546,2.1925925925925926,0.3663453109379428,0.0,0.0,2.4,0.8,2.6,14.0,11.4,2.4,0.8,1.651656971,1.37605882294,746.4,357.8,654.2,265.4,121.0,223.0,169.6,70.2,1300.6,684.0,224.6,351.0,2.8,2.4,0.0,0.2,0.6324472864111057,0.3675527135888943,56,2019-02-02 18:30:00,8.09375,2.6,2.4,0.8,14.0,1.651656971,2.333333333333333,2.333333333333333,1.0,0.0,-0.3999999999999999,0.0906850861600001,0.1714285591836743,0.6759644985727543,1.3444444444444446,0.6553461651439352,0.8,0.8,-2.0666666666666664,0.8666666666666667,-2.2666666666666666,-2.333333333333334,6.6,-2.0666666666666664,0.8666666666666667,-0.8414211726666667,0.93597931806,-367.4,282.53333333333336,-384.2000000000001,271.6,76.33333333333334,-108.66666666666669,-101.26666666666668,45.133333333333326,-603.9333333333333,521.0,123.06666666666668,-98.66666666666666,-0.7999999999999998,0.6000000000000001,0.0,-0.2,-0.2291047844199198,0.2291047844199197,1,athleticclub,barcelona,4.75,4.0,1.7,0.2007380073800738,0.23837638376383766,0.5608856088560886,True,-2.2666666666666666,-2.0666666666666664,0.8666666666666667,-2.333333333333334,-0.8414211726666667,0.93597931806,-367.4,-384.20000000000005,76.33333333333331,-101.26666666666667,-0.22910478441991983,-603.9333333333333,123.06666666666669,-0.7999999999999998,0.0,-1.9999999999999998,-1.9999999999999998,0.6666666666666667,126.09375,-53,-0.14285713306122522,-0.3041528573416997,0.8481481481481481,-0.28900085420599236
16182,11,4,2019-02-16,2019-02-16 20:45:00,217,Barcelona,901,Real Valladolid,1,0,Regular Season,Spotify Camp Nou,,H,1,2018/2019,2.0,0.6,2.2,13.4,12.2,2.0,0.6,1.4010281727999998,1.3294847213399998,738.8,384.4,642.6,289.6,121.4,194.4,181.6,69.0,1302.0,705.0,229.4,324.6,2.6,2.2,0.0,0.4,0.6225633502254035,0.3774366497745964,57,2019-02-10 20:45:00,6.0,2.2,2.0,0.6,13.4,1.4010281727999998,1.6666666666666667,1.3333333333333333,0.6666666666666666,-0.7999999999999998,-1.0,-0.4502179386399998,0.1492537202049462,0.657763532177917,1.348888888888889,0.6487294466124915,0.8,0.8,0.0,1.0,0.0,7.0,11.0,0.0,1.0,0.33820088,0.7582223709999999,368.0,628.0,272.0,525.0,113.0,88.0,74.0,139.0,700.0,1101.0,255.0,184.0,1.0,1.0,0.0,0.0,0.4093357271095152,0.5906642728904847,1,2018-08-25 22:15:00,174.9375,0.0,0.0,1.0,7.0,0.33820088,0.0,0.0,1.0,,,,0.0,0.3694779112756245,1.2555555555555555,0.3886729592511532,,,2.0,-0.4,2.2,6.4,1.1999999999999993,2.0,-0.4,1.0628272927999998,0.57126235034,370.8,-243.6,370.6,-235.4,8.400000000000006,106.4,107.6,-70.0,602.0,-396.0,-25.599999999999994,140.60000000000002,1.6,1.2000000000000002,0.0,0.4,0.2132276231158882,-0.2132276231158883,1,barcelona,realvalladolid,1.14,9.0,15.0,0.8314855875831485,0.10532150776053213,0.06319290465631928,True,2.2,2.0,-0.4,6.4,1.0628272927999998,0.57126235034,370.79999999999995,370.6,8.400000000000006,107.6,0.21322762311588833,602.0,-25.599999999999994,1.6,0.0,1.6666666666666667,1.3333333333333333,-0.33333333333333337,-168.9375,56,0.1492537202049462,0.28828562090229254,0.09333333333333349,0.26005648736133835
16190,11,4,2019-02-23,2019-02-23 16:15:00,213,Sevilla,217,Barcelona,2,4,Regular Season,Estadio Ramón Sánchez Pizjuán,Antonio Miguel Mateu Lahoz,A,-2,2018/2019,1.6666666666666667,2.6666666666666665,0.3333333333333333,16.0,20.33333333333333,1.3333333333333333,2.6666666666666665,1.5922826431,2.1073839101,489.6666666666667,594.3333333333334,400.6666666666667,509.3333333333333,160.66666666666666,133.66666666666666,104.66666666666669,148.0,855.3333333333334,1204.6666666666667,286.6666666666667,251.33333333333331,1.0,0.3333333333333333,0.0,0.0,0.4603067361673392,0.5396932638326608,3,2018-10-20 20:45:00,125.8125,0.3333333333333333,1.6666666666666667,2.6666666666666665,16.0,1.5922826431,0.3333333333333333,1.6666666666666667,2.6666666666666665,,,,0.0833333281250003,0.4517220168034544,1.785185185185185,0.4152103557854966,0.0,0.0,1.6,0.6,2.2,16.0,11.2,1.6,0.6,1.8997830016,1.2251228641399998,756.4,387.6,664.8,293.6,141.8,215.2,206.4,55.2,1363.6,713.8,251.2,347.8,2.4,2.6,0.0,0.4,0.6256548451781134,0.3743451548218864,58,2019-02-16 20:45:00,6.8125,2.2,1.6,0.6,16.0,1.8997830016,1.6666666666666667,1.0,0.6666666666666666,-0.7999999999999998,-1.6,0.0317556911599998,0.0999999937500003,0.6611888106108489,1.5755555555555556,0.6563974195357672,0.8,0.8,0.0666666666666666,2.0666666666666664,-1.866666666666667,0.0,9.133333333333333,-0.2666666666666668,2.0666666666666664,-0.3075003585,0.88226104596,-266.7333333333333,206.73333333333332,-264.13333333333327,215.7333333333333,18.86666666666665,-81.53333333333333,-101.73333333333332,92.8,-508.26666666666654,490.8666666666668,35.4666666666667,-96.46666666666668,-1.4,-2.2666666666666666,0.0,-0.4,-0.1653481090107741,0.1653481090107743,1,sevilla,barcelona,3.5,4.0,1.95,0.2724890829694323,0.23842794759825325,0.48908296943231444,True,-1.866666666666667,0.06666666666666665,2.0666666666666664,0.0,-0.3075003585,0.88226104596,-266.7333333333333,-264.13333333333327,18.866666666666646,-101.73333333333332,-0.16534810901077424,-508.26666666666654,35.4666666666667,-1.4,0.0,-1.3333333333333335,0.6666666666666667,2.0,119.0,-55,-0.016666665624999993,-0.20946679380739447,0.2096296296296294,-0.24118706375027066
16196,11,4,2019-03-02,2019-03-02 20:45:00,220,Real Madrid,217,Barcelona,0,1,Regular Season,Bernabéu,Alberto Undiano Mallenco,A,-1,2018/2019,1.0,2.5,0.5,15.0,14.5,1.0,2.5,1.3378781322000002,2.178695025,537.5,589.0,461.5,514.0,218.5,157.0,123.0,114.5,725.5,1031.0,313.0,258.0,3.5,2.5,0.5,0.5,0.4902972650061286,0.5097027349938714,2,2018-05-06 20:45:00,300.0,0.5,1.0,2.5,15.0,1.3378781322000002,0.5,1.0,2.5,,,,0.0666666622222225,0.4771415885688933,2.4277777777777776,0.4130372898303232,0.0,,1.8,0.8,2.2,16.4,13.0,1.8,0.8,1.870759837,1.315689891,710.6,404.8,621.8,310.2,153.2,233.6,193.4,71.4,1341.8,774.2,270.0,366.8,2.0,3.2,0.0,0.4,0.6006248139008965,0.3993751860991035,59,2019-02-23 16:15:00,7.1875,2.2,1.8,0.8,16.4,1.870759837,2.333333333333333,1.6666666666666667,0.6666666666666666,-0.7999999999999998,-1.2,0.1162643079600003,0.109756090868531,0.6370808672789304,1.702222222222222,0.6341209826870884,0.8,0.8,-0.8,1.7,-1.7000000000000002,-1.3999999999999986,1.5,-0.8,1.7,-0.5328817047999999,0.8630051340000002,-173.10000000000002,184.2,-160.29999999999995,203.8,65.30000000000001,-76.6,-70.4,43.1,-616.3,256.79999999999995,43.0,-108.8,1.5,-0.7000000000000002,0.5,0.0999999999999999,-0.1103275488947679,0.1103275488947679,1,realmadrid,barcelona,2.75,3.7,2.45,0.3489558271581176,0.2593590607256279,0.3916851121162544,True,-1.7000000000000002,-0.8,1.7,-1.3999999999999986,-0.5328817047999999,0.8630051340000002,-173.10000000000002,-160.29999999999995,65.30000000000001,-70.4,-0.11032754889476792,-616.3,43.0,1.5,0.5,-1.833333333333333,-0.6666666666666667,1.8333333333333335,292.8125,-57,-0.04308942864630849,-0.1599392787100371,0.7255555555555555,-0.2210836928567652
16215,11,4,2019-03-17,2019-03-17 20:45:00,218,Real Betis,217,Barcelona,1,4,Regular Season,Estadio Benito Villamarín,,A,-3,2018/2019,1.3333333333333333,3.333333333333333,1.0,8.333333333333334,16.333333333333332,1.3333333333333333,3.0,0.8536356913333334,2.5183483250000003,471.6666666666667,597.6666666666666,391.3333333333333,510.0,214.33333333333331,159.0,80.33333333333333,144.0,885.3333333333334,1043.6666666666667,332.3333333333333,261.6666666666667,2.0,2.333333333333333,0.0,0.3333333333333333,0.4622481381216863,0.5377518618783136,3,2018-11-11 16:15:00,126.1875,1.0,1.3333333333333333,3.333333333333333,8.333333333333334,0.8536356913333334,1.0,1.3333333333333333,3.333333333333333,,,,0.1599999808000023,0.4410847876174394,2.3814814814814818,0.4589597371043927,0.0,0.0,1.8,0.6,2.6,13.8,13.0,1.8,0.6,1.9273803131,0.8750893075,669.2,423.0,584.2,330.6,172.2,227.4,184.8,83.0,1265.6,863.0,296.4,354.0,1.4,3.4,0.0,0.2,0.5855203232515007,0.4144796767484991,61,2019-03-09 18:30:00,8.09375,2.6,1.8,0.6,13.8,1.9273803131,3.0,2.6666666666666665,1.0,0.0,-0.5999999999999999,0.2757233420999998,0.1304347731569005,0.6127082946230468,1.913333333333333,0.5945692001340932,0.8,0.8,-0.4666666666666668,2.7333333333333334,-1.6,-5.466666666666667,3.333333333333332,-0.4666666666666668,2.4,-1.0737446217666664,1.6432590175,-197.53333333333336,174.66666666666663,-192.86666666666676,179.39999999999998,42.13333333333336,-68.4,-104.46666666666668,61.0,-380.26666666666654,180.66666666666677,35.93333333333334,-92.33333333333331,0.6000000000000001,-1.0666666666666664,0.0,0.1333333333333333,-0.1232721851298143,0.1232721851298144,1,betis,barcelona,7.0,5.0,1.4,0.13513513513513511,0.1891891891891892,0.6756756756756757,True,-1.6,-0.4666666666666668,2.733333333333333,-5.466666666666667,-1.0737446217666666,1.6432590175000001,-197.53333333333336,-192.86666666666673,42.133333333333326,-104.46666666666668,-0.12327218512981442,-380.26666666666654,35.93333333333334,0.6000000000000001,0.0,-2.0,-1.3333333333333333,2.333333333333333,118.09375,-58,0.029565207643101804,-0.17162350700560736,0.46814814814814865,-0.1356094630297005
16231,11,4,2019-03-30,2019-03-30 16:15:00,217,Barcelona,214,Espanyol,2,0,Regular Season,Spotify Camp Nou,,H,2,2018/2019,2.6,0.8,3.0,15.0,12.8,2.6,0.8,2.2385712711,0.8050690477,621.2,471.6,542.0,379.6,208.2,239.6,176.0,95.4,1163.2,926.0,328.8,362.4,1.4,3.0,0.0,0.0,0.5527521367574069,0.4472478632425932,62,2019-03-17 20:45:00,12.8125,3.0,2.6,0.8,15.0,2.2385712711,3.0,2.6666666666666665,0.6666666666666666,0.7999999999999998,0.6000000000000001,0.8375430983000003,0.1733333217777785,0.5684480229058857,2.313333333333333,0.5567681406486847,0.8,0.8,0.3333333333333333,3.333333333333333,0.3333333333333333,10.333333333333334,16.666666666666668,0.3333333333333333,3.333333333333333,0.7528886473333335,2.078435582333333,336.6666666666667,678.6666666666666,241.0,585.3333333333334,177.66666666666666,135.66666666666666,78.0,129.33333333333334,782.6666666666666,1491.3333333333333,314.3333333333333,246.33333333333331,3.6666666666666665,1.3333333333333333,0.0,0.0,0.3680128329242427,0.6319871670757573,3,2018-12-08 20:45:00,111.8125,0.3333333333333333,0.3333333333333333,3.333333333333333,10.333333333333334,0.7528886473333335,0.3333333333333333,0.3333333333333333,3.333333333333333,,,,0.0322580613943811,0.3315824028250994,1.9740740740740736,0.3441805920503457,0.0,0.0,2.2666666666666666,-2.533333333333333,2.6666666666666665,4.666666666666666,-3.866666666666667,2.2666666666666666,-2.533333333333333,1.4856826237666665,-1.273366534633333,284.53333333333336,-207.0666666666666,301.0,-205.73333333333332,30.53333333333333,103.93333333333334,98.0,-33.93333333333334,380.5333333333334,-565.3333333333333,14.466666666666695,116.06666666666663,-2.2666666666666666,1.6666666666666667,0.0,0.0,0.1847393038331641,-0.1847393038331641,1,barcelona,espanyol,1.14,9.0,15.0,0.8314855875831485,0.10532150776053213,0.06319290465631928,True,2.6666666666666665,2.2666666666666666,-2.533333333333333,4.666666666666666,1.4856826237666665,-1.273366534633333,284.53333333333336,301.0,30.53333333333333,98.0,0.18473930383316417,380.5333333333334,14.466666666666697,-2.2666666666666666,0.0,2.6666666666666665,2.333333333333333,-2.6666666666666665,-99.0,59,0.1410752603833974,0.23686562008078632,0.33925925925925937,0.21258754859833906
16240,11,4,2019-04-02,2019-04-02 21:30:00,222,Villarreal,217,Barcelona,4,4,Regular Season,Estadio de la Cerámica,,D,0,2018/2019,0.3333333333333333,3.0,0.0,13.666666666666666,14.666666666666666,0.3333333333333333,3.0,0.9062955379999998,2.4056765323333336,443.3333333333333,732.0,369.3333333333333,650.3333333333334,177.66666666666666,163.66666666666666,69.33333333333333,194.0,870.3333333333334,1277.0,282.0,256.3333333333333,3.0,1.0,0.3333333333333333,0.0,0.3986271908794792,0.6013728091205209,3,2018-12-02 18:30:00,121.125,0.0,0.3333333333333333,3.0,13.666666666666666,0.9062955379999998,0.0,0.3333333333333333,3.0,,,,0.0243902421177871,0.3771979577051633,1.9740740740740736,0.4053089100875618,0.0,0.0,2.8,0.8,3.0,13.6,11.2,2.8,0.8,1.7182418785,0.7523386045,617.8,442.0,535.2,352.4,191.8,228.4,187.0,95.4,1147.4,916.6,310.8,351.2,1.2,3.2,0.0,0.0,0.565755325249618,0.434244674750382,63,2019-03-30 16:15:00,3.21875,3.0,2.8,0.8,13.6,1.7182418785,3.0,3.0,0.6666666666666666,0.7999999999999998,1.1999999999999995,-0.1815411230999999,0.2058823378027693,0.5829401768419133,2.131111111111111,0.5559108524438418,0.8,0.8,-2.4666666666666663,2.2,-3.0,0.0666666666666664,3.466666666666667,-2.4666666666666663,2.2,-0.8119463405000001,1.6533379278333336,-174.46666666666664,290.0,-165.86666666666673,297.9333333333334,-14.133333333333354,-64.73333333333335,-117.66666666666669,98.6,-277.0666666666667,360.4,-28.80000000000001,-94.86666666666667,1.8,-2.2,0.3333333333333333,0.0,-0.1671281343701388,0.1671281343701389,1,villareal,barcelona,5.25,4.2,1.61,0.1814595660749507,0.22682445759368838,0.591715976331361,True,-3.0,-2.4666666666666663,2.2,0.06666666666666643,-0.8119463405000001,1.6533379278333336,-174.46666666666664,-165.86666666666673,-14.133333333333354,-117.66666666666667,-0.16712813437013885,-277.0666666666667,-28.80000000000001,1.8,0.3333333333333333,-3.0,-2.6666666666666665,2.3333333333333335,117.90625,-60,-0.1814920956849822,-0.20574221913675006,-0.15703703703703753,-0.15060194235627994
16248,11,4,2019-04-06,2019-04-06 20:45:00,217,Barcelona,212,Atlético Madrid,2,0,Regular Season,Spotify Camp Nou,Jesús Gil Manzano,H,2,2018/2019,2.8,1.2,2.6,13.2,11.6,2.8,1.2,1.8571935808999995,1.0424162185,640.0,431.4,560.8,349.6,190.0,233.2,198.4,85.4,1226.2,889.4,301.4,345.2,2.4,2.6,0.0,0.2,0.579525228110245,0.4204747718897549,64,2019-04-02 21:30:00,3.96875,2.6,2.8,1.2,13.2,1.8571935808999995,2.333333333333333,3.333333333333333,1.6666666666666667,0.3999999999999999,0.9999999999999998,-0.0135662561000005,0.2121211960514245,0.5973492620894629,2.111111111111111,0.5795991678107397,0.8,0.8,0.6666666666666666,1.0,0.6666666666666666,4.333333333333333,13.0,0.6666666666666666,1.0,0.2449027201,0.8996953715666667,397.0,723.6666666666666,302.6666666666667,630.6666666666666,192.66666666666663,133.66666666666666,81.66666666666667,186.0,675.3333333333334,1338.6666666666667,346.6666666666667,250.0,3.333333333333333,2.333333333333333,0.0,0.0,0.3915074003899277,0.6084925996100722,3,2018-11-24 20:45:00,133.0,0.6666666666666666,0.6666666666666666,1.0,4.333333333333333,0.2449027201,0.6666666666666666,0.6666666666666666,1.0,,,,0.1538461183432034,0.3542534202668768,2.140740740740741,0.3353194304856077,0.0,0.0,2.1333333333333333,0.1999999999999999,1.9333333333333336,8.866666666666667,-1.4000000000000004,2.1333333333333333,0.1999999999999999,1.6122908607999995,0.1427208469333334,243.0,-292.26666666666665,258.13333333333327,-281.0666666666666,-2.666666666666657,99.53333333333332,116.73333333333332,-100.6,550.8666666666667,-449.2666666666668,-45.26666666666671,95.2,-0.9333333333333336,0.2666666666666666,0.0,0.2,0.1880178277203172,-0.1880178277203172,1,barcelona,atleticomadrid,1.75,3.6,5.0,0.5446293494704992,0.264750378214826,0.19062027231467474,True,1.9333333333333336,2.1333333333333333,0.19999999999999996,8.866666666666667,1.6122908607999995,0.14272084693333342,243.0,258.13333333333327,-2.6666666666666288,116.73333333333333,0.18801782772031728,550.8666666666667,-45.26666666666671,-0.9333333333333331,0.0,1.6666666666666665,2.6666666666666665,0.6666666666666667,-129.03125,61,0.0582750777082211,0.24309584182258615,-0.029629629629629672,0.24427973732513203
16265,11,4,2019-04-20,2019-04-20 20:45:00,217,Barcelona,210,Real Sociedad,2,1,Regular Season,Spotify Camp Nou,,H,1,2018/2019,3.0,1.2,2.6,15.2,9.8,3.0,1.2,1.9898908326,0.9290261870399998,683.4,416.0,606.2,336.0,205.2,238.4,226.4,73.4,1325.2,826.0,309.4,349.0,2.6,2.8,0.0,0.4,0.5996173052267453,0.4003826947732548,65,2019-04-06 20:45:00,14.0,2.6,3.0,1.2,15.2,1.9898908326,2.333333333333333,2.6666666666666665,1.3333333333333333,0.3999999999999999,1.4,0.2482394876999998,0.1973684080678679,0.6216117876827252,2.28,0.6160282630085403,0.8,0.8,1.0,2.333333333333333,0.0,11.333333333333334,11.666666666666666,1.0,2.333333333333333,0.8185548699999999,1.274131151333333,422.6666666666667,641.6666666666666,338.3333333333333,558.6666666666666,175.66666666666666,145.33333333333334,83.0,138.66666666666666,767.3333333333334,1201.6666666666667,290.0,255.33333333333331,1.6666666666666667,2.0,0.0,0.0,0.4205370393659898,0.5794629606340101,3,2018-09-15 16:15:00,217.1875,0.0,1.0,2.333333333333333,11.333333333333334,0.8185548699999999,0.0,1.0,2.333333333333333,,,,0.0882352863321806,0.3971186967769007,1.951851851851852,0.3897071269393733,0.0,0.0,2.0,-1.1333333333333335,2.6,3.866666666666666,-1.8666666666666651,2.0,-1.1333333333333335,1.1713359625999995,-0.3451049642933335,260.7333333333333,-225.66666666666663,267.8666666666668,-222.66666666666663,29.53333333333333,93.06666666666666,143.4,-65.26666666666665,557.8666666666667,-375.66666666666674,19.399999999999977,93.66666666666666,0.9333333333333332,0.7999999999999998,0.0,0.4,0.1790802658607554,-0.1790802658607553,1,barcelona,realsociedad,1.22,6.5,13.0,0.78031212484994,0.14645858343337334,0.07322929171668667,True,2.6,2.0,-1.133333333333333,3.8666666666666654,1.1713359626000002,-0.34510496429333326,260.7333333333333,267.86666666666673,29.53333333333333,143.4,0.17908026586075548,557.8666666666667,19.399999999999977,0.9333333333333333,0.0,2.333333333333333,1.6666666666666665,-0.9999999999999998,-203.1875,62,0.1091331217356873,0.22449309090582448,0.32814814814814786,0.22632113606916698
16275,11,4,2019-04-23,2019-04-23 21:30:00,206,Deportivo Alavés,217,Barcelona,0,2,Regular Season,Estadio de Mendizorroza,,A,-2,2018/2019,0.3333333333333333,2.333333333333333,0.0,7.0,22.0,0.3333333333333333,2.333333333333333,0.5761384824666667,2.3705033281,260.0,823.0,172.33333333333334,727.6666666666666,191.0,78.33333333333333,22.33333333333333,257.6666666666667,539.0,1596.3333333333333,340.0,185.0,2.0,1.0,0.0,0.0,0.2972897015891826,0.7027102984108172,3,2018-08-18 22:15:00,247.96875,0.0,0.3333333333333333,2.333333333333333,7.0,0.5761384824666667,0.0,0.3333333333333333,2.333333333333333,,,,0.0476190408163275,0.2400738686610582,2.1222222222222222,0.252419606500584,0.0,0.0,2.8,1.2,2.6,15.0,10.0,2.8,1.2,1.7152096733999995,1.03188637454,650.4,459.0,568.4,372.4,201.6,232.0,188.0,80.2,1269.4,867.2,306.6,343.2,2.4,2.6,0.0,0.4,0.5703824885619428,0.4296175114380572,66,2019-04-20 20:45:00,3.03125,2.6,2.8,1.2,15.0,1.7152096733999995,2.333333333333333,2.6666666666666665,1.6666666666666667,0.0,0.9999999999999998,-0.2121706397,0.186666654222223,0.5862628442525122,2.24,0.5941215011728346,0.8,0.6,-2.4666666666666663,1.1333333333333335,-2.6,-8.0,12.0,-2.4666666666666663,1.1333333333333335,-1.139071190933333,1.33861695356,-390.4,364.0,-396.0666666666666,355.26666666666665,-10.599999999999994,-153.66666666666669,-165.66666666666666,177.4666666666667,-730.4000000000001,729.1333333333332,33.39999999999998,-158.2,-0.3999999999999999,-1.6,0.0,-0.4,-0.2730927869727602,0.2730927869727599,1,alaves,barcelona,7.0,5.25,1.4,0.13636363636363635,0.1818181818181818,0.6818181818181818,True,-2.6,-2.4666666666666663,1.133333333333333,-8.0,-1.1390711909333329,1.3386169535599999,-390.4,-396.0666666666666,-10.599999999999994,-165.66666666666669,-0.27309278697276024,-730.4000000000001,33.39999999999998,-0.3999999999999999,0.0,-2.333333333333333,-2.333333333333333,0.6666666666666663,244.9375,-63,-0.1390476134058955,-0.346188975591454,-0.11777777777777798,-0.3417018946722506
16289,11,4,2019-04-27,2019-04-27 20:45:00,217,Barcelona,221,Levante UD,1,0,Regular Season,Spotify Camp Nou,Ricardo De Burgos Bengoetxea,H,1,2018/2019,2.4,1.0,2.6,15.0,8.6,2.4,1.0,1.75819385,0.91303757594,715.2,386.8,627.4,301.8,162.4,233.8,200.0,63.6,1394.6,769.8,269.6,350.0,2.2,3.0,0.0,0.4,0.6169811120489189,0.383018887951081,67,2019-04-23 21:30:00,3.96875,2.6,2.4,1.0,15.0,1.75819385,3.0,2.0,0.3333333333333333,-0.3999999999999999,-0.2000000000000001,-0.4803774211,0.159999989333334,0.6490018142931018,1.8044444444444443,0.6443356123432197,1.0,0.6,0.0,4.0,0.0,14.5,16.0,0.0,4.0,0.92443077,2.6719389891,364.5,639.5,280.5,575.0,161.0,141.5,73.0,124.0,763.5,1329.0,275.5,251.5,3.0,1.5,0.5,0.0,0.3888431939028939,0.6111568060971061,2,2018-12-16 20:45:00,132.0,0.0,0.0,4.0,14.5,0.92443077,0.0,0.0,4.0,,,,0.0,0.3630478084033388,1.788888888888889,0.3648745517969536,,0.0,2.4,-3.0,2.6,0.5,-7.4,2.4,-3.0,0.8337630800000001,-1.75890141316,350.70000000000005,-252.7,346.9,-273.2,1.4000000000000057,92.3,127.0,-60.4,631.0999999999999,-559.2,-5.899999999999977,98.5,-0.7999999999999998,1.5,-0.5,0.4,0.228137918146025,-0.228137918146025,1,barcelona,levanteud,1.2,6.5,11.0,0.7729729729729731,0.14270270270270272,0.08432432432432432,True,2.6,2.4,-3.0,0.5,0.8337630800000001,-1.75890141316,350.70000000000005,346.9,1.4000000000000057,127.0,0.22813791814602502,631.0999999999999,-5.899999999999977,-0.7999999999999998,-0.5,3.0,2.0,-3.6666666666666665,-128.03125,65,0.159999989333334,0.285954005889763,0.015555555555555323,0.27946106054626607
16306,11,4,2019-05-12,2019-05-12 18:30:00,217,Barcelona,216,Getafe,2,0,Regular Season,Spotify Camp Nou,José Luis González González,H,2,2018/2019,2.2,1.0,2.6,17.0,9.4,2.2,1.0,1.8960642136,1.02392504154,700.2,398.8,614.0,315.4,167.8,232.0,187.0,67.6,1410.8,782.2,272.0,345.6,3.0,2.8,0.0,0.4,0.6064841009254056,0.3935158990745943,68,2019-04-27 20:45:00,14.90625,2.6,2.2,1.0,17.0,1.8960642136,3.0,1.6666666666666667,0.3333333333333333,-0.3999999999999999,-0.5999999999999996,0.1778223350999996,0.129411757093426,0.6371246582009784,1.8644444444444448,0.6433196531494211,1.0,0.6,0.6666666666666666,1.3333333333333333,0.3333333333333333,11.0,11.0,0.6666666666666666,1.3333333333333333,0.8800027193666665,1.085612174,261.0,767.0,167.66666666666666,677.0,198.66666666666663,91.66666666666669,54.0,159.66666666666666,630.6666666666666,1517.3333333333333,329.6666666666667,197.33333333333331,3.0,3.0,0.0,0.0,0.3154792310932248,0.6845207689067752,3,2019-01-06 20:45:00,125.90625,0.3333333333333333,0.6666666666666666,1.3333333333333333,11.0,0.8800027193666665,0.3333333333333333,0.6666666666666666,1.3333333333333333,,,,0.0606060550964192,0.2538910503366818,2.2074074074074077,0.2936064554809405,0.0,0.0,1.5333333333333337,-0.3333333333333332,2.2666666666666666,6.0,-1.5999999999999996,1.5333333333333337,-0.3333333333333332,1.016061494233333,-0.0616871324599999,439.2000000000001,-368.2,446.33333333333337,-361.6,-30.86666666666665,140.33333333333331,133.0,-92.06666666666666,780.1333333333333,-735.1333333333332,-57.666666666666686,148.26666666666668,0.0,-0.2000000000000001,0.0,0.4,0.2910048698321808,-0.2910048698321809,1,barcelona,getafe,1.53,4.33,6.0,0.6217557060086298,0.21969658895916944,0.15854770503220061,True,2.2666666666666666,1.5333333333333337,-0.33333333333333326,6.0,1.0160614942333335,-0.061687132459999905,439.20000000000005,446.33333333333337,-30.866666666666617,133.0,0.2910048698321808,780.1333333333333,-57.666666666666686,0.0,0.0,2.6666666666666665,1.0,-1.0,-111.0,65,0.06880570199700681,0.3832336078642966,-0.3429629629629629,0.3497131976684806
16317,11,4,2019-05-19,2019-05-19 16:15:00,322,Eibar,217,Barcelona,2,2,Regular Season,Estadio Municipal de Ipurúa,,D,0,2018/2019,0.3333333333333333,3.6666666666666665,0.0,14.333333333333334,9.333333333333334,0.3333333333333333,3.6666666666666665,0.8920735506666667,1.9930963806666664,467.0,624.6666666666666,357.0,526.3333333333334,158.66666666666666,131.33333333333334,110.33333333333331,70.33333333333333,740.6666666666666,1101.3333333333333,286.3333333333333,262.6666666666667,1.6666666666666667,1.0,0.3333333333333333,0.0,0.4415890392114778,0.558410960788522,3,2019-01-13 18:30:00,125.90625,0.0,0.3333333333333333,3.6666666666666665,14.333333333333334,0.8920735506666667,0.0,0.3333333333333333,3.6666666666666665,,,,0.0232558123309898,0.4277862591501195,1.7629629629629628,0.4020991673531853,0.0,0.0,1.8,0.2,3.0,16.6,8.4,1.6,0.2,1.8451204224,0.70926987474,743.4,382.6,652.6,290.0,158.2,251.2,195.8,67.6,1482.2,796.8,271.6,376.0,1.8,2.8,0.0,0.2,0.6201164905015972,0.3798835094984029,69,2019-05-12 18:30:00,6.90625,3.0,1.8,0.2,16.6,1.8451204224,3.0,1.6666666666666667,0.0,0.3999999999999999,-0.9999999999999998,-0.0120731584999997,0.096385536362317,0.6602131432857786,1.7577777777777777,0.6503729703157645,1.0,0.8,-1.4666666666666668,3.4666666666666663,-3.0,-2.2666666666666675,0.9333333333333336,-1.2666666666666668,3.4666666666666663,-0.953046871733333,1.2838265059266667,-276.4,242.0666666666666,-295.6,236.33333333333337,0.4666666666666685,-119.86666666666665,-85.46666666666668,2.7333333333333343,-741.5333333333334,304.5333333333333,14.733333333333292,-113.33333333333331,-0.1333333333333333,-1.7999999999999998,0.3333333333333333,-0.2,-0.1785274512901193,0.1785274512901191,1,eibar,barcelona,3.6,4.0,1.9,0.2635228848821082,0.23717059639389737,0.49930651872399445,True,-3.0,-1.4666666666666668,3.4666666666666663,-2.2666666666666675,-0.9530468717333332,1.2838265059266663,-276.4,-295.6,0.46666666666666856,-85.4666666666667,-0.17852745129011943,-741.5333333333334,14.733333333333292,-0.1333333333333333,0.3333333333333333,-3.0,-1.3333333333333335,3.6666666666666665,119.0,-66,-0.0731297240313272,-0.23242688413565915,0.005185185185185182,-0.24827380296257917
303430,11,42,2019-09-24,2019-09-24 21:00:00,217,Barcelona,222,Villarreal,2,1,Regular Season,Spotify Camp Nou,,H,1,2019/2020,1.4,0.8,2.0,13.6,10.2,1.2,0.8,1.46949282216,1.09483938986,747.4,321.0,657.2,224.8,112.6,232.8,163.2,60.4,1600.0,718.6,229.2,365.8,2.0,3.2,0.0,0.0,0.6489759238748555,0.3510240761251445,71,2019-09-21 21:00:00,3.0,2.0,1.4,0.8,13.6,1.46949282216,1.3333333333333333,1.3333333333333333,1.3333333333333333,-0.6000000000000001,-1.4,-0.2457168512399998,0.0882352876297582,0.6995507294088816,1.251111111111111,0.6900715946303496,1.0,0.6,1.25,3.25,0.25,14.25,14.75,1.25,3.25,1.3229272449999998,2.3780580265,419.5,727.25,347.25,646.75,206.75,159.0,66.25,191.5,840.5,1374.0,304.5,251.0,3.0,2.5,0.5,0.0,0.3914566963164056,0.6085433036835944,4,2019-04-02 21:30:00,174.97916666666666,0.25,1.25,3.25,14.25,1.3229272449999998,0.3333333333333333,1.6666666666666667,3.6666666666666665,,,,0.0877192920898742,0.3658164374398809,2.297222222222222,0.3795439149335995,0.0,0.0,0.1499999999999999,-2.45,1.75,-0.6500000000000004,-4.550000000000001,-0.05,-2.45,0.14656557716,-1.2832186366399998,327.9,-406.25,309.95000000000005,-421.95,-94.15,73.80000000000001,96.95,-131.1,759.5,-655.4,-75.30000000000001,114.8,-1.0,0.7000000000000002,-0.5,0.0,0.2575192275584498,-0.2575192275584499,2,barcelona,villareal,1.3,5.75,9.0,0.7296439901304195,0.16496298907296442,0.10539302079661615,True,1.75,0.1499999999999999,-2.45,-0.6500000000000004,0.1465655771600003,-1.2832186366400002,327.9,309.95000000000005,-94.15,96.94999999999999,0.25751922755844986,759.5,-75.30000000000001,-1.0,-0.5,1.0,-0.3333333333333335,-2.333333333333333,-171.97916666666666,67,0.0005159955398840038,0.33373429196900073,-1.046111111111111,0.3105276796967501
303473,11,42,2019-10-06,2019-10-06 21:00:00,217,Barcelona,213,Sevilla,4,0,Regular Season,Spotify Camp Nou,Antonio Miguel Mateu Lahoz,H,4,2019/2020,1.4,1.0,2.0,12.2,11.2,1.2,1.0,1.1387939995599998,1.12089249706,721.0,372.2,632.8,276.2,123.0,238.8,159.4,68.0,1571.8,769.8,239.0,368.2,2.6,3.0,0.0,0.0,0.6183647023623997,0.3816352976376002,72,2019-09-24 21:00:00,12.0,2.0,1.4,1.0,12.2,1.1387939995599998,1.3333333333333333,1.3333333333333333,1.6666666666666667,-0.6000000000000001,-1.0,-0.6193998504400002,0.0983606476753567,0.6595316495979402,1.3666666666666667,0.6712504267717585,1.0,0.6,1.75,3.0,0.25,15.5,19.5,1.5,3.0,1.474820556325,1.980648931825,467.5,596.25,374.25,509.0,188.0,138.75,105.25,142.75,863.25,1221.25,315.5,259.0,2.25,0.5,0.0,0.0,0.4549287338580844,0.5450712661419155,4,2019-02-23 16:15:00,225.19791666666663,0.25,1.75,3.0,15.5,1.474820556325,0.3333333333333333,2.0,3.333333333333333,,,,0.0967741873048911,0.4394829608089466,2.088888888888889,0.4141280880718982,0.0,0.0,-0.3500000000000001,-2.0,1.75,-3.3000000000000007,-8.3,-0.3,-2.0,-0.336026556765,-0.8597564347650002,253.5,-224.05,258.54999999999995,-232.8,-65.0,100.05,54.150000000000006,-74.75,708.55,-451.4500000000001,-76.5,109.2,0.3500000000000001,2.5,0.0,0.0,0.1634359685043152,-0.1634359685043153,2,barcelona,sevilla,1.5,4.2,7.0,0.6363636363636365,0.2272727272727273,0.13636363636363638,True,1.75,-0.3500000000000001,-2.0,-3.3000000000000007,-0.33602655676500026,-0.859756434765,253.5,258.54999999999995,-65.0,54.150000000000006,0.1634359685043153,708.55,-76.5,0.3500000000000001,0.0,1.0,-0.6666666666666667,-1.6666666666666663,-213.19791666666663,68,0.0015864603704656005,0.22004868878899358,-0.7222222222222223,0.2571223386998603
303700,11,42,2019-10-19,2019-10-19 13:00:00,322,Eibar,217,Barcelona,0,3,Regular Season,Estadio Municipal de Ipurúa,,A,-3,2019/2020,0.75,3.25,0.25,15.25,9.0,0.75,3.25,1.038506236,1.6841258817,458.5,632.5,346.75,536.5,175.25,131.75,107.0,76.75,755.5,1166.75,307.25,264.25,2.25,1.25,0.25,0.0,0.4374757204481739,0.562524279551826,4,2019-05-19 16:15:00,152.86458333333334,0.25,0.75,3.25,15.25,1.038506236,0.3333333333333333,0.6666666666666666,2.333333333333333,,,,0.0491803246439131,0.4202566448943568,1.9472222222222224,0.3930290022665995,0.0,0.0,2.0,1.0,2.0,10.6,13.0,1.8,1.0,1.0824082864599998,1.31909307966,709.2,385.4,627.2,290.6,113.8,221.6,147.6,77.6,1513.6,782.8,230.0,349.2,2.8,3.0,0.4,0.0,0.6106193214357306,0.3893806785642693,73,2019-10-06 21:00:00,12.666666666666666,2.0,2.0,1.0,10.6,1.0824082864599998,2.0,2.0,1.0,-0.6000000000000001,-0.2000000000000001,-0.8136559271399999,0.1698113047347826,0.647907910973956,1.2644444444444445,0.6591186201623765,1.0,0.4,-1.25,2.25,-1.75,4.65,-4.0,-1.05,2.25,-0.0439020504599998,0.36503280204,-250.70000000000005,247.1,-280.45000000000005,245.9,61.45,-89.85,-40.6,-0.8499999999999943,-758.0999999999999,383.9500000000001,77.25,-84.94999999999999,-0.5499999999999998,-1.75,-0.15,0.0,-0.1731436009875566,0.1731436009875567,2,eibar,barcelona,6.0,4.5,1.5,0.15789473684210528,0.2105263157894737,0.6315789473684211,True,-1.75,-1.25,2.25,4.65,-0.04390205045999984,0.36503280204,-250.70000000000005,-280.45000000000005,61.45,-40.599999999999994,-0.1731436009875567,-758.0999999999999,77.25,-0.5499999999999998,-0.15000000000000002,-1.6666666666666667,-1.3333333333333335,1.333333333333333,140.19791666666669,-69,-0.12063098009086949,-0.22765126607959912,0.6827777777777779,-0.26608961789577706
303600,11,42,2019-10-29,2019-10-29 21:15:00,217,Barcelona,901,Real Valladolid,5,1,Regular Season,Spotify Camp Nou,,H,4,2019/2020,2.2,1.0,2.0,9.8,12.0,2.2,1.0,0.9560304113999998,1.18477021706,648.0,428.2,567.2,336.0,122.8,186.4,119.2,87.4,1354.4,832.4,235.4,311.2,2.6,3.4,0.4,0.0,0.5786285079940765,0.4213714920059234,74,2019-10-19 13:00:00,10.34375,2.0,2.2,1.0,9.8,0.9560304113999998,3.0,3.0,0.3333333333333333,-1.0,0.4000000000000001,-0.889090011,0.2244897730112476,0.6021185647629449,1.3644444444444443,0.6193524782241849,1.0,0.4,0.0,1.0,0.0,9.0,15.5,0.0,1.0,0.390869389,2.2098751225,426.0,685.0,324.5,593.5,186.0,147.5,64.5,164.5,763.5,1247.5,326.5,262.0,2.0,1.0,0.0,0.0,0.4127133282304875,0.5872866717695124,2,2019-02-16 20:45:00,255.02083333333331,0.0,0.0,1.0,9.0,0.390869389,0.0,0.0,1.0,,,,0.0,0.3834383434892544,2.066666666666667,0.3796618595824655,,0.0,2.2,0.0,2.0,0.8000000000000007,-3.5,2.2,0.0,0.5651610223999998,-1.0251049054399997,222.0,-256.8,242.70000000000005,-257.5,-63.2,38.900000000000006,54.7,-77.1,590.9000000000001,-415.1,-91.1,49.19999999999999,0.6000000000000001,2.4,0.4,0.0,0.165915179763589,-0.165915179763589,2,barcelona,realvalladolid,1.12,9.5,17.0,0.8447536353175019,0.09959200753216865,0.05565435715032954,True,2.0,2.2,0.0,0.8000000000000007,0.5651610223999998,-1.02510490544,222.0,242.70000000000005,-63.2,54.7,0.165915179763589,590.9000000000001,-91.1,0.6000000000000001,0.4,3.0,3.0,-0.6666666666666667,-244.67708333333331,72,0.2244897730112476,0.21868022127369052,-0.7022222222222225,0.23969061864171942
303504,11,42,2019-11-02,2019-11-02 16:00:00,221,Levante UD,217,Barcelona,3,1,Regular Season,Estadio Ciudad de Valencia,,H,2,2019/2020,0.0,3.0,0.0,12.0,18.33333333333333,0.0,3.0,0.8610615166666666,2.3643702357333334,375.0,643.0,290.0,570.3333333333334,172.0,145.0,73.66666666666667,142.66666666666666,789.6666666666666,1351.3333333333333,290.3333333333333,255.0,3.0,2.333333333333333,0.3333333333333333,0.0,0.393748810104586,0.6062511898954139,3,2019-04-27 20:45:00,188.80208333333331,0.0,0.0,3.0,12.0,0.8610615166666666,0.0,0.0,3.0,,,,0.0,0.3683693513080851,1.9111111111111112,0.3688307642680223,0.0,0.0,2.8,0.8,2.4,11.8,10.2,2.8,0.8,1.2810956970399998,0.99458253346,651.0,427.0,568.8,341.0,134.4,175.4,137.4,80.8,1381.8,856.8,242.8,294.0,2.2,3.2,0.4,0.0,0.5836860482655872,0.4163139517344127,75,2019-10-29 21:15:00,3.78125,2.4,2.8,0.8,11.8,1.2810956970399998,3.0,4.0,0.3333333333333333,-0.2000000000000001,0.9999999999999998,-0.3305311489199998,0.2372881154840579,0.6038961033359034,1.4933333333333334,0.6172607877167602,1.0,0.4,-2.8,2.2,-2.4,0.1999999999999993,8.133333333333333,-2.8,2.2,-0.4200341803733332,1.3697877022733334,-276.0,216.0,-278.79999999999995,229.33333333333337,37.6,-30.40000000000001,-63.73333333333333,61.86666666666666,-592.1333333333333,494.5333333333333,47.5333333333333,-39.0,0.7999999999999998,-0.8666666666666667,-0.0666666666666667,0.0,-0.1899372381610012,0.1899372381610011,2,levanteud,barcelona,9.0,5.75,1.3,0.10539302079661615,0.16496298907296442,0.7296439901304195,True,-2.4,-2.8,2.2,0.1999999999999993,-0.4200341803733332,1.3697877022733334,-276.0,-278.79999999999995,37.599999999999994,-63.733333333333334,-0.18993723816100122,-592.1333333333333,47.5333333333333,0.7999999999999998,-0.06666666666666671,-3.0,-4.0,2.6666666666666665,185.02083333333331,-72,-0.2372881154840579,-0.23552675202781825,0.4177777777777778,-0.24843002344873788
303487,11,42,2019-11-09,2019-11-09 21:00:00,217,Barcelona,209,Celta Vigo,4,1,Regular Season,Spotify Camp Nou,,H,3,2019/2020,3.0,1.0,2.4,12.2,10.2,3.0,1.0,1.6019141382399995,0.7940052624,651.4,454.6,569.4,367.6,151.8,174.8,142.0,89.8,1283.2,894.2,261.0,289.2,3.0,2.8,0.4,0.0,0.5738412675263475,0.4261587324736524,76,2019-11-02 16:00:00,7.208333333333333,2.4,3.0,1.0,12.2,1.6019141382399995,2.0,3.0,1.3333333333333333,0.3999999999999999,1.6,0.1324213160799998,0.2459016191883919,0.5889692580569897,1.6866666666666668,0.5893267196705582,1.0,0.4,1.3333333333333333,2.0,0.6666666666666666,13.0,15.0,1.3333333333333333,2.0,1.6611070193333333,2.1872165960000003,485.0,632.0,390.6666666666667,534.6666666666666,171.0,160.0,101.33333333333331,143.33333333333334,735.0,1071.0,300.3333333333333,276.3333333333333,3.333333333333333,1.0,0.0,0.3333333333333333,0.4509267899125902,0.5490732100874097,3,2018-12-22 18:30:00,322.1041666666667,0.6666666666666666,1.3333333333333333,2.0,13.0,1.6611070193333333,0.6666666666666666,1.3333333333333333,2.0,,,,0.1025640946745568,0.4341987462540745,1.9,0.4069767439606994,,0.0,1.6666666666666667,-1.0,1.7333333333333334,-0.8000000000000007,-4.800000000000001,1.6666666666666667,-1.0,-0.0591928810933335,-1.3932113336000005,166.39999999999998,-177.39999999999998,178.7333333333333,-167.0666666666666,-19.19999999999999,14.800000000000011,40.66666666666667,-53.53333333333335,548.2,-176.79999999999995,-39.333333333333314,12.866666666666674,-0.3333333333333335,1.7999999999999998,0.4,-0.3333333333333333,0.1229144776137572,-0.1229144776137572,2,barcelona,celtavigo,1.2,7.5,13.0,0.7985257985257985,0.12776412776412777,0.07371007371007371,True,1.7333333333333334,1.6666666666666667,-1.0,-0.8000000000000007,-0.05919288109333376,-1.3932113336000003,166.39999999999998,178.7333333333333,-19.19999999999999,40.666666666666686,0.12291447761375723,548.2,-39.333333333333314,-0.33333333333333304,0.4,1.3333333333333335,1.6666666666666667,-0.6666666666666667,-314.89583333333337,73,0.1433375245138351,0.15477051180291523,-0.21333333333333315,0.18234997570985878
303715,11,42,2019-11-23,2019-11-23 13:00:00,205,Leganés,217,Barcelona,1,2,Regular Season,Estadio Municipal de Butarque,,A,-1,2019/2020,1.0,2.5,0.75,10.75,11.75,1.0,2.5,0.9198674223,1.574815473,310.75,770.5,215.5,670.75,198.75,107.5,52.75,161.0,683.25,1478.75,329.75,218.75,3.0,2.25,0.0,0.0,0.3355865279968078,0.6644134720031922,4,2019-01-20 20:45:00,306.6770833333333,0.75,1.0,2.5,10.75,0.9198674223,1.0,1.3333333333333333,2.333333333333333,,,,0.0930232471606281,0.2873988436648334,2.208333333333333,0.3160268268658525,0.3333333333333333,0.0,3.4,1.0,2.4,12.2,9.2,3.4,1.0,1.7912367662399995,0.7387837687000001,656.6,442.2,576.8,354.4,154.8,156.6,144.8,87.2,1224.6,881.4,262.6,266.4,3.0,2.6,0.4,0.0,0.5846084328588697,0.4153915671411304,77,2019-11-09 21:00:00,13.666666666666666,2.4,3.4,1.0,12.2,1.7912367662399995,2.0,3.333333333333333,1.6666666666666667,0.3999999999999999,2.0,0.6524427666799999,0.2786885017468441,0.5975609750659255,1.7200000000000002,0.5814814812053744,1.0,0.4,-2.4,1.5,-1.65,-1.4499999999999993,2.5500000000000007,-2.4,1.5,-0.8713693439399998,0.8360317042999998,-345.85,328.3,-361.3,316.35,43.94999999999999,-49.1,-92.05,73.8,-541.3499999999999,597.35,67.14999999999998,-47.64999999999998,0.0,-0.3500000000000001,-0.4,0.0,-0.2490219048620618,0.2490219048620618,2,leganes,barcelona,7.0,4.75,1.44,0.13633645604943193,0.20091688259916285,0.6627466613514053,True,-1.65,-2.4,1.5,-1.4499999999999993,-0.8713693439399995,0.8360317042999998,-345.85,-361.29999999999995,43.94999999999999,-92.05000000000001,-0.24902190486206183,-541.3499999999999,67.14999999999998,0.0,-0.4,-1.0,-1.9999999999999998,0.6666666666666663,293.01041666666663,-73,-0.18566525458621602,-0.3101621314010921,0.48833333333333284,-0.26545465433952187
303524,11,42,2019-12-01,2019-12-01 21:00:00,212,Atlético Madrid,217,Barcelona,0,1,Regular Season,Estádio Cívitas Metropolitano,Antonio Miguel Mateu Lahoz,A,-1,2019/2020,0.5,1.25,0.5,5.5,14.75,0.5,1.25,0.3141547544999999,1.155942095425,406.75,732.75,316.0,644.5,206.25,160.25,85.75,208.5,694.5,1369.0,350.25,274.75,3.5,2.5,0.25,0.0,0.3913787017600685,0.6086212982399315,4,2019-04-06 20:45:00,239.01041666666663,0.5,0.5,1.25,5.5,0.3141547544999999,0.3333333333333333,0.3333333333333333,1.3333333333333333,,,,0.0909090743801682,0.3569548044256649,2.2916666666666665,0.3365640899750113,0.0,0.0,3.0,1.2,2.4,11.4,7.8,3.0,1.2,1.81751125854,0.4639770485,698.0,397.2,607.2,308.0,157.6,186.6,162.0,69.2,1380.0,840.8,261.2,302.4,2.4,2.2,0.0,0.0,0.612761308964675,0.387238691035325,78,2019-11-23 13:00:00,8.333333333333334,2.4,3.0,1.2,11.4,1.81751125854,2.0,2.333333333333333,1.6666666666666667,0.3999999999999999,1.0,0.73510297208,0.2631578716528183,0.6373265151229669,1.751111111111111,0.6213976942446876,1.0,0.4,-2.5,0.05,-1.9,-5.9,6.95,-2.5,0.05,-1.5033565040399997,0.6919650469249999,-291.25,335.55,-291.20000000000005,336.5,48.650000000000006,-26.349999999999994,-76.25,139.3,-685.5,528.2,89.05000000000001,-27.649999999999977,1.1,0.2999999999999998,0.25,0.0,-0.2213826072046064,0.2213826072046065,2,atleticomadrid,barcelona,2.75,3.3,2.6,0.3458980044345898,0.28824833702882485,0.3658536585365853,True,-1.9,-2.5,0.050000000000000044,-5.9,-1.50335650404,0.6919650469249999,-291.25,-291.20000000000005,48.650000000000006,-76.25,-0.22138260720460645,-685.5,89.05000000000001,1.1,0.25,-1.6666666666666667,-1.9999999999999998,-0.3333333333333335,230.6770833333333,-74,-0.17224879727265008,-0.280371710697302,0.5405555555555555,-0.2848336042696763
303664,11,42,2019-12-14,2019-12-14 16:00:00,210,Real Sociedad,217,Barcelona,2,2,Regular Season,Reale Arena,,D,0,2019/2020,1.0,2.25,0.0,10.75,11.5,1.0,2.25,0.8331533489999999,1.2670040025,455.75,623.0,367.0,536.0,194.0,161.75,80.0,132.75,823.25,1139.5,309.0,270.5,1.5,1.5,0.0,0.0,0.4423849400794973,0.5576150599205028,4,2019-04-20 20:45:00,237.80208333333331,0.0,1.0,2.25,10.75,0.8331533489999999,0.0,0.6666666666666666,1.6666666666666667,,,,0.0930232471606281,0.4224797215087094,2.1555555555555554,0.4194370141793723,0.0,0.0,2.6,1.4,2.4,13.6,9.8,2.6,1.4,1.8996455437,0.7460741284999999,733.2,371.2,648.0,284.0,146.4,200.4,183.6,63.0,1446.8,800.6,250.0,321.4,3.8,1.4,0.0,0.0,0.6309146455732548,0.3690853544267453,80,2019-12-07 21:00:00,6.791666666666667,2.4,2.6,1.4,13.6,1.8996455437,3.0,2.6666666666666665,1.0,0.0,-0.1999999999999997,0.6185498466599999,0.1911764565311429,0.6638898943644603,1.6266666666666667,0.643766129463484,1.0,0.6,-1.6,0.8500000000000001,-2.4,-2.85,1.6999999999999993,-1.6,0.8500000000000001,-1.0664921947,0.5209298740000001,-277.45000000000005,251.8,-281.0,252.0,47.6,-38.650000000000006,-103.6,69.75,-623.55,338.9,59.0,-50.89999999999998,-2.3,0.1,0.0,0.0,-0.1885297054937575,0.1885297054937574,2,realsociedad,barcelona,5.25,4.2,1.61,0.1814595660749507,0.22682445759368838,0.591715976331361,True,-2.4,-1.6,0.8500000000000001,-2.8499999999999996,-1.0664921947,0.5209298740000001,-277.45000000000005,-281.0,47.599999999999994,-103.6,-0.18852970549375753,-623.55,59.0,-2.3,0.0,-3.0,-2.0,0.6666666666666667,231.01041666666666,-76,-0.0981532093705148,-0.24141017285575095,0.5288888888888887,-0.2243291152841117
303596,11,42,2019-12-18,2019-12-18 20:00:00,217,Barcelona,220,Real Madrid,0,0,Regular Season,Spotify Camp Nou,,D,0,2019/2020,2.8,1.2,2.6,13.4,11.8,2.8,1.2,1.8544455510999995,1.1343863949,702.8,414.6,617.6,329.6,150.2,198.4,168.6,72.2,1443.8,899.6,254.2,323.0,2.8,1.2,0.0,0.0,0.6008516109621773,0.3991483890378227,81,2019-12-14 16:00:00,4.166666666666667,2.6,2.8,1.2,13.4,1.8544455510999995,2.333333333333333,2.6666666666666665,1.3333333333333333,0.2000000000000001,-0.2000000000000001,0.2525314128599998,0.2089552082869247,0.6289600853508499,1.6688888888888889,0.6161133393291315,1.0,0.6,0.6666666666666666,2.0,0.3333333333333333,16.0,13.0,0.6666666666666666,2.0,1.2548724264666669,1.8728620195,529.3333333333334,573.6666666666666,449.0,495.6666666666667,219.33333333333331,159.33333333333334,134.66666666666666,121.66666666666669,840.0,1009.0,322.6666666666667,275.0,3.333333333333333,2.333333333333333,0.3333333333333333,0.3333333333333333,0.4906825071550828,0.5093174928449171,3,2019-03-02 20:45:00,290.96875,0.3333333333333333,0.6666666666666666,2.0,16.0,1.2548724264666669,0.3333333333333333,0.6666666666666666,2.0,,,,0.0416666640625001,0.4799032936114506,2.437037037037037,0.454299621171282,0.0,0.0,2.1333333333333333,-0.8,2.2666666666666666,-2.6,-1.1999999999999993,2.1333333333333333,-0.8,0.5995731246333327,-0.7384756246000002,173.46666666666658,-159.0666666666666,168.60000000000002,-166.06666666666666,-69.13333333333335,39.06666666666666,33.93333333333334,-49.46666666666667,603.8,-109.39999999999998,-68.4666666666667,48.0,-0.5333333333333337,-1.1333333333333335,-0.3333333333333333,-0.3333333333333333,0.1101691038070944,-0.1101691038070944,2,barcelona,realmadrid,1.72,4.2,4.33,0.553479255940787,0.22666293338527463,0.21985781067393842,True,2.2666666666666666,2.1333333333333333,-0.8,-2.5999999999999996,0.5995731246333327,-0.7384756246000002,173.46666666666658,168.60000000000002,-69.13333333333333,33.93333333333334,0.11016910380709449,603.8,-68.4666666666667,-0.5333333333333332,-0.3333333333333333,1.9999999999999998,2.0,-0.6666666666666667,-286.8020833333333,78,0.1672885442244246,0.14905679173939929,-0.7681481481481482,0.1618137181578495
303517,11,42,2019-12-21,2019-12-21 16:00:00,217,Barcelona,206,Deportivo Alavés,4,1,Regular Season,Spotify Camp Nou,,H,3,2019/2020,2.0,1.0,2.2,13.4,14.0,2.0,1.0,1.6866906086999998,1.2716892563,683.6,439.2,597.4,353.0,155.8,211.8,150.8,88.2,1461.6,913.4,267.0,338.8,2.6,2.0,0.0,0.0,0.5840071698524761,0.4159928301475237,82,2019-12-18 20:00:00,2.833333333333333,2.2,2.0,1.0,13.4,1.6866906086999998,1.6666666666666667,2.333333333333333,1.3333333333333333,-0.1999999999999997,-1.4,-0.1045461575399999,0.1492537202049462,0.608835054676848,1.7311111111111113,0.6154105260566692,0.8,0.6,0.25,2.25,0.0,6.75,20.5,0.25,2.25,0.53550890885,2.344272747825,259.75,820.0,173.75,725.5,187.25,81.5,26.0,238.25,548.0,1592.25,332.25,188.25,2.25,1.0,0.0,0.0,0.2967555242287134,0.7032444757712866,4,2019-04-23 21:30:00,241.77083333333331,0.0,0.25,2.25,6.75,0.53550890885,0.0,0.3333333333333333,2.333333333333333,,,,0.0370370315500694,0.2405649453664598,2.080555555555556,0.2560448544534308,0.0,0.0,1.75,-1.25,2.2,6.65,-6.5,1.75,-1.25,1.1511816998499995,-1.072583491525,423.85,-380.8,423.65,-372.5,-31.44999999999999,130.3,124.8,-150.05,913.6,-678.85,-65.25,150.55,0.3500000000000001,1.0,0.0,0.0,0.2872516456237627,-0.2872516456237628,2,barcelona,alaves,1.12,9.0,21.0,0.8490566037735848,0.10566037735849056,0.045283018867924525,True,2.2,1.75,-1.25,6.65,1.1511816998499997,-1.0725834915249999,423.85,423.65,-31.44999999999999,124.80000000000001,0.28725164562376276,913.5999999999999,-65.25,0.3500000000000001,0.0,1.6666666666666667,1.9999999999999998,-0.9999999999999998,-238.93749999999997,78,0.1122166886548768,0.36827010931038817,-0.3494444444444449,0.35936567160323846
303652,11,42,2020-01-04,2020-01-04 21:00:00,214,Espanyol,217,Barcelona,2,2,Regular Season,Stage Front Stadium,,D,0,2019/2020,0.25,3.0,0.25,8.5,15.75,0.25,3.0,0.609637906,1.8237969145,336.5,690.25,241.0,596.0,184.0,133.0,72.25,158.25,782.0,1447.25,321.25,247.25,3.75,1.0,0.0,0.0,0.3637783714157829,0.636221628584217,4,2019-03-30 16:15:00,280.1979166666667,0.25,0.25,3.0,8.5,0.609637906,0.3333333333333333,0.3333333333333333,2.333333333333333,,,,0.0294117612456751,0.3277331382247546,2.0444444444444443,0.3507906244921877,0.0,0.0,2.4,1.0,2.2,12.8,13.2,2.4,1.0,1.6854782470999996,1.3105169453,685.0,463.4,604.6,377.6,160.0,194.6,137.0,90.2,1293.2,923.8,268.8,314.0,2.6,2.6,0.0,0.0,0.5748288362727323,0.4251711637272676,83,2019-12-21 16:00:00,14.208333333333334,2.2,2.4,1.0,12.8,1.6854782470999996,1.6666666666666667,2.0,1.0,-0.1999999999999997,-0.6000000000000001,-0.1320330114400001,0.1874999853515636,0.5964820614799006,1.7777777777777777,0.5833107800706763,0.8,0.6,-2.15,2.0,-1.95,-4.300000000000001,2.5500000000000007,-2.15,2.0,-1.0758403410999997,0.5132799691999999,-348.5,226.85,-363.6,218.4,24.0,-61.6,-64.75,68.05,-511.2000000000001,523.45,52.44999999999999,-66.75,1.15,-1.6,0.0,0.0,-0.2110504648569493,0.2110504648569494,2,espanyol,barcelona,6.5,4.75,1.45,0.14596026490066225,0.1997350993377483,0.6543046357615894,True,-1.9500000000000002,-2.15,2.0,-4.300000000000001,-1.0758403410999997,0.5132799691999999,-348.5,-363.6,24.0,-64.75,-0.2110504648569494,-511.20000000000005,52.44999999999999,1.15,0.0,-1.3333333333333335,-1.6666666666666667,1.333333333333333,265.98958333333337,-79,-0.1580882241058885,-0.268748923255146,0.2666666666666666,-0.2325201555784886
303610,11,42,2020-01-19,2020-01-19 21:00:00,217,Barcelona,1049,Granada,1,0,Regular Season,Spotify Camp Nou,,H,1,2019/2020,2.6,1.4,1.8,13.0,11.6,2.6,1.4,1.7945098973999998,1.1515907479,690.2,454.0,612.4,369.6,164.8,205.4,130.2,86.2,1245.4,878.8,268.4,326.2,2.0,2.2,0.2,0.0,0.5782564624529657,0.4217435375470343,84,2020-01-04 21:00:00,15.0,1.8,2.6,1.4,13.0,1.7945098973999998,1.6666666666666667,2.0,1.0,-0.5999999999999999,0.0,0.0725047162000001,0.1999999846153858,0.6032162204132002,1.8311111111111111,0.586291309393517,0.8,0.6,2.0,0.0,3.0,9.0,8.0,2.0,0.0,1.8489029273,0.5349524370000001,250.0,691.0,167.0,610.0,179.0,90.0,36.0,132.0,552.0,1639.0,306.0,184.0,3.0,2.0,0.0,0.0,0.3294883170659568,0.6705116829340432,1,2019-09-21 21:00:00,120.0,3.0,2.0,0.0,9.0,1.8489029273,3.0,2.0,0.0,,,,0.2222221975308669,0.2656748137452978,1.988888888888889,0.2519397534222091,,,0.6000000000000001,1.4,-1.2,4.0,3.6,0.6000000000000001,1.4,-0.0543930299000001,0.6166383109,440.2000000000001,-237.0,445.4,-240.4,-14.199999999999989,115.4,94.2,-45.8,693.4000000000001,-760.2,-37.60000000000002,142.2,-1.0,0.2000000000000001,0.2,0.0,0.2487681453870088,-0.2487681453870088,2,barcelona,granada,1.16,7.5,17.0,0.8177270395074399,0.12647511544381734,0.055797845048742946,True,-1.2,0.6000000000000001,1.4,4.0,-0.05439302990000017,0.6166383109,440.20000000000005,445.4,-14.199999999999989,94.19999999999999,0.24876814538700887,693.4000000000001,-37.60000000000002,-1.0,0.2,-1.3333333333333333,0.0,1.0,-105.0,83,-0.0222222129154811,0.33754140666790244,-0.1577777777777778,0.33435155597130795
303400,11,42,2020-01-25,2020-01-25 16:00:00,207,Valencia,217,Barcelona,2,0,Regular Season,Estadio de Mestalla,Jesús Gil Manzano,H,2,2019/2020,1.25,1.5,0.75,12.25,13.5,1.25,1.5,1.7843603054,1.1581187753,382.5,840.5,300.25,744.25,236.75,132.5,64.75,278.25,661.75,1454.75,369.25,241.25,2.0,1.75,0.0,0.0,0.3581490235987766,0.6418509764012233,4,2019-02-02 18:30:00,356.8958333333333,0.75,1.25,1.5,12.25,1.7843603054,0.6666666666666666,1.3333333333333333,1.6666666666666667,,,,0.1020408079966687,0.3127555189593168,2.6305555555555555,0.3126624142156095,0.0,0.0,1.8,1.0,1.8,11.6,10.8,1.8,1.0,1.4485075964999998,0.9853087499,746.6,422.0,666.2,336.8,162.0,220.8,145.8,80.2,1366.0,840.8,267.8,346.0,1.4,2.8,0.2,0.2,0.6038274261728209,0.3961725738271791,85,2020-01-19 21:00:00,5.791666666666667,1.8,1.8,1.0,11.6,1.4485075964999998,2.333333333333333,2.333333333333333,1.0,-0.5999999999999999,-0.8,-0.4511379471999999,0.1551724004161724,0.6388841343155193,1.8,0.6189958307871144,0.8,0.4,-0.55,0.5,-1.05,0.6500000000000004,2.6999999999999997,-0.55,0.5,0.3358527089000001,0.1728100253999999,-364.1,418.5,-365.9500000000001,407.45,74.75,-88.30000000000001,-81.05000000000001,198.05,-704.25,613.95,101.45,-104.75,0.6000000000000001,-1.0499999999999998,-0.2,-0.2,-0.2456784025740442,0.2456784025740442,2,valencia,barcelona,5.0,4.33,1.61,0.1901023416131962,0.21951771548867918,0.5903799428981247,True,-1.05,-0.55,0.5,0.6500000000000004,0.3358527089000001,0.1728100254,-364.1,-365.95000000000005,74.75,-81.05000000000001,-0.24567840257404433,-704.25,101.44999999999999,0.6000000000000001,-0.2,-1.6666666666666665,-0.9999999999999998,0.6666666666666667,351.10416666666663,-81,-0.05313159241950369,-0.32612861535620247,0.8305555555555555,-0.3063334165715049
303682,11,42,2020-02-02,2020-02-02 21:00:00,217,Barcelona,221,Levante UD,2,1,Regular Season,Spotify Camp Nou,,H,1,2019/2020,1.4,1.0,1.6,12.6,8.6,1.4,1.0,1.2989849858999998,0.6843471039000001,813.8,366.0,736.8,281.6,143.0,217.2,180.4,62.8,1440.0,701.0,250.0,339.0,1.8,3.0,0.2,0.2,0.6482692685726931,0.3517307314273069,86,2020-01-25 16:00:00,8.208333333333334,1.6,1.4,1.0,12.6,1.2989849858999998,1.3333333333333333,1.0,1.3333333333333333,-1.0,-1.4,-0.5554605651999998,0.1111111022927696,0.6897779278777946,1.5888888888888888,0.672582904870349,0.8,0.4,0.75,2.5,0.75,11.25,16.25,0.75,2.5,0.8573002805,2.30803883755,378.25,655.5,292.5,581.0,173.0,153.0,75.5,145.75,777.0,1300.0,288.25,260.0,2.5,3.25,0.25,0.0,0.3899896627689783,0.6100103372310217,4,2019-11-02 16:00:00,92.20833333333331,0.75,0.75,2.5,11.25,0.8573002805,1.0,1.0,2.333333333333333,,,,0.0666666607407412,0.3659008460789351,1.9222222222222225,0.3740972554770836,0.0,0.0,0.6499999999999999,-1.5,0.8500000000000001,1.3499999999999996,-7.65,0.6499999999999999,-1.5,0.4416847053999998,-1.62369173365,435.55,-289.5,444.3,-299.4,-30.0,64.19999999999999,104.9,-82.95,663.0,-599.0,-38.25,79.0,-0.7,-0.25,-0.0499999999999999,0.2,0.2582796058037148,-0.2582796058037148,2,barcelona,levanteud,1.14,9.0,15.0,0.8314855875831485,0.10532150776053213,0.06319290465631928,True,0.8500000000000001,0.6499999999999999,-1.5,1.3499999999999996,0.4416847053999998,-1.6236917336499999,435.54999999999995,444.29999999999995,-30.0,104.9,0.2582796058037148,663.0,-38.25,-0.7,-0.04999999999999999,0.33333333333333326,0.0,-0.9999999999999998,-83.99999999999999,82,0.04444444155202841,0.3238770817988595,-0.3333333333333337,0.2984856493932654
303707,11,42,2020-02-09,2020-02-09 21:00:00,218,Real Betis,217,Barcelona,2,3,Regular Season,Estadio Benito Villamarín,,A,-1,2019/2020,1.25,3.5,0.75,9.5,16.25,1.25,3.25,0.89219281375,2.4014262747500004,508.75,570.0,426.25,488.5,202.5,191.0,90.25,138.0,929.5,1021.25,318.0,292.0,1.75,2.25,0.0,0.25,0.4787226309868114,0.5212773690131886,4,2019-03-17 20:45:00,329.0104166666667,0.75,1.25,3.5,9.5,0.89219281375,1.0,1.6666666666666667,4.0,,,,0.131578933518007,0.4716106600494918,2.25,0.4764834035747874,0.0,0.0,1.8,1.2,2.0,15.4,7.0,1.8,1.2,1.7401640899,0.777527103,848.6,327.6,771.2,246.8,129.8,223.6,207.2,44.0,1490.0,679.6,227.4,347.4,1.6,2.0,0.2,0.2,0.6713876681207296,0.3286123318792704,87,2020-02-02 21:00:00,7.0,2.0,1.8,1.2,15.4,1.7401640899,2.0,1.0,1.0,-0.2000000000000001,-0.1999999999999999,0.0534734812000001,0.1168831092933046,0.7214759388526815,1.4422222222222223,0.6867625365566177,0.8,0.4,-0.55,2.3,-1.25,-5.9,9.25,-0.55,2.05,-0.8479712761499999,1.6238991717500002,-339.85,242.4,-344.95000000000005,241.7,72.69999999999999,-32.599999999999994,-116.95,94.0,-560.5,341.65,90.6,-55.39999999999998,0.1499999999999999,0.25,-0.2,0.0499999999999999,-0.1926650371339181,0.192665037133918,2,betis,barcelona,4.0,3.8,1.85,0.23725953425582186,0.249746878164023,0.5129935875801553,True,-1.25,-0.55,2.3,-5.9,-0.8479712761499999,1.6238991717500002,-339.85,-344.95000000000005,72.69999999999999,-116.94999999999999,-0.1926650371339182,-560.5,90.6,0.1499999999999999,-0.2,-1.0,0.6666666666666667,3.0,322.0104166666667,-83,0.014695824224702406,-0.24986527880318965,0.8077777777777777,-0.21027913298183026
303377,11,42,2020-02-15,2020-02-15 16:00:00,217,Barcelona,216,Getafe,2,1,Regular Season,Spotify Camp Nou,,H,1,2019/2020,1.6,1.4,2.0,15.8,7.4,1.6,1.4,1.7084764265,0.8874353922400001,836.8,317.6,761.0,243.4,118.0,216.0,205.2,46.6,1538.4,682.2,218.0,337.4,2.0,2.0,0.4,0.4,0.6754567702823984,0.3245432297176017,88,2020-02-09 21:00:00,5.791666666666667,2.0,1.6,1.4,15.8,1.7084764265,2.0,1.6666666666666667,1.6666666666666667,-0.2000000000000001,-0.7999999999999998,0.0229981794000004,0.1012658163755812,0.7248787242507979,1.3111111111111111,0.6927857332735361,0.8,0.4,0.5,1.5,0.25,11.0,11.5,0.5,1.25,0.909888672525,1.32433001875,262.5,807.5,164.25,715.0,246.5,93.0,54.75,176.75,679.0,1643.5,378.25,206.25,3.0,2.5,0.0,0.0,0.3120552395064755,0.6879447604935245,4,2019-05-12 18:30:00,278.8958333333333,0.25,0.5,1.5,11.0,0.909888672525,0.3333333333333333,0.3333333333333333,1.3333333333333333,,,,0.0454545413223144,0.2453271025744606,2.738888888888889,0.2923573733940334,0.0,0.0,1.1,-0.1,1.75,4.800000000000001,-4.1,1.1,0.1499999999999999,0.7985877539750001,-0.4368946265099999,574.3,-489.9,596.75,-471.6,-128.5,123.0,150.45,-130.15,859.4000000000001,-961.3,-160.25,131.14999999999998,-1.0,-0.5,0.4,0.4,0.3634015307759228,-0.3634015307759228,2,barcelona,getafe,1.4,4.75,8.0,0.6803939122649956,0.20053715308863027,0.11906893464637423,True,1.75,1.1,-0.10000000000000009,4.800000000000001,0.798587753975,-0.4368946265099999,574.3,596.75,-128.5,150.45,0.36340153077592285,859.4000000000001,-160.25,-1.0,0.4,1.6666666666666667,1.3333333333333335,0.3333333333333335,-273.10416666666663,84,0.0558112750532668,0.4795516216763373,-1.4277777777777778,0.4004283598795027
303731,11,42,2020-02-22,2020-02-22 16:00:00,217,Barcelona,322,Eibar,5,0,Regular Season,Spotify Camp Nou,,H,5,2019/2020,1.6,1.2,2.4,15.4,7.0,1.6,1.2,1.7446754083999998,0.95311338224,830.4,299.4,750.4,222.6,110.8,222.0,195.2,43.8,1600.0,685.2,210.0,337.0,2.4,2.0,0.2,0.4,0.6832449817112796,0.3167550182887204,89,2020-02-15 16:00:00,7.0,2.4,1.6,1.2,15.4,1.7446754083999998,3.0,2.333333333333333,1.3333333333333333,0.5999999999999999,-1.0,-0.0498344889999999,0.103896097149604,0.7349973440122168,1.231111111111111,0.7001575351390875,0.8,0.4,0.6,3.2,0.2,13.4,9.0,0.6,3.2,0.8963914326000001,1.6290195409,463.0,630.6,353.6,535.0,183.0,133.8,106.8,78.6,818.8,1178.6,312.6,263.4,2.8,1.0,0.2,0.0,0.4423280427494388,0.5576719572505612,5,2019-10-19 13:00:00,126.125,0.2,0.6,3.2,13.4,0.8963914326000001,0.3333333333333333,0.6666666666666666,2.6666666666666665,,,,0.0447761160614838,0.4233723478206178,2.033333333333333,0.4099329125813893,0.0,0.0,1.0,-2.0,2.2,2.0,-2.0,1.0,-2.0,0.8482839757999997,-0.6759061586599998,367.4,-331.20000000000005,396.8,-312.4,-72.2,88.19999999999999,88.39999999999999,-34.8,781.2,-493.3999999999999,-102.60000000000002,73.60000000000002,-0.3999999999999999,1.0,0.0,0.4,0.2409169389618407,-0.2409169389618407,2,barcelona,eibar,1.2,6.5,13.0,0.783132530120482,0.14457831325301207,0.07228915662650603,True,2.1999999999999997,1.0,-2.0,2.0,0.8482839757999997,-0.6759061586599999,367.4,396.79999999999995,-72.2,88.39999999999999,0.24091693896184074,781.2,-102.60000000000002,-0.3999999999999999,0.0,2.6666666666666665,1.6666666666666665,-1.3333333333333333,-119.125,84,0.0591199810881202,0.31162499619159906,-0.8022222222222222,0.2902246225576982
303470,11,42,2020-03-01,2020-03-01 21:00:00,220,Real Madrid,217,Barcelona,2,0,Regular Season,Bernabéu,Antonio Miguel Mateu Lahoz,H,2,2019/2020,0.5,1.5,0.5,16.25,12.0,0.5,1.5,1.179727460475,1.584627845125,541.0,582.5,458.25,505.0,210.0,166.0,136.5,112.75,839.0,1065.5,313.5,286.0,3.75,2.5,0.25,0.25,0.4876607500151818,0.5123392499848182,4,2019-12-18 20:00:00,74.04166666666667,0.5,0.5,1.5,16.25,1.179727460475,0.6666666666666666,0.6666666666666666,1.0,,,,0.0307692288757397,0.4815309297004619,2.333333333333333,0.4405355734100626,0.0,0.0,2.4,1.2,2.4,14.4,8.4,2.4,1.2,2.2319155744,1.0435381459400002,774.0,317.6,689.4,239.8,102.4,182.2,159.8,52.0,1489.6,692.0,203.4,298.6,2.4,1.8,0.2,0.2,0.6655887360766582,0.3344112639233417,90,2020-02-22 16:00:00,8.208333333333334,2.4,2.4,1.2,14.4,2.2319155744,3.0,3.333333333333333,1.0,0.5999999999999999,0.5999999999999999,0.7834079779,0.1666666550925934,0.7090509337586561,1.1377777777777778,0.6828016131817007,0.8,0.4,-1.9,0.3,-1.9,1.85,3.6,-1.9,0.3,-1.0521881139249998,0.5410896991849998,-233.0,264.9,-231.15,265.2,107.6,-16.19999999999999,-23.30000000000001,60.75,-650.5999999999999,373.5,110.1,-12.600000000000025,1.35,0.7,0.0499999999999999,0.0499999999999999,-0.1779279860614764,0.1779279860614764,2,realmadrid,barcelona,2.2,3.6,3.1,0.4308880308880309,0.2633204633204634,0.3057915057915058,True,-1.9,-1.9,0.30000000000000004,1.8499999999999996,-1.0521881139249998,0.5410896991849998,-233.0,-231.14999999999998,107.6,-23.30000000000001,-0.17792798606147647,-650.5999999999999,110.1,1.35,0.04999999999999999,-2.3333333333333335,-2.6666666666666665,0.0,65.83333333333334,-86,-0.1358974262168537,-0.22752000405819423,1.1955555555555553,-0.24226603977163813
303479,11,42,2020-03-07,2020-03-07 18:30:00,217,Barcelona,210,Real Sociedad,1,0,Regular Season,Spotify Camp Nou,,H,1,2019/2020,2.4,1.2,2.4,13.4,9.4,2.4,1.2,2.2126981922,0.96003901714,735.4,359.8,647.4,282.4,119.6,193.6,135.4,72.2,1450.0,718.8,221.2,309.8,2.2,2.0,0.2,0.2,0.637669192880323,0.362330807119677,91,2020-03-01 21:00:00,5.895833333333333,2.4,2.4,1.2,13.4,2.2126981922,2.0,2.333333333333333,1.0,0.7999999999999998,1.0,0.9137132063000002,0.1791044642459355,0.6714755289705299,1.3288888888888888,0.6685724821705217,1.0,0.4,1.2,2.2,0.2,12.4,11.0,1.2,2.2,1.22403826,1.396212138,485.6,606.6,399.2,521.0,188.4,168.6,89.4,122.2,905.4,1137.8,305.2,275.6,1.2,1.4,0.0,0.0,0.4597134308271062,0.5402865691728937,5,2019-12-14 16:00:00,84.10416666666667,0.2,1.2,2.2,12.4,1.22403826,0.3333333333333333,1.3333333333333333,2.0,,,,0.0967741857440172,0.44460721438875,2.0933333333333333,0.4431284257815542,0.0,0.0,1.2,-1.0000000000000002,2.2,1.0,-1.5999999999999996,1.2,-1.0000000000000002,0.9886599322,-0.4361731208599998,249.79999999999995,-246.8,248.2,-238.6,-68.80000000000001,25.0,46.0,-50.0,544.6,-419.0,-84.0,34.19999999999999,1.0000000000000002,0.6000000000000001,0.2,0.2,0.1779557620532167,-0.1779557620532167,2,barcelona,realsociedad,1.33,5.5,8.5,0.7151598592626587,0.17293865687624294,0.11190148386109836,True,2.1999999999999997,1.2,-1.0000000000000002,1.0,0.9886599322,-0.43617312086000015,249.79999999999995,248.2,-68.80000000000001,46.0,0.17795576205321678,544.6,-84.0,1.0000000000000002,0.2,1.6666666666666667,0.9999999999999998,-1.0,-78.20833333333334,86,0.08233027850191832,0.22686831458177986,-0.7644444444444445,0.22544405638896747
303548,11,42,2020-06-13,2020-06-13 22:00:00,1043,Mallorca,217,Barcelona,0,4,Regular Season,Visit Mallorca Estadi,,A,-4,2019/2020,2.0,5.0,0.0,9.0,25.0,2.0,5.0,1.050319794,3.2707426255,397.0,746.0,315.0,674.0,276.0,172.0,59.0,216.0,893.0,1394.0,403.0,276.0,0.0,3.0,0.0,0.0,0.3967551622418879,0.6032448377581121,1,2019-12-07 21:00:00,189.04166666666663,0.0,2.0,5.0,9.0,1.050319794,0.0,2.0,5.0,,,,0.2222221975308669,0.3473315832481788,3.066666666666667,0.3904678616569882,,,2.2,1.0,2.4,11.4,9.6,2.2,1.0,2.0144640596,0.8077877813400001,691.6,378.6,599.8,297.4,125.6,187.6,114.2,80.6,1350.0,757.6,230.2,299.8,2.6,2.6,0.2,0.2,0.6161264845631501,0.3838735154368499,92,2020-03-07 18:30:00,98.14583333333331,2.4,2.2,1.0,11.4,2.0144640596,2.0,2.0,0.6666666666666666,0.3999999999999999,0.4000000000000001,0.2742999696999999,0.1929824392120667,0.6462343481160209,1.3955555555555554,0.6405390014041854,1.0,0.2,-0.2000000000000001,4.0,-2.4,-2.4000000000000004,15.4,-0.2000000000000001,4.0,-0.9641442656,2.4629548441599995,-294.6,367.4,-284.79999999999995,376.6,150.4,-15.599999999999994,-55.2,135.4,-457.0,636.4,172.8,-23.80000000000001,-2.6,0.3999999999999999,-0.2,-0.2,-0.2193713223212622,0.2193713223212622,2,mallorca,barcelona,10.0,5.75,1.28,0.09477208344063869,0.16482101467937163,0.7404069018799897,True,-2.4,-0.20000000000000018,4.0,-2.4000000000000004,-0.9641442655999999,2.46295484416,-294.6,-284.79999999999995,150.4,-55.2,-0.21937132232126222,-457.0,172.8,-2.6,-0.2,-2.0,0.0,4.333333333333333,90.89583333333331,-91,0.029239758318800185,-0.29890276486784206,1.6711111111111114,-0.2500711397471972
303532,11,42,2020-06-16,2020-06-16 22:00:00,217,Barcelona,205,Leganés,2,0,Regular Season,Spotify Camp Nou,,H,2,2019/2020,2.4,0.6,2.4,11.8,10.6,2.4,0.6,2.1413334042,0.7431603841,690.0,400.8,598.2,312.2,131.2,194.2,116.0,89.6,1337.4,746.2,242.6,311.0,2.2,2.0,0.0,0.0,0.603323929970008,0.3966760700299919,93,2020-06-13 22:00:00,3.0,2.4,2.4,0.6,11.8,2.1413334042,2.0,1.6666666666666667,0.6666666666666666,0.3999999999999999,0.7999999999999998,0.4328569776999995,0.2033898132720497,0.6325632557457249,1.4577777777777776,0.6418698403523373,1.0,0.2,1.0,2.4,0.6,10.4,11.6,1.0,2.4,0.8061524022400001,1.5795877034,296.0,776.0,202.2,673.6,210.6,110.0,48.8,170.2,687.4,1559.4,344.8,217.0,2.6,2.2,0.0,0.0,0.3287737357199041,0.6712262642800959,5,2019-11-23 13:00:00,206.375,0.6,1.0,2.4,10.4,0.8061524022400001,1.0,1.3333333333333333,2.0,,,,0.0961538369082849,0.2761194027275005,2.34,0.3059462345086584,0.3333333333333333,0.0,1.4,-1.7999999999999998,1.7999999999999998,1.4000000000000004,-1.0,1.4,-1.7999999999999998,1.3351810019599997,-0.8364273193000001,394.0,-375.2,396.00000000000006,-361.4,-79.4,84.19999999999999,67.2,-80.6,650.0000000000001,-813.2,-102.20000000000002,94.0,-0.3999999999999999,-0.2000000000000001,0.0,0.0,0.2745501942501039,-0.2745501942501039,2,barcelona,leganes,1.16,7.5,13.0,0.803924802110818,0.12434036939313983,0.07173482849604221,True,1.7999999999999998,1.4,-1.7999999999999998,1.4000000000000004,1.3351810019600001,-0.8364273193000001,394.0,396.00000000000006,-79.4,67.2,0.27455019425010396,650.0000000000001,-102.20000000000002,-0.3999999999999999,0.0,1.0,0.3333333333333335,-1.3333333333333335,-203.375,88,0.10723597636376479,0.3564438530182244,-0.8822222222222222,0.3359236058436789
303674,11,42,2020-06-19,2020-06-19 22:00:00,213,Sevilla,217,Barcelona,0,0,Regular Season,Estadio Ramón Sánchez Pizjuán,José Luis González González,D,0,2019/2020,1.4,3.2,0.2,15.6,18.6,1.2,3.2,1.52492162966,1.87797997816,466.4,595.2,375.6,513.8,172.0,132.2,108.8,138.4,872.0,1198.0,297.4,250.6,2.4,1.4,0.0,0.4,0.4524003765147307,0.5475996234852692,5,2019-10-06 21:00:00,257.0416666666667,0.2,1.4,3.2,15.6,1.52492162966,0.0,1.3333333333333333,4.0,,,,0.0769230719921107,0.4393368496238349,1.9111111111111112,0.4212560384438377,0.0,0.0,2.4,0.4,2.4,11.4,10.6,2.4,0.4,2.1287554208,0.7448075569,726.2,413.4,638.0,329.4,136.2,184.8,130.0,89.2,1287.0,759.4,247.0,301.2,2.6,2.2,0.0,0.0,0.6076402267154093,0.3923597732845906,94,2020-06-16 22:00:00,3.0,2.4,2.4,0.4,11.4,2.1287554208,3.0,2.333333333333333,0.0,0.0,0.7999999999999998,0.3840800123999999,0.2105262973222546,0.6372411366819576,1.5133333333333332,0.6289093038365376,1.0,0.4,-1.0,2.8000000000000003,-2.2,4.199999999999999,8.000000000000002,-1.2,2.8000000000000003,-0.6038337911399996,1.1331724212600005,-259.80000000000007,181.80000000000007,-262.4,184.4,35.80000000000001,-52.60000000000002,-21.200000000000003,49.2,-415.0,438.6,50.39999999999998,-50.6,-0.2000000000000001,-0.8000000000000003,0.0,0.4,-0.1552398502006785,0.1552398502006786,2,sevilla,barcelona,3.4,3.6,2.05,0.2775479503572772,0.2621286197818729,0.46032342986085,True,-2.1999999999999997,-1.0,2.8000000000000003,4.199999999999999,-0.60383379114,1.1331724212599998,-259.80000000000007,-262.4,35.80000000000001,-21.200000000000003,-0.1552398502006786,-415.0,50.39999999999998,-0.20000000000000018,0.0,-3.0,-0.9999999999999998,4.0,254.04166666666669,-89,-0.1336032253301439,-0.19790428705812269,0.397777777777778,-0.20765326539269996
303493,11,42,2020-06-23,2020-06-23 22:00:00,217,Barcelona,215,Athletic Club,1,0,Regular Season,Spotify Camp Nou,Jesús Gil Manzano,H,1,2019/2020,1.4,0.4,2.0,10.8,9.8,1.4,0.4,1.4345745039999998,0.715352369,731.0,435.2,642.4,350.8,135.0,191.0,145.4,88.6,1194.0,743.2,240.6,300.8,3.0,2.4,0.0,0.0,0.6008951721633071,0.3991048278366929,95,2020-06-19 22:00:00,4.0,2.0,1.4,0.4,10.8,1.4345745039999998,2.333333333333333,2.0,0.0,-0.3999999999999999,-1.0,-0.7973410704000001,0.1296296176268872,0.6268221568969111,1.5,0.616353499578591,1.0,0.4,0.25,1.25,0.5,12.25,16.0,0.25,1.25,0.94716821875,1.85770493925,378.5,662.0,274.0,561.5,174.5,112.5,65.75,127.5,709.25,1270.25,319.0,244.5,2.25,2.75,0.25,0.0,0.3935831707713185,0.6064168292286815,4,2019-02-10 20:45:00,499.0520833333333,0.5,0.25,1.25,12.25,0.94716821875,0.6666666666666666,0.3333333333333333,1.0,,,,0.0204081615993337,0.3637674191602427,1.9388888888888889,0.3582975497053308,0.0,0.0,1.15,-0.85,1.5,-1.4499999999999993,-6.199999999999999,1.15,-0.85,0.4874062852499997,-1.14235257025,352.5,-226.8,368.4,-210.7,-39.5,78.5,79.65,-38.900000000000006,484.75,-527.05,-78.4,56.30000000000001,0.75,-0.3500000000000001,-0.25,0.0,0.2073120013919885,-0.2073120013919885,2,barcelona,athleticclub,1.3,5.25,10.0,0.7258900795022467,0.1797442101624611,0.09436571033529209,True,1.5,1.15,-0.85,-1.4499999999999993,0.48740628524999974,-1.14235257025,352.5,368.4,-39.5,79.65,0.20731200139198863,484.75,-78.4,0.75,-0.25,1.6666666666666665,1.6666666666666667,-1.0,-495.0520833333333,91,0.10922145602755351,0.26305473773666843,-0.4388888888888889,0.2580559498732602
303516,11,42,2020-06-27,2020-06-27 17:00:00,209,Celta Vigo,217,Barcelona,2,2,Regular Season,Abanca-Balaídos,,D,0,2019/2020,1.25,2.5,0.5,11.25,13.5,1.25,2.5,1.312774828375,2.0300874555,477.0,650.25,385.25,559.5,157.0,159.5,91.5,151.25,743.0,1089.75,277.0,271.0,2.75,1.75,0.0,0.25,0.4367884106961859,0.5632115893038141,4,2019-11-09 21:00:00,230.83333333333331,0.5,1.25,2.5,11.25,1.312774828375,0.3333333333333333,1.0,2.6666666666666665,,,,0.1111111012345687,0.4231536922393846,1.7444444444444445,0.4054017185074878,0.0,0.0,1.6,0.0,2.6,12.6,8.6,1.6,0.0,1.5557921385999998,0.6799586194,759.8,388.6,664.6,300.0,117.4,187.6,163.4,71.8,1256.4,752.4,222.2,308.4,3.0,2.2,0.0,0.0,0.6254294241431626,0.3745705758568374,96,2020-06-23 22:00:00,3.7916666666666665,2.6,1.6,0.0,12.6,1.5557921385999998,2.333333333333333,1.0,0.0,0.2000000000000001,-0.7999999999999998,-0.6569060536000002,0.1269841169060225,0.6616161610400415,1.3044444444444443,0.625448028362481,1.0,0.4,-0.3500000000000001,2.5,-2.1,-1.3499999999999996,4.9,-0.3500000000000001,2.5,-0.2430173102249997,1.3501288361,-282.79999999999995,261.65,-279.35,259.5,39.6,-28.099999999999994,-71.9,79.45,-513.4000000000001,337.35,54.80000000000001,-37.39999999999998,-0.25,-0.4500000000000002,0.0,0.25,-0.1886410134469766,0.1886410134469767,2,celtavigo,barcelona,5.25,4.2,1.61,0.1814595660749507,0.22682445759368838,0.591715976331361,True,-2.1,-0.3500000000000001,2.5,-1.3499999999999996,-0.24301731022499973,1.3501288361,-282.79999999999995,-279.35,39.599999999999994,-71.9,-0.1886410134469767,-513.4000000000001,54.80000000000001,-0.25,0.0,-1.9999999999999998,0.0,2.6666666666666665,227.04166666666666,-92,-0.015873015671453786,-0.2384624688006569,0.44000000000000017,-0.22004630985499324
303696,11,42,2020-06-30,2020-06-30 22:00:00,217,Barcelona,212,Atlético Madrid,2,2,Regular Season,Spotify Camp Nou,,D,0,2019/2020,1.8,0.4,2.2,13.6,8.6,1.8,0.4,1.5322778863999995,1.0660320882,784.0,360.0,691.2,274.6,115.8,196.2,169.4,67.0,1299.4,692.0,220.6,324.0,3.0,2.2,0.0,0.0,0.6421285983917914,0.3578714016082087,97,2020-06-27 17:00:00,3.208333333333333,2.2,1.8,0.4,13.6,1.5322778863999995,1.6666666666666667,1.0,0.6666666666666666,-0.1999999999999997,-0.4000000000000001,-0.4821861732000001,0.1323529314446374,0.685314684715634,1.2866666666666666,0.6525057745041147,1.0,0.4,0.4,1.2,0.4,7.6,14.4,0.4,1.2,0.4943165434,1.11096643454,401.6,731.0,310.2,642.4,200.4,149.2,84.6,199.8,735.6,1428.4,342.2,266.6,3.6,2.8,0.2,0.0,0.387915671302139,0.612084328697861,5,2019-12-01 21:00:00,212.04166666666663,0.4,0.4,1.2,7.6,0.4943165434,0.3333333333333333,0.3333333333333333,1.3333333333333333,,,,0.0526315720221615,0.3545823765189984,2.2266666666666666,0.3399260626894981,0.0,0.0,1.4,-0.7999999999999999,1.8000000000000005,6.0,-5.800000000000001,1.4,-0.7999999999999999,1.0379613429999996,-0.04493434634,382.4,-371.0,381.00000000000006,-367.8,-84.60000000000001,47.0,84.80000000000001,-132.8,563.8000000000001,-736.4000000000001,-121.6,57.39999999999998,-0.6000000000000001,-0.5999999999999996,-0.2,0.0,0.2542129270896523,-0.2542129270896522,2,barcelona,atleticomadrid,1.8,3.6,4.75,0.5322128851540617,0.26610644257703087,0.20168067226890757,True,1.8000000000000003,1.4,-0.7999999999999999,6.0,1.0379613429999996,-0.04493434634000004,382.4,381.00000000000006,-84.60000000000001,84.80000000000001,0.2542129270896524,563.8000000000001,-121.6,-0.6000000000000001,-0.2,1.3333333333333335,0.6666666666666667,-0.6666666666666666,-208.8333333333333,92,0.07972135942247588,0.33073230819663557,-0.94,0.31257971181461663
303725,11,42,2020-07-05,2020-07-05 22:00:00,222,Villarreal,217,Barcelona,1,4,Regular Season,Estadio de la Cerámica,,A,-3,2019/2020,1.2,3.0,0.2,13.6,13.6,1.2,3.0,1.1671189408,2.0248638,438.6,717.6,364.8,636.8,206.6,155.8,68.0,185.4,838.6,1387.0,307.8,250.2,2.8,2.8,0.4,0.0,0.4028071769950412,0.5971928230049588,5,2019-09-24 21:00:00,285.0416666666667,0.2,1.2,3.0,13.6,1.1671189408,0.3333333333333333,1.6666666666666667,2.6666666666666665,,,,0.0882352876297582,0.3793461335587734,2.295555555555556,0.376797267983107,0.0,0.0,1.4,0.8,1.8,13.6,8.2,1.2,0.8,1.4141044947999997,1.30934395906,796.0,337.2,705.0,256.2,112.0,203.2,181.0,63.8,1290.8,686.8,213.0,332.0,3.2,3.0,0.0,0.0,0.6541653570156543,0.3458346429843458,98,2020-06-30 22:00:00,5.0,1.8,1.4,0.8,13.6,1.4141044947999997,1.6666666666666667,1.6666666666666667,1.3333333333333333,-0.5999999999999999,-1.0,-0.7272289094,0.0882352876297582,0.7024355800366787,1.2444444444444445,0.6527103556570032,1.0,0.4,-0.1999999999999999,2.2,-1.6,0.0,5.4,0.0,2.2,-0.2469855539999996,0.7155198409399999,-357.4,380.4,-340.2,380.6,94.6,-47.39999999999998,-113.0,121.6,-452.19999999999993,700.2,94.8,-81.80000000000001,-0.4000000000000003,-0.2000000000000001,0.4,0.0,-0.251358180020613,0.2513581800206129,2,villareal,barcelona,4.33,4.0,1.72,0.21739405199762382,0.2353290612874278,0.5472768867149485,True,-1.6,-0.19999999999999996,2.2,0.0,-0.24698555399999966,0.7155198409399999,-357.4,-340.2,94.6,-113.0,-0.25135818002061305,-452.19999999999993,94.80000000000001,-0.40000000000000036,0.4,-1.3333333333333335,0.0,1.3333333333333333,280.0416666666667,-93,0.0,-0.32308944647790533,1.0511111111111116,-0.2759130876738962
303615,11,42,2020-07-08,2020-07-08 22:00:00,217,Barcelona,214,Espanyol,1,0,Regular Season,Spotify Camp Nou,,H,1,2019/2020,1.8,1.0,1.8,15.2,9.0,1.4,1.0,1.6086787712,1.34047108626,787.2,356.8,698.2,276.6,122.0,191.4,178.6,67.6,1234.2,685.0,218.4,320.2,2.2,2.6,0.0,0.0,0.6423641507970326,0.3576358492029675,99,2020-07-05 22:00:00,3.0,1.8,1.8,1.0,15.2,1.6086787712,1.6666666666666667,2.6666666666666665,1.6666666666666667,-0.5999999999999999,-0.5999999999999999,-0.5200766495999998,0.0921052570983383,0.6881118875103917,1.3555555555555556,0.6430804498525008,0.8,0.4,0.6,2.8,0.4,8.4,15.4,0.6,2.8,0.5717768672,1.7542819400999998,336.0,702.2,242.2,611.4,193.4,132.2,69.8,152.8,760.6,1443.2,331.2,244.2,3.4,1.0,0.0,0.2,0.3624077808464772,0.6375922191535228,5,2020-01-04 21:00:00,186.04166666666663,0.4,0.6,2.8,8.4,0.5717768672,0.3333333333333333,0.6666666666666666,2.6666666666666665,,,,0.071428562925171,0.3236370638377604,2.148888888888889,0.3451311369701737,0.0,0.0,1.2000000000000002,-1.7999999999999998,1.4,6.799999999999999,-6.4,0.7999999999999999,-1.7999999999999998,1.036901904,-0.4138108538399998,451.2000000000001,-345.40000000000003,456.00000000000006,-334.79999999999995,-71.4,59.20000000000002,108.8,-85.20000000000002,473.6,-758.2,-112.79999999999998,76.0,-1.1999999999999995,1.6,0.0,-0.2,0.2799563699505553,-0.2799563699505553,2,barcelona,espanyol,1.14,8.0,19.0,0.8316008316008316,0.1185031185031185,0.04989604989604989,True,1.4,1.2000000000000002,-1.7999999999999998,6.799999999999999,1.036901904,-0.4138108538399998,451.20000000000005,456.00000000000006,-71.4,108.8,0.2799563699505554,473.6,-112.79999999999998,-1.1999999999999997,0.0,1.3333333333333335,2.0,-0.9999999999999998,-183.04166666666663,94,0.02067669417316731,0.36447482367263123,-0.7933333333333334,0.29794931288232707
303680,11,42,2020-07-11,2020-07-11 19:30:00,901,Real Valladolid,217,Barcelona,0,1,Regular Season,Estadio Municipal José Zorrilla,Antonio Miguel Mateu Lahoz,A,-1,2019/2020,0.3333333333333333,2.333333333333333,0.0,9.0,16.333333333333332,0.3333333333333333,2.333333333333333,0.4362015506666667,2.2674303526666666,426.3333333333333,680.3333333333334,330.0,587.3333333333334,180.66666666666663,162.0,64.33333333333333,172.0,816.3333333333334,1331.6666666666667,312.3333333333333,276.6666666666667,2.333333333333333,0.6666666666666666,0.0,0.0,0.4084249064205614,0.5915750935794386,3,2019-10-29 21:15:00,255.92708333333331,0.0,0.3333333333333333,2.333333333333333,9.0,0.4362015506666667,0.0,0.3333333333333333,2.333333333333333,,,,0.0370370329218111,0.3852409635073123,2.007407407407407,0.3800434510955726,0.0,0.0,2.0,1.0,2.2,15.0,9.6,1.6,1.0,1.7385652504,1.38842875856,805.0,328.4,720.0,250.2,116.4,187.6,175.6,61.4,1296.6,667.2,210.2,318.6,1.8,2.6,0.2,0.2,0.6580521792754112,0.3419478207245889,100,2020-07-08 22:00:00,2.895833333333333,2.2,2.0,1.0,15.0,1.7385652504,2.333333333333333,2.333333333333333,1.0,0.2000000000000001,0.6000000000000001,0.3039907464000002,0.106666659555556,0.7102523374711025,1.2933333333333334,0.660250534341455,0.8,0.4,-1.6666666666666667,1.3333333333333337,-2.2,-6.0,6.7333333333333325,-1.2666666666666668,1.3333333333333337,-1.3023636997333332,0.8790015941066665,-378.6666666666667,351.9333333333334,-390.0,337.1333333333334,64.26666666666665,-25.599999999999994,-111.26666666666668,110.6,-480.26666666666654,664.4666666666667,102.13333333333333,-41.93333333333334,0.5333333333333334,-1.9333333333333336,-0.2,-0.2,-0.2496272728548497,0.2496272728548497,2,realvalladolid,barcelona,9.5,5.25,1.3,0.09884141926140477,0.1788559015206372,0.7223026792179579,True,-2.2,-1.6666666666666667,1.333333333333333,-6.0,-1.3023636997333332,0.8790015941066667,-378.6666666666667,-390.0,64.26666666666662,-111.26666666666667,-0.24962727285484976,-480.26666666666654,102.13333333333333,0.533333333333333,-0.2,-2.333333333333333,-1.9999999999999998,1.333333333333333,253.03124999999997,-97,-0.0696296266337449,-0.3250113739637902,0.7140740740740736,-0.2802070832458824
303421,11,42,2020-07-19,2020-07-19 17:00:00,206,Deportivo Alavés,217,Barcelona,0,5,Regular Season,Estadio de Mendizorroza,,A,-5,2019/2020,0.4,2.6,0.0,6.4,18.0,0.4,2.6,0.53749328048,2.19394116166,279.4,817.0,193.4,724.6,184.2,93.4,29.4,218.2,589.6,1481.8,322.0,194.4,2.6,1.2,0.0,0.0,0.3068872662851725,0.6931127337148275,5,2019-12-21 16:00:00,211.04166666666663,0.0,0.4,2.6,6.4,0.53749328048,0.0,0.3333333333333333,3.0,,,,0.0624999902343765,0.2548340019565541,2.0466666666666664,0.2846384086682251,0.0,0.0,1.8,1.0,2.0,13.4,10.6,1.4,1.0,1.4879087113199998,0.98120718286,826.8,332.0,744.4,250.2,115.2,172.8,178.4,57.8,1234.4,625.0,210.4,303.4,1.8,2.4,0.2,0.4,0.6653930121491214,0.3346069878508786,102,2020-07-16 21:00:00,2.833333333333333,2.0,1.8,1.0,13.4,1.4879087113199998,2.0,1.0,0.6666666666666666,-0.2000000000000001,0.0,-0.0443691750799999,0.1044776041434623,0.7134967201298785,1.28,0.6638700652555286,0.8,0.6,-1.4,1.6,-2.0,-7.0,7.4,-1.0,1.6,-0.9504154308399998,1.2127339787999998,-547.4,485.0,-551.0,474.4,68.99999999999999,-79.4,-149.0,160.39999999999998,-644.8000000000001,856.8,111.6,-108.99999999999996,0.8,-1.2,-0.2,-0.4,-0.3585057458639489,0.3585057458639489,2,alaves,barcelona,5.5,4.33,1.53,0.1705035915676015,0.21657500083644532,0.6129214075959531,True,-2.0,-1.4,1.6,-7.0,-0.9504154308399998,1.2127339788000002,-547.4,-551.0,68.99999999999999,-149.0,-0.3585057458639489,-644.8000000000001,111.6,0.8,-0.2,-2.0,-0.6666666666666667,2.3333333333333335,208.2083333333333,-97,-0.0419776139090858,-0.45866271817332444,0.7666666666666664,-0.3792316565873035
3773593,11,90,2020-09-27,2020-09-27 21:00:00,217,Barcelona,222,Villarreal,4,0,Regular Season,Spotify Camp Nou,Guillermo Cuadra Fernández,H,4,2020/2021,2.4,0.6,2.4,14.2,10.0,2.2,0.6,1.7750066275199998,0.664799789,825.6,346.2,743.0,262.6,128.2,165.4,169.0,51.8,1268.0,645.4,218.2,289.0,1.2,1.4,0.2,0.4,0.6602983633640855,0.3397016366359144,103,2020-07-19 17:00:00,70.16666666666667,2.4,2.4,0.6,14.2,1.7750066275199998,2.0,2.333333333333333,0.6666666666666666,0.5999999999999999,1.0,0.3609021327200001,0.1549295665542559,0.7045570910526053,1.4244444444444444,0.6626946792815435,0.6,0.6,1.4,3.4,0.2,13.8,14.0,1.4,3.2,1.2363249025999998,1.893894451,443.0,726.8,371.4,650.0,197.8,146.4,72.4,170.8,790.6,1298.2,298.4,237.2,2.6,2.6,0.2,0.0,0.4034514436456652,0.5965485563543347,6,2020-07-05 22:00:00,83.95833333333333,0.2,1.4,3.4,13.8,1.2363249025999998,0.3333333333333333,2.0,3.333333333333333,0.2,1.4,0.6697605495999999,0.1014492680109226,0.3786972128751092,2.197777777777778,0.3784948293860136,0.0,0.0,1.0,-2.8,2.2,0.3999999999999986,-4.0,0.8000000000000003,-2.6,0.53868172492,-1.229094662,382.6,-380.6,371.6,-387.4,-69.60000000000002,19.0,96.6,-119.0,477.4,-652.8000000000001,-80.19999999999999,51.80000000000001,-1.4,-1.2000000000000002,0.0,0.4,0.2568469197184203,-0.2568469197184203,3,barcelona,villareal,1.53,4.33,6.0,0.6217557060086298,0.21969658895916944,0.15854770503220061,True,2.1999999999999997,1.0,-2.8,0.3999999999999986,0.53868172492,-1.229094662,382.6,371.6,-69.60000000000002,96.6,0.25684691971842033,477.4,-80.19999999999999,-1.4000000000000001,0.0,1.6666666666666667,0.33333333333333304,-2.6666666666666665,-13.791666666666657,97,0.053480298543333304,0.3258598781774961,-0.7733333333333337,0.2841998498955299
3773466,11,90,2020-10-01,2020-10-01 21:30:00,209,Celta Vigo,217,Barcelona,0,3,Regular Season,Abanca-Balaídos,Carlos del Cerro Grande,A,-3,2020/2021,1.4,2.4,0.6,11.0,14.4,1.4,2.4,1.5680806073,1.987485748,448.6,657.2,360.2,567.6,171.0,156.0,86.4,149.8,718.6,1111.8,292.8,265.4,2.8,2.2,0.0,0.2,0.4268749587965522,0.5731250412034479,5,2020-06-27 17:00:00,96.1875,0.6,1.4,2.4,11.0,1.5680806073,0.3333333333333333,1.0,2.6666666666666665,,,,0.1272727157024804,0.4056791459525418,1.9,0.392591783002299,0.0,0.0,2.4,0.4,2.4,14.0,9.0,2.2,0.4,1.79902919772,0.5187838941,801.6,380.8,716.2,292.4,117.8,158.6,175.4,60.2,1287.0,660.0,211.6,282.2,1.2,1.4,0.2,0.4,0.6430337609675081,0.3569662390324919,104,2020-09-27 21:00:00,4.020833333333333,2.4,2.4,0.4,14.0,1.79902919772,2.0,3.333333333333333,0.6666666666666666,0.5999999999999999,0.5999999999999999,0.19035042652,0.1571428459183681,0.6779431658677746,1.3088888888888888,0.661016948813037,0.6,0.6,-1.0,2.0,-1.7999999999999998,-3.0,5.4,-0.8000000000000003,2.0,-0.2309485904199999,1.4687018539,-353.0,276.40000000000003,-356.00000000000006,275.20000000000005,53.2,-2.5999999999999943,-89.0,89.60000000000001,-568.4,451.8,81.20000000000002,-16.80000000000001,1.6,0.8000000000000003,-0.2,-0.2,-0.2161588021709558,0.2161588021709559,3,celtavigo,barcelona,5.75,4.2,1.53,0.1632062173797097,0.22343708331745968,0.6133566993028305,True,-1.7999999999999998,-1.0,2.0,-3.0,-0.23094859041999993,1.4687018539,-353.0,-356.00000000000006,53.2,-89.0,-0.2161588021709559,-568.4,81.20000000000002,1.5999999999999999,-0.2,-1.6666666666666667,-2.333333333333333,2.0,92.16666666666667,-99,-0.02987013021588772,-0.2722640199152328,0.5911111111111111,-0.26842516581073794
3773672,11,90,2020-10-04,2020-10-04 21:00:00,217,Barcelona,213,Sevilla,1,1,Regular Season,Spotify Camp Nou,Jesús Gil Manzano,D,0,2020/2021,2.8,0.4,2.4,13.6,8.8,2.4,0.4,1.7158677647199998,0.45931306292,749.8,413.8,663.2,324.4,126.4,159.0,168.8,75.4,1270.6,727.4,224.0,276.8,2.0,1.8,0.2,0.2,0.6150688803801168,0.3849311196198833,105,2020-10-01 21:30:00,2.9791666666666665,2.4,2.8,0.4,13.6,1.7158677647199998,3.0,4.0,0.0,0.1999999999999997,0.7999999999999998,-0.0226974856800001,0.1764705752595165,0.6443795113059646,1.4044444444444446,0.6359359356176496,0.6,0.6,1.2,2.8,0.4,15.6,17.0,1.0,2.8,1.53365911566,1.60464857416,440.0,626.2,348.6,541.4,170.0,132.0,103.4,146.0,835.6,1219.6,296.2,243.8,3.0,1.6,0.0,0.4,0.4323875043367605,0.5676124956632396,6,2020-06-19 22:00:00,106.95833333333331,0.4,1.2,2.8,15.6,1.53365911566,0.3333333333333333,0.6666666666666666,2.6666666666666665,0.4,0.1999999999999999,1.0535888626599998,0.0641025599934256,0.4126805473525787,1.8888888888888888,0.4065784349909603,0.0,0.0,1.6,-2.4,2.0,-2.0,-8.2,1.4,-2.4,0.1822086490599999,-1.14533551124,309.79999999999995,-212.40000000000003,314.6,-217.0,-43.6,27.0,65.4,-70.6,434.9999999999999,-492.19999999999993,-72.19999999999999,33.0,-1.0,0.1999999999999999,0.2,-0.2,0.1826813760433562,-0.1826813760433562,3,barcelona,sevilla,1.57,4.33,5.25,0.6018171661844011,0.2182108431661685,0.17997199064943042,True,2.0,1.5999999999999999,-2.4,-2.0,0.1822086490599999,-1.14533551124,309.79999999999995,314.6,-43.599999999999994,65.4,0.18268137604335627,434.9999999999999,-72.19999999999999,-1.0,0.2,2.6666666666666665,3.3333333333333335,-2.6666666666666665,-103.97916666666664,99,0.11236801526609091,0.2316989639533859,-0.48444444444444423,0.2293575006266893
3773587,11,90,2020-10-17,2020-10-17 21:00:00,216,Getafe,217,Barcelona,1,0,Regular Season,Coliseum Alfonso Pérez,César Soto Grado,H,1,2020/2021,0.6,1.6,0.2,10.0,11.6,0.6,1.4,0.8776554704199999,1.3909074054,258.6,789.6,160.0,696.0,249.4,93.0,53.0,157.6,681.2,1661.8,376.4,203.4,2.8,2.6,0.0,0.0,0.31324106389015,0.68675893610985,5,2020-02-15 16:00:00,245.20833333333331,0.2,0.6,1.6,10.0,0.8776554704199999,0.0,0.6666666666666666,2.0,,,,0.0599999940000006,0.2467086431533021,2.7711111111111117,0.290738369487521,0.0,0.0,2.8,0.6,2.0,13.8,8.2,2.4,0.6,1.8012192925999997,0.4434386147199999,735.4,444.8,649.2,358.2,118.4,166.8,168.6,70.6,1283.6,770.0,211.8,277.6,1.8,1.6,0.2,0.2,0.597725828002613,0.4022741719973869,106,2020-10-04 21:00:00,13.0,2.0,2.8,0.6,13.8,1.8012192925999997,2.333333333333333,2.6666666666666665,0.3333333333333333,-0.2000000000000001,0.7999999999999998,0.1524024987999996,0.1739130308758673,0.6231147257895994,1.3155555555555556,0.6250486946703113,0.6,0.8,-2.2,1.0,-1.8,-3.8000000000000007,3.4000000000000004,-1.7999999999999998,0.7999999999999999,-0.9235638221799998,0.94746879068,-476.8,344.8,-489.2000000000001,337.8,131.0,-73.80000000000001,-115.6,87.0,-602.3999999999999,891.8,164.59999999999997,-74.20000000000002,0.9999999999999998,1.0,-0.2,-0.2,-0.284484764112463,0.284484764112463,3,getafe,barcelona,4.75,3.8,1.72,0.19953596287703013,0.24941995359628769,0.5510440835266821,True,-1.8,-2.1999999999999997,1.0,-3.8000000000000007,-0.9235638221799998,0.94746879068,-476.79999999999995,-489.20000000000005,131.0,-115.6,-0.284484764112463,-602.3999999999999,164.59999999999997,0.9999999999999998,-0.2,-2.333333333333333,-2.0,1.6666666666666667,232.20833333333331,-101,-0.1139130368758667,-0.37640608263629727,1.4555555555555562,-0.3343103251827903
3773585,11,90,2020-10-24,2020-10-24 16:00:00,217,Barcelona,220,Real Madrid,1,3,Regular Season,Spotify Camp Nou,Juan Martínez Munuera,A,-2,2020/2021,2.6,0.4,2.0,11.6,8.2,2.2,0.4,1.7555827558799997,0.67903501922,693.4,447.4,608.4,357.8,114.0,160.6,140.6,77.4,1254.2,796.6,206.0,268.8,1.6,2.2,0.2,0.0,0.5874392486587787,0.4125607513412213,107,2020-10-17 21:00:00,6.791666666666667,2.0,2.6,0.4,11.6,1.7555827558799997,1.3333333333333333,1.3333333333333333,0.6666666666666666,0.0,0.8,0.2676740445599999,0.1896551560642107,0.6078190738010001,1.2666666666666666,0.6115662177630358,0.4,0.8,0.8,1.2,1.0,15.6,11.4,0.8,1.2,1.11683677438,1.4815712193,540.0,602.8,459.6,524.8,209.0,170.2,137.4,116.4,805.0,1113.0,313.0,288.0,3.4,2.4,0.2,0.2,0.479411779572117,0.5205882204278829,5,2020-03-01 21:00:00,236.79166666666663,1.0,0.8,1.2,15.6,1.11683677438,1.3333333333333333,0.6666666666666666,0.3333333333333333,,,,0.0512820479947405,0.4725236257678302,2.3222222222222224,0.4197080289782544,0.0,0.0,1.8,-0.7999999999999999,1.0,-4.0,-3.200000000000001,1.4,-0.7999999999999999,0.6387459814999996,-0.8025362000799999,153.39999999999998,-155.39999999999998,148.79999999999995,-166.99999999999994,-95.0,-9.599999999999994,3.1999999999999886,-39.0,449.2000000000001,-316.4,-107.0,-19.19999999999999,-1.7999999999999998,-0.1999999999999997,0.0,-0.2,0.1080274690866616,-0.1080274690866616,3,barcelona,realmadrid,2.0,3.6,3.6,0.47368421052631576,0.2631578947368421,0.2631578947368421,True,1.0,1.8,-0.7999999999999999,-4.0,0.6387459814999996,-0.8025362000799999,153.39999999999998,148.79999999999995,-95.0,3.1999999999999886,0.10802746908666172,449.20000000000005,-107.0,-1.7999999999999998,0.0,0.0,0.6666666666666666,0.3333333333333333,-229.99999999999997,102,0.1383731080694702,0.1352954480331699,-1.0555555555555558,0.1918581887847814
3773386,11,90,2020-10-31,2020-10-31 21:00:00,206,Deportivo Alavés,217,Barcelona,1,1,Regular Season,Estadio de Mendizorroza,,D,0,2020/2021,0.4,3.2,0.0,5.6,16.6,0.4,3.2,0.4876808246799999,2.33397025886,296.4,818.4,211.8,729.2,162.8,103.2,35.6,191.8,621.4,1406.4,288.4,201.6,2.2,0.6,0.0,0.0,0.3104021728094698,0.6895978271905301,6,2020-07-19 17:00:00,104.16666666666669,0.0,0.4,3.2,5.6,0.4876808246799999,0.0,0.3333333333333333,3.6666666666666665,0.0,0.4,-0.16773906632,0.0714285586734716,0.2658772871673149,1.808888888888889,0.3064404772135118,0.0,0.0,1.8,1.0,1.4,10.4,10.0,1.4,1.0,1.4227280269799998,1.17777708722,660.2,487.6,573.0,398.2,111.2,167.2,139.8,86.2,1199.8,842.6,209.2,286.0,2.2,2.6,0.2,0.0,0.5603986980634297,0.4396013019365704,108,2020-10-24 16:00:00,7.208333333333333,1.4,1.8,1.0,10.4,1.4227280269799998,0.3333333333333333,0.6666666666666666,1.6666666666666667,-1.0,-0.5999999999999999,-0.35227860054,0.1346153716715988,0.5751873143620949,1.2355555555555555,0.5874461415063423,0.4,0.8,-1.4,2.2,-1.4,-4.800000000000001,6.600000000000001,-1.0,2.2,-0.9350472022999998,1.15619317164,-363.80000000000007,330.79999999999995,-361.2,331.00000000000006,51.60000000000001,-63.99999999999999,-104.20000000000002,105.6,-578.4,563.8000000000001,79.19999999999999,-84.4,0.0,-2.0,-0.2,0.0,-0.2499965252539598,0.2499965252539597,3,alaves,barcelona,6.5,4.75,1.44,0.14530005310674457,0.19883165161975572,0.6558682952734998,True,-1.4,-1.4,2.2,-4.800000000000001,-0.9350472022999998,1.15619317164,-363.80000000000007,-361.2,51.60000000000001,-104.20000000000002,-0.24999652525395988,-578.4,79.19999999999999,0.0,-0.2,-0.3333333333333333,-0.3333333333333333,1.9999999999999998,96.95833333333336,-102,-0.06318681299812719,-0.30931002719478,0.5733333333333335,-0.2810056642928305
3773477,11,90,2020-11-07,2020-11-07 16:15:00,217,Barcelona,218,Real Betis,5,2,Regular Season,Spotify Camp Nou,,H,3,2020/2021,1.2,1.2,1.0,12.0,9.8,1.0,1.2,1.3034917631799998,1.36697898592,689.2,419.8,599.6,333.0,105.0,187.4,162.4,69.0,1302.0,808.8,206.0,314.4,2.8,3.0,0.2,0.2,0.5912277344926766,0.4087722655073234,109,2020-10-31 21:00:00,6.802083333333333,1.0,1.2,1.2,12.0,1.3034917631799998,0.3333333333333333,0.6666666666666666,1.6666666666666667,-1.4,-1.2,-0.4955374345400001,0.0833333263888894,0.62146077491302,1.1666666666666667,0.6168277427435912,0.4,0.8,1.4,3.4,0.6,9.0,15.0,1.4,3.2,0.93274869364,2.2079763198,468.6,605.2,392.0,524.8,188.8,169.2,83.4,136.0,897.4,1073.4,300.6,268.0,2.2,2.6,0.2,0.4,0.4483918495299822,0.5516081504700179,5,2020-02-09 21:00:00,271.8020833333333,0.6,1.4,3.4,9.0,0.93274869364,1.0,2.333333333333333,3.333333333333333,,,,0.1555555382716068,0.4363941139538143,2.097777777777778,0.4553480817661111,0.0,0.3333333333333333,-0.1999999999999999,-2.2,0.4,3.0,-5.199999999999999,-0.3999999999999999,-2.0,0.3707430695399998,-0.8409973338800003,220.6,-185.40000000000003,207.6,-191.79999999999995,-83.80000000000001,18.200000000000017,79.0,-67.0,404.6,-264.60000000000014,-94.60000000000002,46.39999999999998,0.5999999999999996,0.3999999999999999,0.0,-0.2,0.1428358849626944,-0.1428358849626944,3,barcelona,betis,1.4,5.0,7.5,0.6818181818181818,0.19090909090909092,0.12727272727272726,True,0.4,-0.19999999999999996,-2.2,3.0,0.3707430695399998,-0.8409973338800003,220.60000000000002,207.60000000000002,-83.80000000000001,79.0,0.14283588496269445,404.6,-94.60000000000002,0.5999999999999996,0.0,-0.6666666666666667,-1.6666666666666665,-1.6666666666666663,-265.0,104,-0.07222221188271741,0.1850666609592057,-0.9311111111111112,0.16147966097748012
3773656,11,90,2020-11-21,2020-11-21 21:00:00,212,Atlético Madrid,217,Barcelona,1,0,Regular Season,Estádio Cívitas Metropolitano,,H,1,2020/2021,0.6,1.4,0.4,8.6,13.8,0.6,1.2,0.81244611046,1.1436988769399998,390.0,736.0,303.8,654.0,203.8,148.8,91.8,187.4,737.2,1386.8,339.0,264.0,4.0,3.0,0.2,0.0,0.3796587366021151,0.6203412633978849,6,2020-06-30 22:00:00,143.95833333333334,0.4,0.6,1.4,8.6,0.81244611046,0.3333333333333333,0.6666666666666666,1.6666666666666667,-0.6,-0.4,0.41469936446,0.0697674337479728,0.3463587918771236,2.2644444444444445,0.34708097912096,0.0,0.0,1.6,1.6,1.0,14.0,10.2,1.6,1.6,1.99287507278,1.4747879644,699.8,417.2,613.4,332.6,104.4,184.8,170.8,59.6,1268.8,814.4,202.4,310.6,2.4,2.4,0.0,0.4,0.5966595004904802,0.4033404995095196,110,2020-11-07 16:15:00,14.197916666666666,1.0,1.6,1.6,14.0,1.99287507278,1.3333333333333333,2.333333333333333,2.0,-1.4,-1.1999999999999995,0.2770073080600002,0.1142857061224495,0.626499551811549,1.16,0.6090629797383531,0.4,0.6,-1.0,-0.2000000000000001,-0.6,-5.4,3.6000000000000014,-1.0,-0.4000000000000001,-1.18042896232,-0.3310890874600001,-309.79999999999995,318.8,-309.6,321.4,99.4,-36.0,-79.00000000000001,127.8,-531.5999999999999,572.4,136.6,-46.60000000000002,1.6,0.6000000000000001,0.2,-0.4,-0.2170007638883651,0.2170007638883652,3,atleticomadrid,barcelona,2.9,3.5,2.37,0.32763251441662067,0.2714669405166285,0.40090054506675094,True,-0.6,-1.0,-0.20000000000000018,-5.4,-1.18042896232,-0.3310890874600001,-309.79999999999995,-309.59999999999997,99.4,-79.00000000000001,-0.21700076388836514,-531.5999999999999,136.6,1.6,0.2,-1.0,-1.6666666666666665,-0.33333333333333326,129.76041666666669,-104,-0.0445182723744767,-0.28014075993442544,1.1044444444444446,-0.26198200061739313
3773547,11,90,2020-11-29,2020-11-29 14:00:00,217,Barcelona,422,Osasuna,4,0,Regular Season,Spotify Camp Nou,Antonio Miguel Mateu Lahoz,H,4,2020/2021,1.4,1.6,0.8,14.4,10.2,1.4,1.6,1.8530437481,1.4497719532,693.8,416.2,609.0,329.4,119.8,180.8,179.2,72.6,1308.4,869.2,223.2,309.4,2.2,3.0,0.0,0.4,0.599928842594325,0.4000711574056749,111,2020-11-21 21:00:00,7.708333333333333,0.8,1.4,1.6,14.4,1.8530437481,1.3333333333333333,2.0,1.3333333333333333,-1.2,-1.4,0.0518244555000002,0.0972222154706794,0.6250450444819413,1.3311111111111111,0.6008449666601556,0.4,0.6,2.0,1.0,3.0,9.0,18.0,2.0,1.0,0.4741186025,1.0125385056,236.0,869.0,147.0,773.0,177.0,99.0,21.0,264.0,470.0,1320.0,327.0,206.0,1.0,4.0,1.0,0.0,0.2738158594997339,0.7261841405002661,1,2020-07-16 21:00:00,135.70833333333334,3.0,2.0,1.0,9.0,0.4741186025,3.0,2.0,1.0,,,,0.2222221975308669,0.2135746604402039,1.9666666666666663,0.2625698322555476,,0.5,-0.6000000000000001,0.6000000000000001,-2.2,5.4,-7.800000000000001,-0.6000000000000001,0.6000000000000001,1.3789251456,0.4372334475999999,457.8,-452.8,462.0,-443.6,-57.2,81.80000000000001,158.2,-191.4,838.4000000000001,-450.8,-103.8,103.39999999999998,1.2000000000000002,-1.0,-1.0,0.4,0.3261129830945911,-0.3261129830945912,3,barcelona,osasuna,1.25,6.0,11.0,0.7564469914040115,0.15759312320916904,0.08595988538681948,True,-2.2,-0.6000000000000001,0.6000000000000001,5.4,1.3789251456,0.43723344759999994,457.79999999999995,462.0,-57.2,158.2,0.3261129830945911,838.4000000000001,-103.80000000000001,1.2000000000000002,-1.0,-1.6666666666666667,0.0,0.33333333333333326,-128.0,110,-0.12499998206018749,0.4114703840417374,-0.6355555555555552,0.33827513440460805
3773660,11,90,2020-12-13,2020-12-13 21:00:00,217,Barcelona,221,Levante UD,1,0,Regular Season,Spotify Camp Nou,Ricardo De Burgos Bengoetxea,H,1,2020/2021,2.2,1.2,1.4,19.2,8.8,2.0,1.2,2.5878126758,1.21964065558,790.8,360.8,699.2,277.0,109.6,160.8,239.4,61.0,1485.2,772.8,212.6,291.2,1.6,1.8,0.0,0.4,0.6511091172346711,0.3488908827653287,113,2020-12-05 21:00:00,8.0,1.4,2.2,1.2,19.2,2.5878126758,1.0,1.6666666666666667,1.0,0.0,0.4000000000000001,1.1650846488200002,0.1041666612413197,0.6866967691154074,1.2177777777777776,0.6577502211436005,0.6,0.4,0.8,2.4,0.6,10.8,17.6,0.8,2.4,0.969878736,2.4315952384400004,379.4,681.0,296.4,605.8,181.2,146.4,70.0,160.6,767.4,1337.0,296.2,249.2,2.0,3.0,0.2,0.0,0.3845924263862418,0.6154075736137582,5,2020-02-02 21:00:00,315.0,0.6,0.8,2.4,10.8,0.969878736,1.0,1.3333333333333333,1.3333333333333333,,,,0.0740740672153641,0.3577895130537631,2.013333333333333,0.3646645122768178,0.0,0.0,1.4,-1.2,0.7999999999999999,8.399999999999999,-8.8,1.2,-1.2,1.6179339398,-1.2119545828600005,411.4,-320.2,402.80000000000007,-328.79999999999995,-71.6,14.400000000000006,169.4,-99.6,717.8000000000001,-564.2,-83.6,42.0,-0.3999999999999999,-1.2,-0.2,0.4,0.2665166908484293,-0.2665166908484294,3,barcelona,levanteud,1.22,7.0,11.0,0.7780921584478578,0.13561034761519808,0.08629749393694423,True,0.7999999999999999,1.4000000000000001,-1.2,8.399999999999999,1.6179339397999999,-1.2119545828600005,411.4,402.80000000000007,-71.6,169.4,0.2665166908484293,717.8000000000001,-83.6,-0.3999999999999999,-0.2,0.0,0.3333333333333335,-0.33333333333333326,-307.0,108,0.0300925940259556,0.32890725606164434,-0.7955555555555556,0.2930857088667827
3773523,11,90,2020-12-16,2020-12-16 21:00:00,217,Barcelona,210,Real Sociedad,2,1,Regular Season,Spotify Camp Nou,José María Sánchez Martínez,H,1,2020/2021,2.2,1.0,1.8,19.0,9.2,2.0,1.0,2.5813854082,1.14118134158,758.0,394.6,669.6,311.2,111.0,148.2,228.0,67.2,1385.2,819.0,212.4,274.2,1.4,1.4,0.0,0.2,0.6297058130766757,0.3702941869233242,114,2020-12-13 21:00:00,3.0,1.8,2.2,1.0,19.0,2.5813854082,2.0,2.0,0.6666666666666666,0.8,1.0000000000000002,1.2778936450200002,0.1052631523545709,0.6576435878382408,1.2333333333333334,0.6284366207111712,0.6,0.4,0.8,1.6,0.2,11.8,11.4,0.8,1.6,1.184683325,1.5519166003999998,481.0,619.4,394.6,529.6,177.0,152.0,80.8,127.2,883.4,1101.8,293.4,261.6,1.4,1.8,0.0,0.0,0.4536400331473166,0.5463599668526833,6,2020-03-07 18:30:00,284.1041666666667,0.2,0.8,1.6,11.8,1.184683325,0.3333333333333333,1.0,1.6666666666666667,0.2,-1.2,0.328972271,0.0677966044240165,0.4371137764112015,1.9666666666666663,0.444992947589667,0.0,0.0,1.4,-0.6000000000000001,1.6,7.199999999999999,-2.200000000000001,1.2,-0.6000000000000001,1.3967020832,-0.4107352588199997,277.0,-224.79999999999995,275.0,-218.40000000000003,-66.0,-3.8000000000000114,147.2,-60.0,501.80000000000007,-282.79999999999995,-80.99999999999997,12.599999999999966,0.0,-0.4000000000000001,0.0,0.2,0.176065779929359,-0.176065779929359,3,barcelona,realsociedad,1.6,4.5,5.0,0.5968169761273209,0.21220159151193632,0.19098143236074272,True,1.6,1.4000000000000001,-0.6000000000000001,7.199999999999999,1.3967020832,-0.4107352588199997,277.0,275.0,-66.0,147.2,0.17606577992935912,501.80000000000007,-80.99999999999997,0.0,0.0,1.6666666666666667,1.0,-1.0,-281.1041666666667,108,0.0374665479305544,0.2205298114270393,-0.733333333333333,0.18344367312150422
3773377,11,90,2020-12-19,2020-12-19 16:15:00,217,Barcelona,207,Valencia,2,2,Regular Season,Spotify Camp Nou,Alejandro José Hernández Hernández,D,0,2020/2021,1.6,0.8,1.8,18.4,9.2,1.4,0.8,2.2737237582,1.32549965378,734.6,401.2,644.4,315.6,123.0,160.2,217.0,71.6,1375.2,817.2,228.2,289.6,1.6,1.6,0.0,0.0,0.6176970782998612,0.3823029217001388,115,2020-12-16 21:00:00,2.802083333333333,1.8,1.6,0.8,18.4,2.2737237582,2.0,1.3333333333333333,1.0,0.8,0.0,0.2808486854200001,0.0760869523865786,0.6467687967540334,1.3666666666666667,0.6272577993854872,0.8,0.4,1.4,1.2,1.2,11.4,13.6,1.4,1.2,1.6840421791199998,1.15958134564,371.0,847.8,290.6,758.2,219.0,126.2,59.8,273.2,636.4,1464.0,346.4,234.4,1.8,2.0,0.0,0.0,0.3478828552426576,0.6521171447573424,5,2020-01-25 16:00:00,329.0104166666667,1.2,1.4,1.2,11.4,1.6840421791199998,1.6666666666666667,1.6666666666666667,1.0,,,,0.1228070067713151,0.3043977680469332,2.433333333333333,0.3029899065401876,0.0,0.0,0.2000000000000001,-0.3999999999999999,0.6000000000000001,6.999999999999998,-4.4,0.0,-0.3999999999999999,0.5896815790800003,0.1659183081399999,363.6,-446.6,353.79999999999995,-442.6,-96.0,33.999999999999986,157.2,-201.6,738.8000000000001,-646.8,-118.2,55.20000000000002,-0.1999999999999999,-0.3999999999999999,0.0,0.0,0.2698142230572035,-0.2698142230572035,3,barcelona,valencia,1.3,6.0,8.5,0.730136005726557,0.15819613457408735,0.11166785969935578,True,0.6000000000000001,0.20000000000000018,-0.3999999999999999,6.999999999999998,0.5896815790800003,0.16591830813999997,363.6,353.79999999999995,-96.0,157.2,0.2698142230572036,738.8000000000001,-118.19999999999999,-0.19999999999999996,0.0,0.33333333333333326,-0.3333333333333335,0.0,-326.20833333333337,110,-0.046720054384736504,0.34237102870710023,-1.0666666666666664,0.3242678928452996
3773571,11,90,2020-12-22,2020-12-22 22:00:00,901,Real Valladolid,217,Barcelona,0,3,Regular Season,Estadio Municipal José Zorrilla,Mario Melero López,A,-3,2020/2021,0.25,2.0,0.0,10.0,14.75,0.25,2.0,0.518996794,2.007245416,424.75,698.5,328.5,606.5,176.5,155.5,69.25,157.75,776.0,1294.75,309.75,268.0,2.25,1.0,0.0,0.0,0.406430121122999,0.593569878877001,4,2020-07-11 19:30:00,164.10416666666666,0.0,0.25,2.0,10.0,0.518996794,0.0,0.3333333333333333,2.333333333333333,,,,0.0249999975000002,0.3781437788754562,1.961111111111111,0.3747434502596917,0.0,0.0,2.0,1.0,2.0,20.6,9.4,1.8,1.0,2.6615771696,1.5404206377799998,756.4,349.0,663.4,265.6,110.2,148.8,243.8,58.8,1336.2,722.4,215.2,281.6,2.4,1.2,0.0,0.0,0.6451394681194481,0.3548605318805519,116,2020-12-19 16:15:00,3.239583333333333,2.0,2.0,1.0,20.6,2.6615771696,2.333333333333333,1.6666666666666667,1.0,1.2,0.6000000000000001,0.8085334215000002,0.0873786365350176,0.6842771841104782,1.2244444444444444,0.6490819000053037,0.8,0.2,-1.75,1.0,-2.0,-10.6,5.35,-1.55,1.0,-2.1425803756,0.4668247782200001,-331.65,349.5,-334.9,340.9,66.3,6.699999999999989,-174.55,98.95,-560.2,572.35,94.55,-13.600000000000025,-0.1499999999999999,-0.1999999999999999,0.0,0.0,-0.238709346996449,0.238709346996449,3,realvalladolid,barcelona,7.0,5.4,1.36,0.1343480169764379,0.17415483682130836,0.6914971462022538,True,-2.0,-1.75,1.0,-10.600000000000001,-2.1425803756,0.4668247782200001,-331.65,-334.9,66.3,-174.55,-0.23870934699644913,-560.2,94.55000000000001,-0.1499999999999999,0.0,-2.333333333333333,-1.3333333333333335,1.333333333333333,160.86458333333331,-112,-0.06237863903501739,-0.306133405235022,0.7366666666666666,-0.27433844974561206
3773552,11,90,2021-01-03,2021-01-03 21:00:00,902,Huesca,217,Barcelona,0,1,Regular Season,Estadio El Alcoraz,Guillermo Cuadra Fernández,A,-1,2020/2021,2.0,8.0,0.0,7.0,30.0,2.0,7.0,1.264742864,4.513569743,336.0,701.0,257.0,636.0,130.0,80.0,40.0,201.0,835.0,1369.0,239.0,172.0,2.0,1.0,0.0,0.0,0.3555232558139535,0.6444767441860465,1,2018-09-02 18:30:00,854.1041666666666,0.0,2.0,8.0,7.0,1.264742864,0.0,2.0,8.0,,,,0.285714244897965,0.3240115715294006,1.4444444444444444,0.3788566241475242,,,1.8,1.0,2.0,20.8,9.8,1.6,1.0,2.5374754944,1.45358959802,729.4,372.8,639.8,290.2,122.2,158.8,236.4,60.4,1330.4,769.2,223.8,291.0,2.6,1.4,0.0,0.0,0.6246243669897952,0.3753756330102047,117,2020-12-22 22:00:00,11.958333333333334,2.0,1.8,1.0,20.8,2.5374754944,2.333333333333333,2.333333333333333,1.0,0.6000000000000001,-0.4000000000000001,0.0056543456999995,0.0769230732248522,0.6617673737418186,1.3577777777777778,0.6336445034132003,0.8,0.2,0.1999999999999999,7.0,-2.0,-13.8,20.2,0.3999999999999999,6.0,-1.2727326303999995,3.05998014498,-393.4,328.2,-382.8,345.8,7.799999999999997,-78.80000000000001,-196.4,140.6,-495.4000000000001,599.8,15.199999999999989,-119.0,-0.6000000000000001,-0.3999999999999999,0.0,0.0,-0.2691011111758417,0.2691011111758417,3,huesca,barcelona,6.5,4.75,1.44,0.14530005310674457,0.19883165161975572,0.6558682952734998,True,-2.0,0.19999999999999996,7.0,-13.8,-1.2727326304000002,3.05998014498,-393.4,-382.79999999999995,7.799999999999997,-196.4,-0.2691011111758417,-495.4000000000001,15.199999999999989,-0.6000000000000001,0.0,-2.333333333333333,-0.33333333333333304,7.0,842.1458333333333,-116,0.20879117167311279,-0.337755802212418,0.08666666666666667,-0.25478787926567614
3764661,11,90,2021-01-06,2021-01-06 21:00:00,215,Athletic Club,217,Barcelona,2,3,Regular Season,San Mamés Barria,Carlos del Cerro Grande,A,-1,2020/2021,0.2,1.2,0.4,11.2,16.4,0.2,1.2,0.8953956313999999,1.8212505292,363.4,695.2,261.4,592.2,177.2,109.8,64.0,146.2,710.4,1339.2,325.0,236.4,2.0,2.6,0.2,0.0,0.3796154641971709,0.620384535802829,5,2020-06-23 22:00:00,196.95833333333331,0.4,0.2,1.2,11.2,0.8953956313999999,0.6666666666666666,0.3333333333333333,0.6666666666666666,,,,0.0178571412627552,0.3432835817652714,1.968888888888889,0.3466042152875663,0.0,0.0,1.8,0.6,2.6,20.6,9.0,1.8,0.6,2.7334616672,1.0721906927,713.8,408.2,631.4,327.6,136.8,173.8,219.6,61.6,1177.0,777.8,232.6,295.4,2.2,1.6,0.0,0.0,0.6033711738773055,0.3966288261226943,118,2021-01-03 21:00:00,3.0,2.6,1.8,0.6,20.6,2.7334616672,2.333333333333333,2.0,0.6666666666666666,1.2000000000000002,-0.4000000000000001,0.1456489913999998,0.0873786365350176,0.6361853826771965,1.52,0.6021076321863579,0.8,0.4,-1.6,0.6,-2.2,-9.400000000000002,7.399999999999999,-1.6,0.6,-1.8380660358,0.7490598364999999,-350.4,287.00000000000006,-370.0,264.6,40.39999999999998,-64.00000000000001,-155.6,84.6,-466.6,561.4000000000001,92.4,-58.99999999999997,-0.2000000000000001,1.0,0.2,0.0,-0.2237557096801346,0.2237557096801347,3,athleticclub,barcelona,4.2,3.6,1.83,0.2241273729332517,0.2614819350887937,0.5143906919779547,True,-2.2,-1.6,0.6,-9.400000000000002,-1.8380660357999998,0.7490598365000001,-350.4,-370.0,40.39999999999998,-155.6,-0.22375570968013464,-466.6,92.4,-0.20000000000000018,0.2,-1.6666666666666665,-1.6666666666666667,0.0,193.95833333333331,-113,-0.0695214952722624,-0.2929018009119251,0.4488888888888889,-0.2555034168987916
3773565,11,90,2021-01-09,2021-01-09 18:30:00,1049,Granada,217,Barcelona,0,4,Regular Season,Estadio Nuevo Los Cármenes,Ricardo De Burgos Bengoetxea,A,-4,2020/2021,1.0,0.5,1.5,7.0,13.0,1.0,0.5,1.03390636565,1.037841779,243.5,859.5,159.0,776.5,266.0,124.0,32.5,213.0,627.5,1818.0,404.0,228.5,3.0,1.0,0.5,0.0,0.2991943303542842,0.7008056696457157,2,2020-01-19 21:00:00,355.8958333333333,1.5,1.0,0.5,7.0,1.03390636565,1.5,1.0,0.5,,,,0.1428571224489825,0.220761559183353,2.955555555555556,0.2565937435057887,0.5,,2.2,1.0,2.6,18.4,9.4,2.2,1.0,2.61615997066,1.0932426915,707.6,430.4,626.2,350.0,146.4,166.4,205.0,68.4,1158.6,800.4,245.2,283.6,2.0,1.8,0.0,0.0,0.5957171708047363,0.4042828291952638,119,2021-01-06 21:00:00,2.895833333333333,2.6,2.2,1.0,18.4,2.61615997066,3.0,2.333333333333333,0.6666666666666666,0.8,0.0,0.0347745624599999,0.119565210893195,0.6217926180827833,1.6266666666666667,0.5914241957164755,0.8,0.6,-1.2000000000000002,-0.5,-1.1,-11.4,3.6,-1.2000000000000002,-0.5,-1.58225360501,-0.0554009125000001,-464.1,429.1,-467.2000000000001,426.5,119.6,-42.400000000000006,-172.5,144.6,-531.0999999999999,1017.6,158.8,-55.10000000000002,1.0,-0.8,0.5,0.0,-0.2965228404504521,0.2965228404504518,3,granada,barcelona,6.5,5.25,1.4,0.1453287197231834,0.17993079584775085,0.6747404844290658,True,-1.1,-1.2000000000000002,-0.5,-11.399999999999999,-1.58225360501,-0.0554009124999999,-464.1,-467.20000000000005,119.6,-172.5,-0.2965228404504521,-531.0999999999999,158.8,1.0,0.5,-1.5,-1.333333333333333,-0.16666666666666663,353.0,-117,0.023291911555787498,-0.4010310588994303,1.3288888888888895,-0.33483045221068686
3773403,11,90,2021-01-31,2021-01-31 21:00:00,217,Barcelona,215,Athletic Club,2,1,Regular Season,Spotify Camp Nou,Antonio Miguel Mateu Lahoz,H,1,2020/2021,2.6,0.8,2.6,18.4,8.6,2.6,0.8,2.38507307066,0.7980729323,766.4,399.0,689.8,322.6,127.8,146.6,204.4,63.6,1334.6,750.2,224.8,258.4,2.0,1.6,0.0,0.2,0.629600042727211,0.3703999572727888,120,2021-01-09 18:30:00,22.104166666666668,2.6,2.6,0.8,18.4,2.38507307066,3.0,2.6666666666666665,0.6666666666666666,0.8,1.0,0.1113493124599998,0.1413043401465032,0.6576282815705952,1.42,0.6401573289331555,0.8,0.6,0.6,1.4,0.4,9.4,15.6,0.6,1.4,0.8015844456,1.58461578646,387.8,712.2,291.0,616.6,157.4,112.0,63.8,157.6,763.8,1342.6,297.8,238.6,2.2,2.0,0.2,0.0,0.3784838015664605,0.6215161984335393,6,2021-01-06 21:00:00,25.0,0.4,0.6,1.4,9.4,0.8015844456,0.3333333333333333,0.6666666666666666,1.3333333333333333,0.4,0.6,-0.5089590884,0.0638297804436403,0.3525454542249586,1.748888888888889,0.3626091908646938,0.0,0.0,2.0,-0.5999999999999999,2.2,8.999999999999998,-7.0,2.0,-0.5999999999999999,1.5834886250599998,-0.7865428541599999,378.6,-313.20000000000005,398.8,-294.0,-29.60000000000001,34.599999999999994,140.60000000000002,-94.0,570.8,-592.3999999999999,-73.0,19.799999999999983,-0.2000000000000001,-0.3999999999999999,-0.2,0.2,0.2511162411607505,-0.2511162411607505,3,barcelona,athleticclub,1.36,5.25,7.5,0.6942607775720708,0.1798466014281936,0.12589262099973553,True,2.2,2.0,-0.5999999999999999,8.999999999999998,1.5834886250599998,-0.7865428541599999,378.59999999999997,398.79999999999995,-29.60000000000001,140.60000000000002,0.25111624116075054,570.8,-73.0,-0.20000000000000018,-0.2,2.6666666666666665,2.0,-0.6666666666666666,-2.895833333333332,114,0.0774745597028629,0.3050828273456366,-0.328888888888889,0.2775481380684617
3773631,11,90,2021-02-07,2021-02-07 21:00:00,218,Real Betis,217,Barcelona,2,3,Regular Season,Estadio Benito Villamarín,,A,-1,2020/2021,1.8,4.0,0.6,10.8,15.4,1.8,4.0,1.09556304544,2.812536546,468.0,598.8,391.6,519.4,160.0,161.8,84.2,140.2,882.4,1043.0,267.4,259.0,2.4,2.6,0.4,0.4,0.4461446873268728,0.5538553126731273,6,2020-11-07 16:15:00,92.19791666666669,0.6,1.8,4.0,10.8,1.09556304544,0.0,1.6666666666666667,4.0,0.6,1.8,0.90439802344,0.1666666512345693,0.4386951626933866,1.7777777777777777,0.4582943801504651,0.0,0.3333333333333333,2.6,0.6,3.0,16.0,7.8,2.6,0.4,2.15206914606,0.5159231087,741.8,428.8,668.2,351.4,124.4,153.6,170.8,68.8,1293.4,794.4,220.0,258.8,1.6,1.8,0.0,0.2,0.6066158075282235,0.3933841924717765,121,2021-01-31 21:00:00,7.0,3.0,2.6,0.6,16.0,2.15206914606,3.0,3.0,1.0,1.0,0.6000000000000001,-0.5095080235400005,0.1624999898437506,0.6336921231559096,1.3822222222222222,0.61950378359062,0.8,0.8,-0.8,3.4,-2.4,-5.199999999999999,7.6,-0.8,3.6,-1.0565061006199996,2.2966134373,-273.79999999999995,169.99999999999994,-276.6,168.0,35.599999999999994,8.200000000000017,-86.60000000000001,71.39999999999999,-411.0000000000001,248.6,47.39999999999998,0.1999999999999886,0.7999999999999998,0.8,0.4,0.2,-0.1604711202013507,0.1604711202013508,3,betis,barcelona,5.75,4.6,1.5,0.1643835616438356,0.20547945205479454,0.6301369863013698,True,-2.4,-0.8,3.4,-5.199999999999999,-1.05650610062,2.2966134373,-273.79999999999995,-276.6,35.599999999999994,-86.60000000000001,-0.16047112020135074,-411.0000000000001,47.39999999999998,0.7999999999999998,0.4,-3.0,-1.3333333333333333,3.0,85.19791666666669,-115,0.004166661390818699,-0.19499696046252302,0.39555555555555544,-0.16120940344015489
3773526,11,90,2021-02-13,2021-02-13 21:00:00,217,Barcelona,206,Deportivo Alavés,5,1,Regular Season,Spotify Camp Nou,Jorge Figueroa Vázquez,H,4,2020/2021,2.6,1.0,3.0,14.2,7.0,2.4,0.8,1.63803717646,0.6604090083999999,750.0,420.0,676.2,343.8,120.8,151.0,164.8,67.0,1291.6,788.2,218.0,254.8,1.8,1.8,0.0,0.2,0.6126399486763315,0.3873600513236684,122,2021-02-07 21:00:00,6.0,3.0,2.6,1.0,14.2,1.63803717646,3.0,3.0,1.0,1.0,0.8,-0.8994383179399998,0.1690140726046428,0.6410256404777558,1.3422222222222222,0.621021251744869,0.8,0.8,0.4,3.0,0.2,5.0,18.0,0.4,3.0,0.5572084723999999,2.3044791638,295.4,841.0,213.4,753.6,175.4,108.6,33.2,203.6,654.4,1499.8,298.6,202.4,2.4,1.2,0.2,0.0,0.3090859501224725,0.6909140498775275,7,2020-10-31 21:00:00,105.0,0.2,0.4,3.0,5.0,0.5572084723999999,0.3333333333333333,0.6666666666666666,3.333333333333333,0.2,-0.0999999999999999,-0.1609444443000001,0.0799999840000032,0.2599436815734391,1.948888888888889,0.3037786647926011,0.0,0.0,2.2,-2.0,2.8,9.2,-11.0,2.0,-2.2,1.08082870406,-1.6440701554,454.6,-421.0,462.80000000000007,-409.8,-54.60000000000001,42.400000000000006,131.60000000000002,-136.6,637.1999999999999,-711.5999999999999,-80.60000000000002,52.400000000000006,-0.5999999999999999,0.6000000000000001,-0.2,0.2,0.303553998553859,-0.303553998553859,3,barcelona,alaves,1.28,6.0,9.0,0.7377049180327869,0.15737704918032788,0.10491803278688525,True,2.8,2.2,-2.0,9.2,1.08082870406,-1.6440701554000001,454.6,462.80000000000007,-54.60000000000001,131.60000000000002,0.30355399855385906,637.1999999999999,-80.60000000000002,-0.5999999999999999,-0.2,2.6666666666666665,2.3333333333333335,-2.333333333333333,-99.0,115,0.0890140886046396,0.3810819589043167,-0.6066666666666667,0.31724258695226787
3773415,11,90,2021-02-21,2021-02-21 14:00:00,217,Barcelona,552,Cádiz,1,1,Regular Season,Spotify Camp Nou,Juan Martínez Munuera,D,0,2020/2021,3.4,1.2,3.0,13.6,7.4,3.2,1.0,1.6748009570599998,0.7047026566,761.8,409.2,688.8,329.6,109.6,152.2,142.6,64.8,1387.0,793.6,208.2,255.2,1.8,2.0,0.0,0.2,0.6204177191254174,0.3795822808745826,123,2021-02-13 21:00:00,7.708333333333333,3.0,3.4,1.2,13.6,1.6748009570599998,3.0,3.333333333333333,1.3333333333333333,0.3999999999999999,1.6,-1.05866071014,0.235294100346022,0.6505550805716864,1.2177777777777776,0.6360634684783714,0.8,0.8,2.0,1.0,3.0,8.0,21.0,2.0,0.0,2.2947186696,1.528829837,198.0,918.0,120.0,801.0,119.0,80.0,40.0,379.0,590.0,1877.0,296.0,188.0,0.0,2.0,0.0,0.0,0.245014245014245,0.7549857549857549,1,2020-12-05 21:00:00,77.70833333333333,3.0,2.0,1.0,8.0,2.2947186696,3.0,2.0,1.0,,,,0.2499999687500039,0.1774193546797317,1.3222222222222222,0.2391568705962072,,,1.4,0.1999999999999999,0.0,5.6,-13.6,1.2000000000000002,1.0,-0.6199177125400002,-0.8241271804,563.8,-508.8,568.8,-471.4,-9.400000000000006,72.19999999999999,102.6,-314.2,797.0,-1083.4,-87.80000000000001,67.19999999999999,1.8,0.0,0.0,0.2,0.3754034741111724,-0.3754034741111723,3,barcelona,cadiz,1.16,8.0,13.0,0.8102212527267061,0.11748208164537238,0.07229666562792146,True,0.0,1.4,0.19999999999999996,5.6,-0.6199177125400002,-0.8241271804,563.8,568.8,-9.400000000000006,102.6,0.3754034741111724,797.0,-87.80000000000001,1.8,0.0,0.0,1.333333333333333,0.33333333333333326,-70.0,122,-0.014705868403981914,0.47313572589195474,-0.10444444444444456,0.3969065978821642
3773625,11,90,2021-02-27,2021-02-27 16:15:00,213,Sevilla,217,Barcelona,0,2,Regular Season,Estadio Ramón Sánchez Pizjuán,Alejandro José Hernández Hernández,A,-2,2020/2021,1.0,2.6,0.4,13.4,15.2,0.8,2.6,1.1497002558000002,1.52492881024,466.2,632.8,375.4,548.6,184.4,123.4,92.8,129.6,848.8,1184.6,302.6,228.8,2.8,1.8,0.0,0.4,0.4461269164936248,0.5538730835063751,7,2020-10-04 21:00:00,145.80208333333334,0.4,1.0,2.6,13.4,1.1497002558000002,0.6666666666666666,0.3333333333333333,1.6666666666666667,-0.0999999999999999,-0.5,-0.3942371618499996,0.0597014880819785,0.4242038212700602,2.048888888888889,0.4174289365508857,0.0,0.0,2.8,1.0,2.6,14.0,6.0,2.6,0.8,2.0510710764,0.7970403802,807.4,370.8,729.8,288.8,107.0,164.8,202.0,51.0,1469.4,753.4,200.8,279.6,1.0,1.6,0.0,0.0,0.6476656218453714,0.3523343781546287,125,2021-02-24 19:00:00,2.8854166666666665,2.6,2.8,1.0,14.0,2.0510710764,2.333333333333333,3.0,0.6666666666666666,0.0,0.1999999999999997,-0.3340019942599999,0.1857142724489805,0.6852826339456096,1.1888888888888889,0.6610581245901305,0.6,1.0,-1.7999999999999998,1.6,-2.2,-0.5999999999999996,9.2,-1.8,1.8,-0.9013708205999996,0.72788843004,-341.2,261.99999999999994,-354.4,259.8,77.4,-41.400000000000006,-109.2,78.6,-620.6000000000001,431.19999999999993,101.8,-50.80000000000001,1.7999999999999998,0.1999999999999999,0.0,0.4,-0.2015387053517465,0.2015387053517463,3,sevilla,barcelona,3.2,3.5,2.2,0.2968388589051658,0.27139552814186585,0.4317656129529684,True,-2.2,-1.7999999999999998,1.6,-0.5999999999999996,-0.9013708205999997,0.72788843004,-341.2,-354.4,77.4,-109.2,-0.20153870535174656,-620.6000000000001,101.80000000000001,1.7999999999999998,0.0,-1.6666666666666665,-2.6666666666666665,1.0,142.91666666666669,-118,-0.126012784367002,-0.26107881267554944,0.8600000000000001,-0.24362918803924477
3773665,11,90,2021-03-06,2021-03-06 21:00:00,422,Osasuna,217,Barcelona,0,2,Regular Season,Estadio El Sadar,Guillermo Cuadra Fernández,A,-2,2020/2021,1.0,2.5,1.5,9.5,19.0,1.0,2.5,0.7904560109,2.5953906653000005,293.5,860.5,205.5,769.5,151.0,93.5,38.5,227.0,509.5,1286.0,282.0,196.5,0.5,2.5,0.5,0.0,0.2948613489768243,0.7051386510231756,2,2020-11-29 14:00:00,97.29166666666669,1.5,1.0,2.5,9.5,0.7904560109,1.5,1.0,2.5,,,,0.1052631468144056,0.2543327554121899,1.6777777777777778,0.283764967817452,,0.5,2.8,0.8,2.6,13.4,5.2,2.6,0.8,2.0912310752,0.7695454766,802.4,382.4,725.6,301.2,114.6,167.4,202.2,50.8,1462.0,750.0,212.4,282.2,1.0,2.0,0.0,0.0,0.6449744193004145,0.3550255806995854,126,2021-02-27 16:15:00,7.197916666666667,2.6,2.8,0.8,13.4,2.0912310752,2.333333333333333,2.0,0.3333333333333333,-0.3999999999999999,0.1999999999999997,-0.06083807086,0.1940298362664301,0.6772451040874028,1.2733333333333332,0.66094032519849,0.6,1.0,-1.7999999999999998,1.7,-1.1,-3.9,13.8,-1.6,1.7,-1.3007750642999998,1.825845188700001,-508.9,478.1,-520.1,468.3,36.400000000000006,-73.9,-163.7,176.2,-952.5,536.0,69.6,-85.69999999999999,-0.5,0.5,0.5,0.0,-0.3501130703235902,0.3501130703235902,3,osasuna,barcelona,5.75,4.5,1.5,0.16363636363636366,0.2090909090909091,0.6272727272727273,True,-1.1,-1.7999999999999998,1.7,-3.9000000000000004,-1.3007750643000002,1.8258451887000007,-508.9,-520.1,36.400000000000006,-163.7,-0.35011307032359024,-952.5,69.6,-0.5,0.5,-0.833333333333333,-1.0,2.1666666666666665,90.09375000000001,-124,-0.08876668945202451,-0.4229123486752129,0.4044444444444446,-0.377175357381038
3773369,11,90,2021-03-15,2021-03-15 21:00:00,217,Barcelona,902,Huesca,4,1,Regular Season,Spotify Camp Nou,Adrián Cordero Vega,H,3,2020/2021,2.6,0.4,2.6,13.6,5.6,2.6,0.4,2.1051013748,0.7321773956,802.6,387.0,722.8,303.0,120.4,178.0,214.8,54.2,1421.8,743.2,222.0,293.2,0.8,1.8,0.0,0.0,0.644471006762618,0.3555289932373819,127,2021-03-06 21:00:00,9.0,2.6,2.6,0.4,13.6,2.1051013748,3.0,2.333333333333333,0.0,-0.3999999999999999,0.0,0.4670641983399999,0.1911764565311429,0.6746805643286142,1.3377777777777775,0.6567205539691822,0.6,1.0,1.0,4.5,0.0,5.5,25.0,1.0,4.0,0.8262335035,3.511165222,355.5,770.5,282.0,697.5,162.0,116.5,43.0,248.0,734.0,1239.5,278.5,202.0,1.5,0.5,0.0,0.0,0.3534017331953232,0.6465982668046768,2,2021-01-03 21:00:00,71.0,0.0,1.0,4.5,5.5,0.8262335035,0.0,1.0,4.5,,,,0.1818181487603365,0.3157193602879934,1.8,0.3719280464292231,,0.0,1.6,-4.1,2.6,8.1,-19.4,1.6,-3.6,1.2788678712999997,-2.7789878264,447.1,-383.5,440.8,-394.5,-41.6,61.5,171.8,-193.8,687.8,-496.3,-56.5,91.2,-0.7,1.3,0.0,0.0,0.2910692735672948,-0.2910692735672949,3,barcelona,huesca,1.18,7.5,13.0,0.8012162051113485,0.12605801627085214,0.07272577861779932,True,2.6,1.6,-4.1,8.1,1.2788678712999997,-2.7789878264,447.1,440.79999999999995,-41.599999999999994,171.8,0.29106927356729484,687.8,-56.5,-0.7,0.0,3.0,1.333333333333333,-4.5,-62.0,125,0.009358307770806401,0.3589612040406208,-0.46222222222222253,0.28479250753995905
3773597,11,90,2021-03-21,2021-03-21 21:00:00,210,Real Sociedad,217,Barcelona,1,6,Regular Season,Reale Arena,José Luis Munuera Montero,A,-5,2020/2021,1.0,1.8,0.2,11.6,11.8,1.0,1.8,1.4329406892,1.8279487076000005,496.6,598.2,407.2,504.8,191.0,170.2,83.8,118.6,923.4,1074.8,308.2,277.8,1.6,1.8,0.0,0.0,0.4685313892070806,0.5314686107929193,7,2020-12-16 21:00:00,95.0,0.2,1.0,1.8,11.6,1.4329406892,0.3333333333333333,1.0,1.6666666666666667,0.2,0.0,0.6623144017000001,0.0862068891200957,0.4535988304223612,2.1222222222222222,0.4621159040826164,0.0,0.0,2.4,0.4,2.6,12.6,6.0,2.4,0.4,1.758087504,1.03065177,810.4,406.6,732.6,325.0,138.4,191.2,237.8,60.6,1443.8,759.2,241.6,305.6,0.8,1.8,0.0,0.0,0.636495678761788,0.3635043212382119,128,2021-03-15 21:00:00,6.0,2.6,2.4,0.4,12.6,1.758087504,3.0,2.6666666666666665,0.3333333333333333,-0.3999999999999999,-1.0,0.0832865469400001,0.1904761753590337,0.6658997529450289,1.537777777777778,0.6553790282998734,0.6,1.0,-1.4,1.4,-2.4,-1.0,5.800000000000001,-1.4,1.4,-0.3251468147999998,0.7972969376000003,-313.79999999999995,191.6,-325.40000000000003,179.8,52.6,-21.0,-154.0,57.99999999999999,-520.4,315.5999999999999,66.6,-27.80000000000001,0.8,0.0,0.0,0.0,-0.1679642895547073,0.1679642895547073,3,realsociedad,barcelona,3.6,3.8,1.95,0.263607257203842,0.2497331910352187,0.4866595517609391,True,-2.4,-1.4,1.4,-1.0,-0.32514681479999985,0.7972969376000005,-313.79999999999995,-325.40000000000003,52.599999999999994,-154.0,-0.16796428955470744,-520.4,66.6,0.8,0.0,-2.6666666666666665,-1.6666666666666665,1.3333333333333335,89.0,-121,-0.10426928623893798,-0.2123009225226677,0.5844444444444443,-0.193263124217257
3773474,11,90,2021-04-05,2021-04-05 21:00:00,217,Barcelona,901,Real Valladolid,1,0,Regular Season,Spotify Camp Nou,Santiago Jaime Latre,H,1,2020/2021,3.4,0.4,3.0,11.4,7.4,3.4,0.4,1.8727849004,0.9500341122,774.8,432.4,703.2,355.8,155.8,206.0,181.4,64.8,1251.4,745.8,262.0,316.0,1.2,2.0,0.0,0.0,0.611470158262077,0.388529841737923,129,2021-03-21 21:00:00,15.0,3.0,3.4,0.4,11.4,1.8727849004,3.0,4.0,0.6666666666666666,0.3999999999999999,0.3999999999999999,0.0633653968,0.298245587873194,0.6418157715028033,1.7311111111111113,0.6265772077776001,0.8,1.0,0.2,2.2,0.0,10.4,16.0,0.2,2.2,0.5497250793,2.3173432226,433.8,702.2,340.2,614.8,176.2,154.0,68.2,156.8,777.4,1280.4,304.6,260.4,2.0,1.2,0.0,0.0,0.408840565718835,0.591159434281165,5,2020-12-22 22:00:00,103.95833333333331,0.0,0.2,2.2,10.4,0.5497250793,0.0,0.3333333333333333,3.0,,,,0.0192307673816569,0.3818661968469487,1.9577777777777776,0.3777820972019719,0.0,0.0,3.2,-1.8000000000000005,3.0,1.0,-8.6,3.2,-1.8000000000000005,1.3230598210999998,-1.3673091104,340.99999999999994,-269.80000000000007,363.00000000000006,-258.99999999999994,-20.399999999999977,52.0,113.2,-92.0,474.0000000000001,-534.6000000000001,-42.60000000000002,55.60000000000002,-0.8,0.8,0.0,0.0,0.2026295925432419,-0.2026295925432419,3,barcelona,realvalladolid,1.12,9.0,19.0,0.8450286617908678,0.10515912235619687,0.04981221585293536,True,3.0,3.1999999999999997,-1.8000000000000003,1.0,1.3230598210999998,-1.3673091104,340.99999999999994,363.00000000000006,-20.399999999999977,113.2,0.20262959254324198,474.0000000000001,-42.60000000000002,-0.8,0.0,3.0,3.6666666666666665,-2.3333333333333335,-88.95833333333331,124,0.2790148204915371,0.2599495746558546,-0.22666666666666635,0.24879511057562814
3773497,11,90,2021-04-10,2021-04-10 21:00:00,220,Real Madrid,217,Barcelona,2,1,Regular Season,Estadio Alfredo Di Stéfano,Jesús Gil Manzano,H,1,2020/2021,1.4,0.8,1.6,16.2,9.8,1.4,0.8,1.5147914497,1.0625812614,556.4,608.6,478.8,529.2,189.6,153.8,135.2,123.8,882.2,1142.6,305.0,271.8,3.4,2.6,0.0,0.2,0.484139589645245,0.5158604103547549,6,2020-10-24 16:00:00,168.20833333333334,1.6,1.4,0.8,16.2,1.5147914497,2.333333333333333,1.6666666666666667,0.3333333333333333,1.6,1.4,0.6044968742999999,0.0864197477518674,0.477596566113651,2.1066666666666665,0.4356973526097899,0.25,0.0,3.0,0.4,3.0,14.6,7.6,3.0,0.4,1.6971769514,0.8868815548000001,765.8,416.0,690.2,334.8,166.2,208.0,214.0,69.0,1273.6,694.4,276.4,324.4,1.8,2.6,0.0,0.2,0.6184888420119554,0.3815111579880445,130,2021-04-05 21:00:00,5.0,3.0,3.0,0.4,14.6,1.6971769514,3.0,3.6666666666666665,0.6666666666666666,0.3999999999999999,0.2000000000000001,-0.353894125,0.2054794379808604,0.6479945839837581,1.8466666666666665,0.6471544712158767,0.8,1.0,-1.6,0.4,-1.4,1.5999999999999996,2.200000000000001,-1.6,0.4,-0.1823855017,0.1756997065999997,-209.4,192.6,-211.40000000000003,194.40000000000003,23.40000000000001,-54.19999999999999,-78.80000000000001,54.8,-391.3999999999999,448.19999999999993,28.600000000000023,-52.599999999999966,1.6,0.0,0.0,0.0,-0.1343492523667103,0.1343492523667104,3,realmadrid,barcelona,2.8,3.8,2.3,0.3384972889233152,0.249419054996127,0.4120836560805577,True,-1.4,-1.6,0.4,1.5999999999999996,-0.1823855017,0.1756997066,-209.39999999999998,-211.40000000000003,23.400000000000006,-78.80000000000001,-0.13434925236671041,-391.39999999999986,28.600000000000023,1.5999999999999999,0.0,-0.666666666666667,-1.9999999999999998,-0.3333333333333333,163.20833333333334,-124,-0.119059690228993,-0.1703980178701071,0.26,-0.21145711860608674
3773661,11,90,2021-04-22,2021-04-22 22:00:00,217,Barcelona,216,Getafe,5,2,Regular Season,Spotify Camp Nou,Jorge Figueroa Vázquez,H,3,2020/2021,2.8,0.8,2.4,16.4,9.8,2.8,0.8,1.610201917,1.1333723168000005,793.0,383.8,715.8,302.0,169.0,216.8,239.0,68.0,1369.4,661.2,275.8,341.4,2.2,2.0,0.0,0.4,0.6377201328601434,0.3622798671398565,131,2021-04-10 21:00:00,12.041666666666666,2.4,2.8,0.8,16.4,1.610201917,2.0,2.6666666666666665,1.0,-0.2000000000000001,0.0,-0.4810291581999997,0.1707316969066038,0.6738613182581056,1.8777777777777775,0.6743819557399872,0.8,1.0,0.6,1.2,0.8,9.2,11.6,0.6,1.0,1.0771478128999998,1.4366327966,246.6,779.6,147.2,684.4,243.0,88.2,51.2,150.4,667.8,1596.8,372.2,193.4,3.2,2.4,0.0,0.0,0.3082657664281142,0.6917342335718857,6,2020-10-17 21:00:00,187.04166666666663,0.8,0.6,1.2,9.2,1.0771478128999998,1.0,0.6666666666666666,1.3333333333333333,0.8,-0.4,0.4225089002999997,0.0652173842155017,0.2403040340671369,2.7,0.2948865140444729,0.0,0.0,2.2,-0.3999999999999999,1.6,7.199999999999999,-1.799999999999999,2.2,-0.1999999999999999,0.5330541041000001,-0.3032604797999998,546.4,-395.8,568.5999999999999,-382.4,-74.0,128.60000000000002,187.8,-82.4,701.6000000000001,-935.6,-96.39999999999998,147.99999999999997,-1.0,-0.3999999999999999,0.0,0.4,0.3294543664320292,-0.3294543664320292,3,barcelona,getafe,1.25,5.75,13.0,0.7612985359643539,0.16549968173138127,0.0732017823042648,True,1.5999999999999999,2.1999999999999997,-0.3999999999999999,7.199999999999999,0.5330541041000001,-0.3032604797999996,546.4,568.5999999999999,-74.0,187.8,0.3294543664320292,701.6000000000001,-96.39999999999998,-1.0,0.0,1.0,2.0,-0.33333333333333326,-174.99999999999997,125,0.1055143126911021,0.4335572841909687,-0.8222222222222226,0.37949544169551425
3773689,11,90,2021-04-25,2021-04-25 16:15:00,222,Villarreal,217,Barcelona,1,2,Regular Season,Estadio de la Cerámica,Carlos del Cerro Grande,A,-1,2020/2021,1.2,3.2,0.2,10.8,14.8,1.2,2.8,1.0218686593,1.8491293646,455.6,740.6,379.4,662.8,181.2,138.2,75.6,170.2,831.6,1376.2,285.2,231.0,2.2,2.6,0.2,0.0,0.4024257290953263,0.5975742709046736,7,2020-09-27 21:00:00,209.80208333333331,0.2,1.2,3.2,10.8,1.0218686593,0.0,0.6666666666666666,3.333333333333333,0.2,0.7,0.1111885308,0.1111111008230462,0.3808727634334787,2.013333333333333,0.3766645527780303,0.0,0.0,3.4,1.2,2.4,15.6,8.8,3.2,1.0,1.7227923471999995,1.1922694052,835.8,339.8,758.0,261.0,165.2,229.0,227.6,63.8,1606.0,642.2,269.6,359.4,2.2,2.0,0.0,0.4,0.6630501477130382,0.3369498522869617,132,2021-04-22 22:00:00,2.7604166666666665,2.4,3.4,1.2,15.6,1.7227923471999995,2.0,2.333333333333333,1.3333333333333333,-0.2000000000000001,0.7999999999999998,-0.3823090276000001,0.205128191978962,0.7109561069148043,1.8355555555555556,0.714349256865782,0.8,0.8,-2.2,2.0,-2.2,-4.799999999999999,6.0,-2.0,1.7999999999999998,-0.7009236878999998,0.6568599594,-380.19999999999993,400.8,-378.6,401.8,16.0,-90.8,-152.0,106.4,-774.4,734.0,15.599999999999966,-128.39999999999998,0.0,0.6000000000000001,0.2,-0.4,-0.2606244186177118,0.2606244186177119,3,villareal,barcelona,4.5,4.2,1.66,0.20910563253554074,0.2240417491452222,0.5668526183192371,True,-2.1999999999999997,-2.2,2.0,-4.799999999999999,-0.7009236878999996,0.6568599594,-380.19999999999993,-378.6,16.0,-152.0,-0.26062441861771185,-774.4,15.599999999999966,0.0,0.2,-2.0,-1.6666666666666665,1.9999999999999998,207.04166666666666,-125,-0.0940170911559158,-0.33008334348132556,0.1777777777777776,-0.3376847040877517
3773586,11,90,2021-04-29,2021-04-29 19:00:00,217,Barcelona,1049,Granada,1,2,Regular Season,Spotify Camp Nou,Pablo González Fuertes,A,-1,2020/2021,3.0,1.2,2.4,16.2,9.2,2.8,1.0,2.195845086,1.0463723438,773.8,352.8,695.0,272.4,175.2,199.0,192.2,68.0,1492.8,669.2,281.2,325.4,2.8,2.0,0.0,0.6,0.646542813843845,0.3534571861561549,133,2021-04-25 16:15:00,4.114583333333333,2.4,3.0,1.2,16.2,2.195845086,2.0,2.6666666666666665,1.6666666666666667,-0.2000000000000001,0.6000000000000001,0.4377575819999999,0.1728394955037348,0.6868453748563417,1.9466666666666663,0.6904717850645367,0.8,0.8,0.6666666666666666,1.6666666666666667,1.0,7.333333333333333,13.333333333333334,0.6666666666666666,1.6666666666666667,0.8395974257666667,1.189503318,270.0,849.6666666666666,191.0,772.6666666666666,216.0,112.33333333333331,42.66666666666666,185.33333333333331,642.3333333333334,1836.6666666666667,337.6666666666667,215.0,2.6666666666666665,1.6666666666666667,0.6666666666666666,0.0,0.304716750037514,0.695283249962486,3,2021-01-09 18:30:00,110.02083333333331,1.0,0.6666666666666666,1.6666666666666667,7.333333333333333,0.8395974257666667,1.0,0.6666666666666666,1.6666666666666667,,,,0.0909090785123983,0.2411431971648021,2.4,0.2591098560202596,0.5,0.0,2.333333333333333,-0.4666666666666668,1.4,8.866666666666667,-4.133333333333335,2.1333333333333333,-0.6666666666666667,1.356247660233333,-0.1431309741999999,503.8,-496.8666666666666,504.0,-500.26666666666665,-40.80000000000001,86.66666666666667,149.53333333333333,-117.33333333333334,850.4666666666666,-1167.4666666666667,-56.4666666666667,110.39999999999998,0.1333333333333333,0.3333333333333332,-0.6666666666666666,0.6,0.341826063806331,-0.341826063806331,3,barcelona,granada,1.14,8.0,17.0,0.8267477203647416,0.11781155015197567,0.05544072948328267,True,1.4,2.3333333333333335,-0.4666666666666668,8.866666666666667,1.356247660233333,-0.14313097419999998,503.79999999999995,504.0,-40.80000000000001,149.53333333333333,0.34182606380633107,850.4666666666666,-56.4666666666667,0.1333333333333333,-0.6666666666666666,1.0,2.0,0.0,-105.90624999999999,130,0.08193041699133652,0.4457021776915396,-0.4533333333333336,0.43136192904427706
3773695,11,90,2021-05-02,2021-05-02 21:00:00,207,Valencia,217,Barcelona,2,3,Regular Season,Estadio de Mestalla,José María Sánchez Martínez,A,-1,2020/2021,1.6,1.4,1.2,11.8,16.0,1.6,1.4,1.79148953952,1.5556211465,361.6,840.2,282.2,754.8,201.0,123.0,58.8,290.4,635.0,1397.2,326.0,228.4,1.4,2.8,0.0,0.0,0.3425393607268002,0.6574606392731999,6,2020-12-19 16:15:00,134.19791666666666,1.2,1.6,1.4,11.8,1.79148953952,1.6666666666666667,2.0,1.3333333333333333,0.1999999999999999,0.6000000000000001,0.69119119452,0.1355932088480331,0.300882010067497,2.2333333333333334,0.312469244999277,0.25,0.0,2.0,1.4,1.8,16.6,8.2,1.8,1.2,1.89866644,1.0173887638,799.0,324.6,717.4,243.6,162.8,209.0,223.4,64.2,1650.0,689.6,265.0,339.0,2.4,2.2,0.0,0.6,0.6635626338870132,0.3364373661129867,134,2021-04-29 19:00:00,3.083333333333333,1.8,2.0,1.4,16.6,1.89866644,2.0,2.6666666666666665,1.6666666666666667,-1.2,-1.4,0.0258815396,0.1084337284076067,0.7111071549384949,1.808888888888889,0.7052487601704357,0.8,0.8,-0.3999999999999999,0.0,-0.6000000000000001,-4.800000000000001,7.800000000000001,-0.1999999999999999,0.1999999999999999,-0.10717690048,0.5382323827,-437.4,515.6,-435.2,511.19999999999993,38.19999999999999,-86.0,-164.60000000000002,226.2,-1015.0,707.6,61.0,-110.6,-1.0,0.5999999999999996,0.0,-0.6,-0.321023273160213,0.3210232731602132,3,valencia,barcelona,7.0,5.5,1.36,0.13477477477477479,0.17153153153153156,0.6936936936936937,True,-0.6000000000000001,-0.3999999999999999,0.0,-4.800000000000001,-0.10717690048000006,0.5382323827,-437.4,-435.2,38.19999999999999,-164.60000000000002,-0.321023273160213,-1015.0,61.0,-1.0,0.0,-0.33333333333333326,-0.6666666666666665,-0.3333333333333335,131.11458333333331,-128,0.027159480440426403,-0.41022514487099787,0.4244444444444444,-0.3927795151711587
3773372,11,90,2021-05-08,2021-05-08 16:15:00,217,Barcelona,212,Atlético Madrid,0,0,Regular Season,Spotify Camp Nou,Antonio Miguel Mateu Lahoz,D,0,2020/2021,2.4,1.8,1.8,14.4,8.6,2.2,1.6,2.1511875748,1.2067687892,812.0,331.6,730.8,252.8,139.8,196.8,200.6,62.0,1605.8,703.6,236.6,320.4,2.0,2.0,0.0,0.4,0.6613724368748816,0.3386275631251184,135,2021-05-02 21:00:00,5.802083333333333,1.8,2.4,1.8,14.4,2.1511875748,2.0,2.0,1.6666666666666667,-1.2,-0.6000000000000001,0.4540106234000003,0.1527777671682106,0.7100384743703756,1.5533333333333337,0.6953321205961149,0.8,0.8,0.8,1.2,1.0,9.6,13.0,0.8,1.0,0.8860338539999999,1.1168344274000002,409.2,738.2,325.6,660.6,208.2,158.6,96.0,192.8,827.6,1431.2,331.8,272.6,4.4,2.6,0.2,0.0,0.3852286350977158,0.6147713649022842,7,2020-11-21 21:00:00,167.80208333333334,1.0,0.8,1.2,9.6,0.8860338539999999,1.3333333333333333,1.0,1.0,0.5,0.3,0.5896647263499999,0.0833333246527786,0.3566323859537803,2.313333333333333,0.3663892330589741,0.0,0.0,1.6,0.6000000000000001,0.8,4.800000000000001,-4.4,1.4,0.6000000000000001,1.2651537208000003,0.0899343617999999,402.8,-406.6,405.19999999999993,-407.8,-68.39999999999998,38.20000000000002,104.6,-130.8,778.1999999999999,-727.6,-95.20000000000002,47.79999999999996,-2.4000000000000004,-0.6000000000000001,-0.2,0.4,0.2761438017771657,-0.2761438017771658,3,barcelona,atleticomadrid,1.75,3.8,4.5,0.540711462450593,0.24901185770750991,0.21027667984189727,True,0.8,1.5999999999999999,0.6000000000000001,4.800000000000001,1.2651537207999999,0.08993436179999992,402.8,405.19999999999993,-68.39999999999998,104.6,0.27614380177716574,778.1999999999999,-95.20000000000002,-2.4000000000000004,-0.2,0.6666666666666667,1.0,0.6666666666666667,-162.0,128,0.069444442515432,0.3534060884165953,-0.7599999999999993,0.32894288753714085
3773387,11,90,2021-05-11,2021-05-11 22:00:00,221,Levante UD,217,Barcelona,3,3,Regular Season,Estadio Ciudad de Valencia,José Luis Munuera Montero,D,0,2020/2021,0.8,2.0,0.6,10.2,19.2,0.8,2.0,0.980343369,2.37000184644,400.2,679.6,316.8,601.4,170.6,134.8,71.0,171.2,791.0,1258.4,286.4,235.4,1.4,3.4,0.2,0.0,0.3957720092394058,0.6042279907605941,6,2020-12-13 21:00:00,149.04166666666666,0.6,0.8,2.0,10.2,0.980343369,1.0,1.3333333333333333,1.3333333333333333,0.6,0.8,0.2964389230000002,0.0784313648596701,0.3706241893215186,1.8955555555555557,0.3859666241895352,0.3333333333333333,0.0,2.2,1.4,2.0,13.2,7.8,2.0,1.2,2.0252718324000005,1.053531749,789.2,349.6,711.8,272.8,146.4,188.4,180.0,60.0,1619.4,758.6,240.4,304.0,1.8,2.2,0.0,0.2,0.6493797918691607,0.3506202081308393,136,2021-05-08 16:15:00,3.239583333333333,2.0,2.2,1.4,13.2,2.0252718324000005,1.3333333333333333,1.3333333333333333,1.3333333333333333,-0.3999999999999999,-0.5999999999999996,0.4150699154000006,0.1515151400367318,0.6930101855523267,1.6266666666666667,0.6809924303275895,0.8,0.8,-1.4,0.6000000000000001,-1.4,-3.0,11.4,-1.2,0.8,-1.0449284634000005,1.31647009744,-389.00000000000006,330.0,-395.0,328.6,24.19999999999999,-53.6,-109.0,111.2,-828.4000000000001,499.80000000000007,45.99999999999997,-68.6,-0.4000000000000001,1.1999999999999995,0.2,-0.2,-0.2536077826297549,0.2536077826297548,3,levanteud,barcelona,12.0,8.0,1.18,0.07892976588628761,0.11839464882943143,0.802675585284281,True,-1.4,-1.4000000000000001,0.6000000000000001,-3.0,-1.0449284634000007,1.31647009744,-389.00000000000006,-394.99999999999994,24.19999999999999,-109.0,-0.2536077826297549,-828.4000000000001,45.99999999999997,-0.40000000000000013,0.2,-0.33333333333333326,0.0,0.0,145.80208333333331,-130,-0.0730837751770617,-0.32238599623080816,0.26888888888888896,-0.2950258061380543
3773457,11,90,2021-05-16,2021-05-16 18:30:00,217,Barcelona,209,Celta Vigo,1,2,Regular Season,Spotify Camp Nou,,A,-1,2020/2021,1.8,1.6,1.6,14.8,10.0,1.8,1.6,2.264063836,0.956445322,726.0,387.6,650.2,311.6,160.6,169.2,186.2,68.4,1407.6,787.2,255.4,283.2,1.8,2.6,0.0,0.2,0.6187090337099066,0.3812909662900934,137,2021-05-11 22:00:00,4.854166666666667,1.6,1.8,1.6,14.8,2.264063836,1.6666666666666667,2.0,1.6666666666666667,-0.7999999999999998,-1.6,0.5412714887999999,0.121621613403945,0.6519396545869794,1.7844444444444445,0.6413340620369354,0.6,0.8,1.0,2.6,0.4,11.0,11.4,1.0,2.4,1.32671838262,1.4758200136,455.6,622.2,368.4,534.2,168.8,155.4,101.0,136.8,764.4,1106.4,281.8,257.4,2.6,2.4,0.0,0.4,0.4408441516076448,0.5591558483923552,6,2020-10-01 21:30:00,226.875,0.4,1.0,2.6,11.0,1.32671838262,0.3333333333333333,1.0,3.0,-0.6,-1.0,-0.3462846293799999,0.0909090826446288,0.4227129333617433,1.875555555555556,0.4085952531491365,0.0,0.0,0.8,-1.0,1.2000000000000002,3.8000000000000007,-1.4000000000000004,0.8,-0.7999999999999998,0.9373454533799996,-0.5193746915999998,270.4,-234.6,281.80000000000007,-222.6,-8.200000000000017,13.799999999999985,85.19999999999999,-68.4,643.1999999999999,-319.20000000000005,-26.40000000000001,25.80000000000001,-0.8,0.2000000000000001,0.0,-0.2,0.1778648821022618,-0.1778648821022617,3,barcelona,celtavigo,1.2,7.5,11.0,0.7879656160458453,0.12607449856733524,0.08595988538681948,True,1.2000000000000002,0.8,-1.0,3.8000000000000007,0.9373454533800001,-0.5193746915999999,270.4,281.80000000000007,-8.200000000000017,85.19999999999999,0.1778648821022618,643.1999999999999,-26.400000000000006,-0.8,0.0,1.3333333333333335,1.0,-1.3333333333333333,-222.02083333333334,131,0.03071253075931621,0.22922672122523613,-0.09111111111111159,0.23273880888779896
