match_id,competition_id,season_id,match_date,kick_off,home_team_id,home_team,away_team_id,away_team,home_score,away_score,competition_stage,stadium,referee,outcome,goal_margin,season,home_form_5_goals_for,home_form_5_goals_against,home_form_5_points,home_form_5_shots_for,home_form_5_shots_against,home_form_5_shot_goals_for,home_form_5_shot_goals_against,home_form_5_xg_for,home_form_5_xg_against,home_form_5_passes_for,home_form_5_passes_against,home_form_5_completed_passes_for,home_form_5_completed_passes_against,home_form_5_pressures_for,home_form_5_pressures_against,home_form_5_carries_final_third_for,home_form_5_carries_final_third_against,home_form_5_set_pieces_for,home_form_5_set_pieces_against,home_form_5_defensive_actions_for,home_form_5_defensive_actions_against,home_form_5_yellow_cards_for,home_form_5_yellow_cards_against,home_form_5_red_cards_for,home_form_5_red_cards_against,home_form_5_event_share_for,home_form_5_event_share_against,home_matches_played_before,home_history_max_kickoff,home_rest_days,home_form5_points,home_form5_goals_for,home_form5_goals_against,home_form5_shots_for,home_form5_xg_for,home_form3_points,home_form3_goals_for,home_form3_goals_against,home_momentum_points,home_momentum_goals_for,home_momentum_xg_for,home_shot_conv_5,home_possession_share_5,home_pressure_rate_5,home_set_piece_share_5,home_home_win_rate_5,home_away_win_rate_5,away_form_5_goals_for,away_form_5_goals_against,away_form_5_points,away_form_5_shots_for,away_form_5_shots_against,away_form_5_shot_goals_for,away_form_5_shot_goals_against,away_form_5_xg_for,away_form_5_xg_against,away_form_5_passes_for,away_form_5_passes_against,away_form_5_completed_passes_for,away_form_5_completed_passes_against,away_form_5_pressures_for,away_form_5_pressures_against,away_form_5_carries_final_third_for,away_form_5_carries_final_third_against,away_form_5_set_pieces_for,away_form_5_set_pieces_against,away_form_5_defensive_actions_for,away_form_5_defensive_actions_against,away_form_5_yellow_cards_for,away_form_5_yellow_cards_against,away_form_5_red_cards_for,away_form_5_red_cards_against,away_form_5_event_share_for,away_form_5_event_share_against,away_matches_played_before,away_history_max_kickoff,away_rest_days,away_form5_points,away_form5_goals_for,away_form5_goals_against,away_form5_shots_for,away_form5_xg_for,away_form3_points,away_form3_goals_for,away_form3_goals_against,away_momentum_points,away_momentum_goals_for,away_momentum_xg_for,away_shot_conv_5,away_possession_share_5,away_pressure_rate_5,away_set_piece_share_5,away_home_win_rate_5,away_away_win_rate_5,diff_form_5_goals_for,diff_form_5_goals_against,diff_form_5_points,diff_form_5_shots_for,diff_form_5_shots_against,diff_form_5_shot_goals_for,diff_form_5_shot_goals_against,diff_form_5_xg_for,diff_form_5_xg_against,diff_form_5_passes_for,diff_form_5_passes_against,diff_form_5_completed_passes_for,diff_form_5_completed_passes_against,diff_form_5_pressures_for,diff_form_5_pressures_against,diff_form_5_carries_final_third_for,diff_form_5_carries_final_third_against,diff_form_5_set_pieces_for,diff_form_5_set_pieces_against,diff_form_5_defensive_actions_for,diff_form_5_defensive_actions_against,diff_form_5_yellow_cards_for,diff_form_5_yellow_cards_against,diff_form_5_red_cards_for,diff_form_5_red_cards_against,diff_form_5_event_share_for,diff_form_5_event_share_against,season_idx,odds_tagged,market_p_H,market_p_D,market_p_A
9765,11,1,2018-01-21,2018-01-21 20:45:00,218,Real Betis,217,Barcelona,0,5,Regular Season,Estadio Benito Villamarín,,A,-5,2017/2018,0.0,2.0,0.0,3.0,15.0,0.0,1.0,0.19116502200000002,1.1637680150000003,450.0,685.0,372.0,600.0,299.0,159.0,61.0,167.0,1007.0,1196.0,420.0,256.0,1.0,2.0,0.0,0.0,0.43636808614782185,0.5636319138521781,1,2017-08-20 20:15:00,154.02083333333334,0.0,0.0,2.0,3.0,0.19116502200000002,0.0,0.0,2.0,,,,0.0,0.39647577057579225,3.3222222222222224,0.4571039489527445,,,3.2,0.4,3.0,16.8,10.8,3.2,0.4,3.2480823852,0.66546526028,663.2,426.4,586.6,337.4,187.2,225.6,141.0,81.6,1259.6,822.8,290.8,332.6,1.0,2.2,0.0,0.4,0.5846801867996496,0.4153198132003505,19,2018-01-14 20:45:00,7.0,3.0,3.2,0.4,16.8,3.2480823852,3.0,3.3333333333333335,0.6666666666666666,0.7999999999999998,1.2000000000000002,1.1471999604599996,0.19047617913832265,0.6086637292504922,2.08,0.6048789854951601,0.8,0.8,-3.2,1.6,-3.0,-13.8,4.199999999999999,-3.2,0.6,-3.0569173632,0.4983027547200003,-213.20000000000005,258.6,-214.60000000000002,262.6,111.80000000000001,-66.6,-80.0,85.4,-252.5999999999999,373.20000000000005,129.2,-76.60000000000002,0.0,-0.20000000000000018,0.0,-0.4,-0.14831210065182776,0.14831210065182765,0,False,,,
9774,11,1,2018-01-28,2018-01-28 20:45:00,217,Barcelona,206,Deportivo Alavés,2,1,Regular Season,Spotify Camp Nou,Ignacio Iglesias Villanueva,H,1,2017/2018,3.8,0.4,3.0,16.4,10.4,3.8,0.4,3.047388471,0.62178402488,615.6,453.4,538.4,363.0,175.6,233.2,128.2,96.4,1109.2,797.6,281.2,337.8,1.2,2.2,0.0,0.2,0.5575453878576286,0.4424546121423713,20,2018-01-21 20:45:00,7.0,3.0,3.8,0.4,16.4,3.047388471,3.0,4.0,0.6666666666666666,0.7999999999999998,1.7999999999999998,0.83322878226,0.23170730294467665,0.5758652941292186,1.951111111111111,0.5817075725919301,0.8,0.8,0.0,2.0,0.0,11.0,23.0,0.0,2.0,0.655419891,2.21300036,291.0,785.0,207.0,701.0,272.0,107.0,24.0,280.0,629.0,1721.0,423.0,199.0,2.0,3.0,0.0,0.0,0.33879641485275286,0.6612035851472471,1,2017-08-26 18:15:00,155.10416666666666,0.0,0.0,2.0,11.0,0.655419891,0.0,0.0,2.0,,,,0.0,0.2704460964029311,3.022222222222222,0.2676595743541874,,,3.8,-1.6,3.0,5.399999999999999,-12.6,3.8,-1.6,2.3919685800000003,-1.5912163351200002,324.6,-331.6,331.4,-338.0,-96.4,126.19999999999999,104.19999999999999,-183.6,480.20000000000005,-923.4,-141.8,138.8,-0.8,-0.7999999999999998,0.0,0.2,0.21874897300487578,-0.21874897300487578,0,False,,,
9783,11,1,2018-02-04,2018-02-04 16:15:00,214,Espanyol,217,Barcelona,1,1,Regular Season,Stage Front Stadium,Jesús Gil Manzano,D,0,2017/2018,0.0,5.0,0.0,9.0,20.0,0.0,5.0,0.46805163099999997,3.0948081069999995,253.0,766.0,156.0,681.0,214.0,149.0,58.0,110.0,662.0,1767.0,331.0,248.0,5.0,1.0,0.0,0.0,0.29924770130955697,0.700752298690443,1,2017-09-09 20:45:00,147.8125,0.0,0.0,5.0,9.0,0.46805163099999997,0.0,0.0,5.0,,,,0.0,0.2482826297857874,2.3777777777777778,0.2725401398630959,,,3.4,0.6,3.0,15.4,9.8,3.4,0.6,2.26481428886,0.71579083876,631.6,411.8,549.4,322.0,164.4,228.8,148.6,86.8,1203.8,755.2,271.8,340.6,1.2,2.4,0.0,0.2,0.5820493143224528,0.4179506856775471,21,2018-01-28 20:45:00,6.8125,3.0,3.4,0.6,15.4,2.26481428886,3.0,3.6666666666666665,1.0,0.7999999999999998,1.0,-0.8050997894800007,0.22077920644290866,0.6053287324081571,1.8266666666666667,0.6144971921314459,0.8,0.8,-3.4,4.4,-3.0,-6.4,10.2,-3.4,4.4,-1.7967626578599998,2.3790172682399993,-378.6,354.2,-393.4,359.0,49.599999999999994,-79.80000000000001,-90.6,23.200000000000003,-541.8,1011.8,59.19999999999999,-92.60000000000002,3.8,-1.4,0.0,-0.2,-0.2828016130128958,0.28280161301289586,0,False,,,
9794,11,1,2018-02-11,2018-02-11 16:15:00,217,Barcelona,216,Getafe,0,0,Regular Season,Spotify Camp Nou,David Fernández Borbalan,D,0,2017/2018,3.0,0.8,2.6,14.4,8.6,3.0,0.8,1.7615058732600002,0.64691700808,642.8,363.6,552.4,272.0,142.6,205.0,162.6,75.4,1318.6,789.8,252.8,334.2,1.4,3.0,0.0,0.0,0.6066432844374711,0.39335671556252894,22,2018-02-04 16:15:00,7.0,2.6,3.0,0.8,14.4,1.7615058732600002,2.3333333333333335,2.6666666666666665,0.6666666666666666,0.3999999999999999,0.6000000000000001,-1.6242270132799999,0.20833331886574175,0.6387122410187677,1.5844444444444443,0.6254031490109073,0.8,0.8,1.0,2.0,0.0,13.0,7.0,1.0,2.0,0.6546389126000001,0.555728866,309.0,709.0,209.0,627.0,178.0,101.0,64.0,160.0,670.0,1498.0,304.0,227.0,2.0,4.0,0.0,0.0,0.3501252435290843,0.6498747564709156,1,2017-09-16 16:15:00,148.0,0.0,1.0,2.0,13.0,0.6546389126000001,0.0,1.0,2.0,,,,0.07692307100591762,0.3035363454778621,1.9777777777777779,0.3090405902633577,,,2.0,-1.2,2.6,1.4000000000000004,1.5999999999999996,2.0,-1.2,1.1068669606600001,0.09118814207999992,333.79999999999995,-345.4,343.4,-355.0,-35.400000000000006,104.0,98.6,-84.6,648.5999999999999,-708.2,-51.19999999999999,107.19999999999999,-0.6000000000000001,-1.0,0.0,0.0,0.25651804090838676,-0.2565180409083867,0,False,,,
9799,11,1,2018-02-17,2018-02-17 16:15:00,322,Eibar,217,Barcelona,0,2,Regular Season,Estadio Municipal de Ipurúa,Alejandro José Hernández Hernández,A,-2,2017/2018,1.0,6.0,0.0,13.0,11.0,1.0,6.0,1.032137608,2.001458215,424.0,639.0,324.0,552.0,197.0,137.0,72.0,96.0,700.0,1178.0,312.0,253.0,2.0,0.0,0.0,0.0,0.4191891891891892,0.5808108108108108,1,2017-09-19 22:00:00,150.76041666666666,0.0,1.0,6.0,13.0,1.032137608,0.0,1.0,6.0,,,,0.07692307100591762,0.3988711190979575,2.188888888888889,0.3727369540081273,,,2.4,0.8,2.2,13.8,8.8,2.4,0.8,1.47876542526,0.5890427703800001,663.6,349.0,563.0,253.2,126.4,196.4,170.8,73.2,1297.8,753.0,234.4,331.6,1.8,2.8,0.0,0.0,0.6180989627543461,0.38190103724565383,23,2018-02-11 16:15:00,6.0,2.2,2.4,0.8,13.8,1.47876542526,1.6666666666666667,1.0,0.6666666666666666,-0.3999999999999999,-0.3999999999999999,-2.19768764054,0.17391303087586732,0.6553426815570387,1.4044444444444446,0.6328262138517523,0.8,0.8,-1.4,5.2,-2.2,-0.8000000000000007,2.1999999999999993,-1.4,5.2,-0.44662781726,1.41241544462,-239.60000000000002,290.0,-239.0,298.8,70.6,-59.400000000000006,-98.80000000000001,22.799999999999997,-597.8,425.0,77.6,-78.60000000000002,0.19999999999999996,-2.8,0.0,0.0,-0.19890977356515688,0.19890977356515693,0,False,,,
9811,11,1,2018-02-24,2018-02-24 20:45:00,217,Barcelona,211,Girona,6,1,Regular Season,Spotify Camp Nou,,H,5,2017/2018,2.0,0.4,2.2,13.6,9.0,2.0,0.4,1.8095552912600001,0.55364773158,679.8,350.6,573.4,249.2,110.2,173.0,162.8,73.6,1272.8,694.2,231.0,317.2,1.6,2.8,0.0,0.2,0.6235098600563208,0.3764901399436792,24,2018-02-17 16:15:00,7.1875,2.2,2.0,0.4,13.6,1.8095552912600001,1.6666666666666667,1.0,0.3333333333333333,-0.7999999999999998,-1.2000000000000002,-1.43852709394,0.14705881271626378,0.6597437881795963,1.2244444444444444,0.647076766320754,0.6,0.8,0.0,3.0,0.0,14.0,10.0,0.0,1.0,1.0864782077,0.98248872,389.0,593.0,287.0,496.0,239.0,139.0,59.0,62.0,871.0,1074.0,346.0,260.0,3.0,0.0,0.0,0.0,0.44046579330422125,0.5595342066957788,1,2017-09-23 20:45:00,154.0,0.0,0.0,3.0,14.0,1.0864782077,0.0,0.0,3.0,,,,0.0,0.3961303458287878,2.6555555555555554,0.4478149097954679,,,2.0,-2.6,2.2,-0.40000000000000036,-1.0,2.0,-0.6,0.7230770835600002,-0.42884098841999996,290.79999999999995,-242.39999999999998,286.4,-246.8,-128.8,34.0,103.80000000000001,11.599999999999994,401.79999999999995,-379.79999999999995,-115.0,57.19999999999999,-1.4,2.8,0.0,0.2,0.18304406675209955,-0.1830440667520996,0,False,,,
9827,11,1,2018-03-01,2018-03-01 21:00:00,208,Las Palmas,217,Barcelona,1,1,Regular Season,Estadio de Gran Canaria,Antonio Miguel Mateu Lahoz,D,0,2017/2018,0.0,3.0,0.0,11.0,22.0,0.0,3.0,0.568182815,3.100964786,588.0,538.0,512.0,464.0,159.0,160.0,93.0,149.0,1115.0,929.0,271.0,270.0,1.0,5.0,0.0,0.0,0.5161530815109344,0.4838469184890656,1,2017-10-01 16:15:00,151.19791666666666,0.0,0.0,3.0,11.0,0.568182815,0.0,0.0,3.0,,,,0.0,0.5222024862147402,1.7666666666666666,0.5454990212595405,,,2.2,0.6,2.2,15.0,9.6,2.2,0.6,1.8945870284600002,0.63702941478,692.4,323.2,588.0,223.2,106.8,158.8,161.2,62.4,1358.2,678.0,228.0,308.2,1.4,2.6,0.0,0.2,0.6422669413837638,0.3577330586162363,25,2018-02-24 20:45:00,5.010416666666667,2.2,2.2,0.6,15.0,1.8945870284600002,2.3333333333333335,2.6666666666666665,0.3333333333333333,-0.7999999999999998,-1.5999999999999996,-1.15280144254,0.14666665688888955,0.6817644735311497,1.1866666666666665,0.6670268143271649,0.6,0.8,-2.2,2.4,-2.2,-4.0,12.4,-2.2,2.4,-1.32640421346,2.46393537122,-104.39999999999998,214.8,-76.0,240.8,52.2,1.1999999999999886,-68.19999999999999,86.6,-243.20000000000005,251.0,43.0,-38.19999999999999,-0.3999999999999999,2.4,0.0,-0.2,-0.12611385987282941,0.1261138598728293,0,False,,,
9837,11,1,2018-03-04,2018-03-04 16:15:00,217,Barcelona,212,Atlético Madrid,1,0,Regular Season,Spotify Camp Nou,Jesús Gil Manzano,H,1,2017/2018,2.0,0.6,1.8,13.4,10.6,2.0,0.6,1.6558744103999998,0.7286053622,657.0,341.8,556.6,244.6,117.2,165.2,138.2,63.2,1339.4,764.8,232.4,308.4,2.0,3.4,0.0,0.2,0.6179268591016708,0.3820731408983292,26,2018-03-01 21:00:00,2.8020833333333335,1.8,2.0,0.6,13.4,1.6558744103999998,2.3333333333333335,3.0,0.6666666666666666,-1.2,-1.4,-0.60893987846,0.14925372020494626,0.6577893465580804,1.3022222222222222,0.6365364506052009,0.8,0.8,1.0,1.0,1.0,5.0,15.0,1.0,1.0,0.397746746,1.313994053,363.0,773.0,269.0,673.0,185.0,93.0,49.0,257.0,678.0,1384.0,343.0,209.0,3.0,2.0,0.0,0.0,0.37218237704918034,0.6278176229508197,1,2017-10-14 20:45:00,140.8125,1.0,1.0,1.0,5.0,0.397746746,1.0,1.0,1.0,,,,0.199999960000008,0.31954225323983954,2.0555555555555554,0.328806983351694,,,1.0,-0.4,0.8,8.4,-4.4,1.0,-0.4,1.2581276644,-0.5853886908,294.0,-431.2,287.6,-428.4,-67.8,72.19999999999999,89.19999999999999,-193.8,661.4000000000001,-619.2,-110.6,99.39999999999998,-1.0,1.4,0.0,0.2,0.24574448205249044,-0.24574448205249044,0,False,,,
9855,11,1,2018-03-18,2018-03-18 16:15:00,217,Barcelona,215,Athletic Club,2,0,Regular Season,Spotify Camp Nou,Santiago Jaime Latre,H,2,2017/2018,2.0,0.4,2.2,14.2,10.2,2.0,0.4,1.7081412017400002,0.6544185796599999,654.4,385.8,556.4,287.2,119.0,162.2,128.6,73.4,1284.8,741.8,233.4,305.8,1.8,2.8,0.0,0.2,0.598326854179601,0.40167314582039904,27,2018-03-04 16:15:00,14.0,2.2,2.0,0.4,14.2,1.7081412017400002,2.3333333333333335,2.6666666666666665,0.6666666666666666,-0.3999999999999999,-1.0,-0.05336467152000002,0.140845060503869,0.6291097859747069,1.3222222222222222,0.633968222326079,0.8,0.8,0.0,2.0,0.0,17.0,17.0,0.0,2.0,1.310543534,2.6556588420000002,396.0,600.0,289.0,488.0,221.0,129.0,85.0,97.0,728.0,1197.0,361.0,243.0,1.0,4.0,0.0,0.0,0.4385315879339784,0.5614684120660216,1,2017-10-28 20:45:00,140.8125,0.0,0.0,2.0,17.0,1.310543534,0.0,0.0,2.0,,,,0.0,0.397590361046596,2.4555555555555557,0.37818181798536005,,,2.0,-1.6,2.2,-2.8000000000000007,-6.800000000000001,2.0,-1.6,0.39759766774000016,-2.0012402623400005,258.4,-214.2,267.4,-200.8,-102.0,33.19999999999999,43.599999999999994,-23.599999999999994,556.8,-455.20000000000005,-127.6,62.80000000000001,0.8,-1.2000000000000002,0.0,0.2,0.15979526624562257,-0.15979526624562257,0,False,,,
9860,11,1,2018-03-31,2018-03-31 20:45:00,213,Sevilla,217,Barcelona,2,2,Regular Season,Estadio Ramón Sánchez Pizjuán,José Luis González González,D,0,2017/2018,1.0,2.0,0.0,8.0,18.0,1.0,2.0,0.480070253,1.8726843870000003,569.0,615.0,479.0,522.0,195.0,111.0,94.0,156.0,838.0,872.0,314.0,242.0,0.0,1.0,0.0,0.0,0.49097120546608103,0.509028794533919,1,2017-11-04 20:45:00,147.0,0.0,1.0,2.0,8.0,0.480070253,0.0,1.0,2.0,,,,0.12499998437500197,0.4805743239184338,2.1666666666666665,0.4900584792455798,,,2.4,0.4,2.6,15.0,10.2,2.4,0.4,1.8229318325400001,0.70249907036,614.8,429.0,521.4,328.4,125.4,167.6,104.2,82.0,1192.0,776.6,249.6,308.4,1.8,2.6,0.0,0.2,0.5691518248607675,0.43084817513923246,28,2018-03-18 16:15:00,13.1875,2.6,2.4,0.4,15.0,1.8229318325400001,2.3333333333333335,1.3333333333333333,0.3333333333333333,0.3999999999999999,0.0,0.34416640728000014,0.15999998933333404,0.5890017239040028,1.3933333333333333,0.605506450977595,0.8,0.6,-1.4,1.6,-2.6,-7.0,7.800000000000001,-1.4,1.6,-1.34286157954,1.1701853166400003,-45.799999999999955,186.0,-42.39999999999998,193.60000000000002,69.6,-56.599999999999994,-10.200000000000003,74.0,-354.0,95.39999999999998,64.4,-66.39999999999998,-1.8,-1.6,0.0,-0.2,-0.07818061939468651,0.07818061939468657,0,False,,,
9870,11,1,2018-04-07,2018-04-07 20:45:00,217,Barcelona,205,Leganés,3,1,Regular Season,Spotify Camp Nou,Ricardo De Burgos Bengoetxea,H,2,2017/2018,2.4,0.8,2.2,17.0,11.6,2.4,0.8,1.67132580614,1.0883128148199999,628.2,416.0,537.8,322.2,122.8,169.0,133.6,77.6,1268.8,789.2,240.0,310.2,1.6,2.6,0.0,0.0,0.5802649364601129,0.41973506353988715,29,2018-03-31 20:45:00,7.0,2.2,2.4,0.8,17.0,1.67132580614,2.3333333333333335,1.6666666666666667,0.6666666666666666,0.0,0.3999999999999999,-0.1382294851200001,0.1411764622837375,0.6016088866102194,1.3644444444444443,0.6165208937723416,0.8,0.6,0.0,3.0,0.0,18.0,11.0,0.0,3.0,1.2832229555,1.76472795,319.0,653.0,218.0,555.0,201.0,120.0,72.0,79.0,755.0,1349.0,339.0,257.0,1.0,2.0,0.0,0.0,0.3689900426742532,0.6310099573257468,1,2017-11-18 16:15:00,140.1875,0.0,0.0,3.0,18.0,1.2832229555,0.0,0.0,3.0,,,,0.0,0.3281893000738793,2.2333333333333334,0.35884030401195804,,,2.4,-2.2,2.2,-1.0,0.5999999999999996,2.4,-2.2,0.38810285063999994,-0.6764151351800001,309.20000000000005,-237.0,319.79999999999995,-232.8,-78.2,49.0,61.599999999999994,-1.4000000000000057,513.8,-559.8,-99.0,53.19999999999999,0.6000000000000001,0.6000000000000001,0.0,0.0,0.21127489378585967,-0.21127489378585967,0,False,,,
9880,11,1,2018-04-14,2018-04-14 16:15:00,217,Barcelona,207,Valencia,2,1,Regular Season,Spotify Camp Nou,Carlos del Cerro Grande,H,1,2017/2018,1.8,0.8,2.2,15.2,11.8,1.8,0.8,1.5899583277400002,1.06644671842,650.0,408.4,557.0,312.6,116.4,170.6,136.6,76.6,1327.8,766.2,238.0,319.0,1.8,3.2,0.0,0.0,0.5874368306648903,0.4125631693351098,30,2018-04-07 20:45:00,6.8125,2.2,1.8,0.8,15.2,1.5899583277400002,2.3333333333333335,2.3333333333333335,1.0,0.0,-0.40000000000000013,-0.3046287007199999,0.11842104484072075,0.6141345421257232,1.2933333333333334,0.634097420900622,0.8,0.6,1.0,1.0,1.0,9.0,12.0,1.0,1.0,1.100298345,0.9133596747,356.0,798.0,269.0,684.0,216.0,125.0,66.0,204.0,675.0,1586.0,362.0,250.0,4.0,0.0,0.0,0.0,0.36031984007996004,0.63968015992004,1,2017-11-26 20:45:00,138.8125,1.0,1.0,1.0,9.0,1.100298345,1.0,1.0,1.0,,,,0.11111109876543349,0.3084922007725371,2.4,0.29854046868706746,,,0.8,-0.19999999999999996,1.2000000000000002,6.199999999999999,-0.1999999999999993,0.8,-0.19999999999999996,0.48965998274000033,0.15308704371999993,294.0,-389.6,288.0,-371.4,-99.6,45.599999999999994,70.6,-127.4,652.8,-819.8,-124.0,69.0,-2.2,3.2,0.0,0.0,0.22711699058493023,-0.22711699058493023,0,False,,,
9889,11,1,2018-04-17,2018-04-17 21:00:00,209,Celta Vigo,217,Barcelona,2,2,Regular Season,Abanca-Balaídos,David Fernández Borbalan,D,0,2017/2018,2.0,2.0,1.0,10.0,22.0,2.0,2.0,1.673003012,3.29798127,425.0,775.0,331.0,671.0,179.0,128.0,39.0,211.0,675.0,1237.0,328.0,269.0,6.0,3.0,0.0,0.0,0.3824451410658307,0.6175548589341693,1,2017-12-02 13:00:00,136.33333333333334,1.0,2.0,2.0,10.0,1.673003012,1.0,2.0,2.0,,,,0.19999998000000202,0.35416666637152777,1.988888888888889,0.3530334726187063,,,2.0,0.8,2.6,15.6,12.8,2.0,0.8,1.7073108215399997,1.2624837966399998,676.4,429.2,583.4,335.2,118.8,167.6,157.4,88.6,1317.6,745.8,242.6,316.2,1.6,2.4,0.0,0.0,0.5888775216164049,0.41112247838359506,31,2018-04-14 16:15:00,3.1979166666666665,2.6,2.0,0.8,15.6,1.7073108215399997,2.3333333333333335,2.3333333333333335,1.3333333333333333,0.8,0.0,0.05143641113999986,0.1282051199868513,0.6117945001702293,1.32,0.638557719958051,0.8,0.4,0.0,1.2,-1.6,-5.6,9.2,0.0,1.2,-0.03430780953999979,2.0354974733600004,-251.39999999999998,345.8,-252.39999999999998,335.8,60.2,-39.599999999999994,-118.4,122.4,-642.5999999999999,491.20000000000005,85.4,-47.19999999999999,4.4,0.6000000000000001,0.0,0.0,-0.20643238055057422,0.20643238055057422,0,False,,,
9912,11,1,2018-04-29,2018-04-29 20:45:00,219,RC Deportivo La Coruña,217,Barcelona,2,4,Regular Season,Estadio Abanca-Riazor,Ricardo De Burgos Bengoetxea,A,-2,2017/2018,0.0,4.0,0.0,10.0,23.0,0.0,4.0,0.310851873,6.151456335000001,451.0,687.0,351.0,607.0,181.0,114.0,79.0,123.0,698.0,866.0,304.0,235.0,1.0,0.0,0.0,0.0,0.41668748438671,0.58331251561329,1,2017-12-17 20:45:00,133.0,0.0,0.0,4.0,10.0,0.310851873,0.0,0.0,4.0,,,,0.0,0.396309314238744,2.011111111111111,0.4462915598169491,,,2.2,1.2,2.2,15.0,15.4,2.2,1.2,1.9154422786,1.70562755578,655.8,433.2,561.4,339.6,134.8,178.2,153.0,96.8,1228.4,731.6,255.4,316.2,1.2,2.6,0.2,0.0,0.5798937497684739,0.42010625023152615,32,2018-04-17 21:00:00,11.989583333333334,2.2,2.2,1.2,15.0,1.9154422786,2.3333333333333335,2.3333333333333335,1.3333333333333333,0.0,0.20000000000000018,0.20730107685999988,0.14666665688888955,0.6022038561963232,1.4977777777777779,0.6267346935577884,0.8,0.2,-2.2,2.8,-2.2,-5.0,7.6,-2.2,2.8,-1.6045904056,4.445828779220001,-204.79999999999995,253.8,-210.39999999999998,267.4,46.19999999999999,-64.19999999999999,-74.0,26.200000000000003,-530.4000000000001,134.39999999999998,48.599999999999994,-81.19999999999999,-0.19999999999999996,-2.6,-0.2,0.0,-0.16320626538176386,0.16320626538176386,0,False,,,
9924,11,1,2018-05-06,2018-05-06 20:45:00,217,Barcelona,220,Real Madrid,2,2,Regular Season,Spotify Camp Nou,Alejandro José Hernández Hernández,D,0,2017/2018,2.6,1.6,2.2,15.8,16.8,2.6,1.6,2.2492177444,2.0268149427799997,677.2,434.2,584.4,346.4,133.8,168.2,175.8,105.0,1318.6,764.6,244.8,305.8,1.0,2.4,0.2,0.0,0.5827770828115637,0.41722291718843635,33,2018-04-29 20:45:00,7.0,2.2,2.6,1.6,15.8,2.2492177444,2.3333333333333335,2.6666666666666665,1.6666666666666667,-0.3999999999999999,0.20000000000000018,0.42628591186,0.16455695161031952,0.6093215758418916,1.4866666666666668,0.6329685096807948,1.0,0.2,0.0,3.0,0.0,13.0,18.0,0.0,3.0,0.9102945754,3.343821991,495.0,597.0,405.0,525.0,295.0,224.0,110.0,107.0,632.0,924.0,381.0,332.0,2.0,2.0,1.0,0.0,0.467934650085345,0.5320653499146549,1,2017-12-23 13:00:00,134.32291666666666,0.0,0.0,3.0,13.0,0.9102945754,0.0,0.0,3.0,,,,0.0,0.4532967028815964,3.2777777777777777,0.4061696655487341,,,2.6,-1.4,2.2,2.8000000000000007,-1.1999999999999993,2.6,-1.4,1.338923169,-1.3170070482200003,182.20000000000005,-162.8,179.39999999999998,-178.60000000000002,-161.2,-55.80000000000001,65.80000000000001,-2.0,686.5999999999999,-159.39999999999998,-136.2,-26.19999999999999,-1.0,0.3999999999999999,-0.8,0.0,0.11484243272621869,-0.11484243272621858,0,False,,,
9928,11,1,2018-05-09,2018-05-09 20:00:00,217,Barcelona,222,Villarreal,5,1,Regular Season,Spotify Camp Nou,,H,4,2017/2018,2.6,1.6,2.2,14.0,16.0,2.6,1.6,2.0415219432000002,1.8583463641199998,663.8,461.4,573.4,378.2,124.0,170.4,161.0,109.6,1261.4,768.0,230.4,300.0,1.6,3.0,0.4,0.0,0.563937900092883,0.436062099907117,34,2018-05-06 20:45:00,2.96875,2.2,2.6,1.6,14.0,2.0415219432000002,1.6666666666666667,2.6666666666666665,2.0,0.0,0.20000000000000018,0.3701961370600002,0.18571427244898056,0.589939565775027,1.3777777777777778,0.6215630232474805,0.8,0.2,0.0,2.0,0.0,9.0,16.0,0.0,2.0,0.566564353,3.222045162,382.0,809.0,298.0,719.0,199.0,215.0,41.0,212.0,987.0,1644.0,308.0,306.0,2.0,1.0,1.0,0.0,0.35218757553782937,0.6478124244621707,1,2017-12-10 20:45:00,149.96875,0.0,0.0,2.0,9.0,0.566564353,0.0,0.0,2.0,,,,0.0,0.32073887462574396,2.2111111111111112,0.375142531214313,,,2.6,-0.3999999999999999,2.2,5.0,0.0,2.6,-0.3999999999999999,1.4749575902000003,-1.3636987978800004,281.79999999999995,-347.6,275.4,-340.8,-75.0,-44.599999999999994,120.0,-102.4,274.4000000000001,-876.0,-77.6,-6.0,-0.3999999999999999,2.0,-0.6,0.0,0.21175032455505366,-0.21175032455505371,0,False,,,
9948,11,1,2018-05-20,2018-05-20 20:45:00,217,Barcelona,210,Real Sociedad,1,0,Regular Season,Spotify Camp Nou,José Luis Munuera Montero,H,1,2017/2018,3.0,1.6,2.2,14.2,17.8,3.0,1.6,2.1763699062,1.97815832292,648.4,495.8,561.4,416.6,133.8,176.4,164.8,116.6,1119.6,758.0,231.6,292.0,1.2,2.8,0.4,0.0,0.5462091399051433,0.4537908600948568,35,2018-05-09 20:00:00,11.03125,2.2,3.0,1.6,14.2,2.1763699062,2.3333333333333335,3.6666666666666665,1.6666666666666667,0.0,1.2,0.5864115784599999,0.21126759075580348,0.5666841456330325,1.4866666666666668,0.5962931398613692,0.8,0.2,2.0,4.0,0.0,13.0,11.0,2.0,4.0,0.8557110539999999,1.1561278670000001,501.0,500.0,410.0,424.0,241.0,233.0,133.0,89.0,1033.0,1165.0,337.0,321.0,2.0,2.0,0.0,0.0,0.5010840108401085,0.4989159891598916,1,2018-01-14 20:45:00,126.0,0.0,2.0,4.0,13.0,0.8557110539999999,0.0,2.0,4.0,,,,0.15384614201183525,0.500499499999501,2.6777777777777776,0.46997270224296056,,,1.0,-2.4,2.2,1.1999999999999993,6.800000000000001,1.0,-2.4,1.3206588522000002,0.8220304559199998,147.39999999999998,-4.199999999999989,151.39999999999998,-7.399999999999977,-107.19999999999999,-56.599999999999994,31.80000000000001,27.599999999999994,86.59999999999991,-407.0,-105.4,-29.0,-0.8,0.7999999999999998,0.4,0.0,0.04512512906503485,-0.0451251290650348,0,False,,,
15946,11,4,2018-08-18,2018-08-18 22:15:00,217,Barcelona,206,Deportivo Alavés,3,0,Regular Season,Spotify Camp Nou,José María Sánchez Martínez,H,3,2018/2019,2.8,1.4,2.2,14.2,17.0,2.8,1.4,2.1036330176,1.671476413,632.4,488.2,548.2,409.2,127.6,170.2,157.2,112.0,1106.6,739.0,226.8,282.4,1.4,2.8,0.4,0.0,0.5457982679047337,0.4542017320952664,36,2018-05-20 20:45:00,90.0625,2.2,2.8,1.4,14.2,2.1036330176,2.3333333333333335,2.6666666666666665,1.0,-0.3999999999999999,0.7999999999999998,0.3963221960600003,0.19718308470541657,0.5643405313543275,1.4177777777777778,0.5995882094713978,0.8,0.2,0.5,2.0,0.0,9.0,20.5,0.5,2.0,0.7181529167,2.2257928921500003,267.0,776.0,176.5,681.5,215.5,82.5,27.5,252.5,557.5,1530.0,370.5,193.5,2.0,1.5,0.0,0.0,0.31648213345767084,0.6835178665423292,2,2018-01-28 20:45:00,202.0625,0.0,0.5,2.0,9.0,0.7181529167,0.0,0.5,2.0,,,,0.05555554938271674,0.25599232957239465,2.3944444444444444,0.26706586813553734,,0.0,2.3,-0.6000000000000001,2.2,5.199999999999999,-3.5,2.3,-0.6000000000000001,1.3854801009,-0.5543164791500004,365.4,-287.8,371.70000000000005,-272.3,-87.9,87.69999999999999,129.7,-140.5,549.0999999999999,-791.0,-143.7,88.89999999999998,-0.6000000000000001,1.2999999999999998,0.4,0.0,0.2293161344470629,-0.22931613444706278,1,False,,,
15978,11,4,2018-09-15,2018-09-15 16:15:00,210,Real Sociedad,217,Barcelona,1,2,Regular Season,Reale Arena,Carlos del Cerro Grande,A,-1,2018/2019,1.0,2.5,0.0,13.0,11.5,1.0,2.5,0.7706262875,1.2121141135000002,451.5,571.0,369.5,497.5,193.0,162.0,102.5,132.5,878.0,1147.0,297.0,265.0,2.0,2.5,0.0,0.0,0.45590158977881823,0.5440984102211818,2,2018-05-20 20:45:00,117.8125,0.0,1.0,2.5,13.0,0.7706262875,0.0,1.0,2.5,,,,0.07692307100591762,0.4415647917441909,2.1444444444444444,0.43358024669946654,0.0,,3.6,0.6,3.0,18.2,10.0,3.4,0.6,2.4221906748,0.7670781566,710.8,373.2,627.8,292.4,97.2,146.8,191.6,57.4,1246.6,675.0,194.4,264.6,1.0,2.0,0.0,0.0,0.623731303396253,0.3762686966037469,39,2018-09-02 18:30:00,12.90625,3.0,3.6,0.6,18.2,2.4221906748,3.0,4.0,0.6666666666666666,0.7999999999999998,1.0,0.3806687315999997,0.18681317654872656,0.6557195565906645,1.08,0.6487302244750571,0.8,0.4,-2.6,1.9,-3.0,-5.199999999999999,1.5,-2.4,1.9,-1.6515643873,0.4450359569000002,-259.29999999999995,197.8,-258.29999999999995,205.10000000000002,95.8,15.199999999999989,-89.1,75.1,-368.5999999999999,472.0,102.6,0.39999999999997726,1.0,0.5,0.0,0.0,-0.16782971361743482,0.16782971361743487,1,False,,,
15986,11,4,2018-09-23,2018-09-23 20:45:00,217,Barcelona,211,Girona,2,2,Regular Season,Spotify Camp Nou,Jesús Gil Manzano,D,0,2018/2019,3.0,0.6,3.0,18.0,7.6,2.8,0.6,2.1195963802,0.6990013828,734.2,343.4,646.6,259.6,88.2,134.2,187.0,48.4,1327.8,661.2,193.8,261.2,1.2,1.6,0.0,0.0,0.6431418143932929,0.3568581856067072,40,2018-09-15 16:15:00,8.1875,3.0,3.0,0.6,18.0,2.1195963802,3.0,3.6666666666666665,1.0,0.7999999999999998,0.0,-0.056773526000000185,0.1555555469135807,0.6813288783580839,0.98,0.6675716437066004,0.8,0.4,0.5,4.5,0.0,12.0,15.5,0.5,3.5,0.92577239985,1.8131114985,384.5,613.5,291.5,523.5,202.5,139.5,59.0,101.0,825.5,1196.5,317.5,251.5,2.0,0.5,0.0,0.0,0.4172709784574703,0.5827290215425298,2,2018-02-24 20:45:00,211.0,0.0,0.5,4.5,12.0,0.92577239985,0.0,0.5,4.5,,,,0.04166666319444474,0.3852705406961217,2.25,0.4082591491551636,,0.0,2.5,-3.9,3.0,6.0,-7.9,2.3,-2.9,1.19382398035,-1.1141101157,349.70000000000005,-270.1,355.1,-263.9,-114.3,-5.300000000000011,128.0,-52.6,502.29999999999995,-535.3,-123.69999999999999,9.699999999999989,-0.8,1.1,0.0,0.0,0.22587083593582258,-0.22587083593582263,1,False,,,
15998,11,4,2018-09-26,2018-09-26 20:00:00,205,Leganés,217,Barcelona,2,1,Regular Season,Estadio Municipal de Butarque,Alberto Undiano Mallenco,H,1,2018/2019,0.5,3.0,0.0,14.5,11.5,0.5,3.0,0.9694795327500001,2.0008124174999997,330.5,698.0,233.0,601.0,187.5,114.0,63.0,117.0,710.0,1481.5,336.0,245.0,2.5,2.0,0.0,0.0,0.3636033676305429,0.6363966323694572,2,2018-04-07 20:45:00,171.96875,0.0,0.5,3.0,14.5,0.9694795327500001,0.0,0.5,3.0,,,,0.03448275624256854,0.3213417595319963,2.0833333333333335,0.32397900966279763,0.0,,3.2,1.0,2.6,19.8,6.4,3.0,1.0,2.1664733529999998,0.7757335416,758.8,338.2,671.6,253.6,92.8,146.6,187.2,40.8,1315.2,649.6,190.6,273.8,1.2,2.2,0.2,0.0,0.6510656992876936,0.34893430071230647,41,2018-09-23 20:45:00,2.96875,2.6,3.2,1.0,19.8,2.1664733529999998,2.3333333333333335,4.0,1.6666666666666667,0.3999999999999999,0.40000000000000036,0.06284033539999978,0.15151514386287152,0.691704648412302,1.031111111111111,0.6693811071511699,0.8,0.6,-2.7,2.0,-2.6,-5.300000000000001,5.1,-2.5,2.0,-1.1969938202499997,1.2250788758999998,-428.29999999999995,359.8,-438.6,347.4,94.7,-32.599999999999994,-124.19999999999999,76.2,-605.2,831.9,145.4,-28.80000000000001,1.3,-0.20000000000000018,-0.2,0.0,-0.28746233165715074,0.28746233165715074,1,False,,,
16010,11,4,2018-09-29,2018-09-29 16:15:00,217,Barcelona,215,Athletic Club,1,1,Regular Season,Spotify Camp Nou,,D,0,2018/2019,2.8,1.4,2.0,16.6,7.6,2.6,1.4,1.7449039603999998,0.9314939112000001,746.4,342.4,659.2,257.6,99.8,166.6,177.2,50.2,1283.8,694.8,196.4,286.0,1.6,2.6,0.2,0.0,0.6425477056217528,0.35745229437824727,42,2018-09-26 20:00:00,2.84375,2.0,2.8,1.4,16.6,1.7449039603999998,1.3333333333333333,1.6666666666666667,1.6666666666666667,-0.6000000000000001,-0.20000000000000018,-0.4648596662000002,0.15662649658876523,0.6855253483784668,1.1088888888888888,0.6488426156631746,0.8,0.6,0.0,2.0,0.0,13.5,17.0,0.0,2.0,0.9727396225,2.0914351635,421.0,614.5,312.0,512.0,208.5,115.0,81.0,95.0,741.0,1164.0,347.0,246.0,1.5,3.0,0.0,0.0,0.43291684404776465,0.5670831559522354,2,2018-03-18 16:15:00,195.0,0.0,0.0,2.0,13.5,0.9727396225,0.0,0.0,2.0,,,,0.0,0.40656687551273113,2.316666666666667,0.3889763777485688,,0.0,2.8,-0.6000000000000001,2.0,3.1000000000000014,-9.4,2.6,-0.6000000000000001,0.7721643378999998,-1.1599412523,325.4,-272.1,347.20000000000005,-254.39999999999998,-108.7,51.599999999999994,96.19999999999999,-44.8,542.8,-469.20000000000005,-150.6,40.0,0.10000000000000009,-0.3999999999999999,0.2,0.0,0.20963086157398814,-0.20963086157398808,1,False,,,
16023,11,4,2018-10-07,2018-10-07 20:45:00,207,Valencia,217,Barcelona,1,1,Regular Season,Estadio de Mestalla,José Luis González González,D,0,2018/2019,1.0,1.5,0.5,13.0,12.0,1.0,1.5,1.6596247078,1.27257223885,398.0,760.0,317.5,660.5,196.0,123.5,80.5,209.0,746.5,1390.0,333.5,241.5,3.0,1.0,0.0,0.0,0.3844923243977201,0.6155076756022799,2,2018-04-14 16:15:00,176.1875,0.5,1.0,1.5,13.0,1.6596247078,0.5,1.0,1.5,,,,0.07692307100591762,0.34369602733705,2.1777777777777776,0.3494032294175506,0.0,,2.8,1.6,1.6,18.4,7.8,2.6,1.6,2.1439083053999997,0.9608993652000001,759.2,327.8,671.6,240.4,104.8,179.0,180.6,44.0,1321.0,676.4,212.6,304.8,2.0,3.0,0.2,0.0,0.6555760874680502,0.34442391253194987,43,2018-09-29 16:15:00,8.1875,1.6,2.8,1.6,18.4,2.1439083053999997,0.6666666666666666,1.3333333333333333,1.6666666666666667,-1.0,0.3999999999999999,0.42171796739999956,0.14130434014650325,0.6984360619149622,1.1644444444444444,0.6613597673668971,0.8,0.6,-1.7999999999999998,-0.10000000000000009,-1.1,-5.399999999999999,4.2,-1.6,-0.10000000000000009,-0.4842835975999997,0.31167287364999996,-361.20000000000005,432.2,-354.1,420.1,91.2,-55.5,-100.1,165.0,-574.5,713.6,120.9,-63.30000000000001,1.0,-2.0,-0.2,0.0,-0.2710837630703301,0.27108376307033005,1,False,,,
16029,11,4,2018-10-20,2018-10-20 20:45:00,217,Barcelona,213,Sevilla,4,2,Regular Season,Spotify Camp Nou,,H,2,2018/2019,1.4,1.4,1.2,14.4,8.4,1.4,1.4,1.3205837793,0.9832146857999999,826.0,329.8,731.4,241.0,106.2,193.0,212.8,44.8,1390.8,605.6,213.2,322.2,2.2,3.0,0.2,0.0,0.6688520665321842,0.33114793346781585,44,2018-10-07 20:45:00,13.0,1.2,1.4,1.4,14.4,1.3205837793,0.6666666666666666,1.0,1.3333333333333333,-1.8,-2.2,-1.1016068955,0.09722221547067948,0.7146565143496656,1.18,0.6966539768099308,0.6,0.6,1.5,2.0,0.5,14.5,19.0,1.5,2.0,1.5439374176499998,1.9623657260000003,506.5,631.5,419.0,540.0,163.0,125.0,103.5,176.0,820.0,1148.0,294.0,249.0,1.0,0.5,0.0,0.0,0.45471758589979483,0.5452824141002052,2,2018-03-31 20:45:00,203.0,0.5,1.5,2.0,14.5,1.5439374176499998,0.5,1.5,2.0,,,,0.10344826872770561,0.4450790857248865,1.8111111111111111,0.41666666645494577,,0.0,-0.10000000000000009,-0.6000000000000001,0.7,-0.09999999999999964,-10.6,-0.10000000000000009,-0.6000000000000001,-0.22335363834999988,-0.9791510402000003,319.5,-301.7,312.4,-299.0,-56.8,68.0,109.30000000000001,-131.2,570.8,-542.4,-80.80000000000001,73.19999999999999,1.2000000000000002,2.5,0.2,0.0,0.21413448063238938,-0.21413448063238932,1,False,,,
16056,11,4,2018-11-11,2018-11-11 16:15:00,217,Barcelona,218,Real Betis,3,4,Regular Season,Spotify Camp Nou,Antonio Miguel Mateu Lahoz,A,-1,2018/2019,1.8,1.6,1.2,16.6,10.6,1.8,1.4,1.5204347895599999,1.1381268976,773.4,348.0,684.8,258.6,114.0,196.0,201.0,57.4,1392.2,681.6,217.2,321.4,2.0,3.0,0.2,0.0,0.6445166468997652,0.35548335310023493,45,2018-10-20 20:45:00,21.8125,1.2,1.8,1.6,16.6,1.5204347895599999,1.6666666666666667,2.0,1.3333333333333333,-1.8,-1.2,-0.5991615906400001,0.1084337284076067,0.6896736216428805,1.2666666666666666,0.6713279965901592,0.6,0.6,0.0,3.5,0.0,5.0,14.5,0.0,3.0,0.269661599,1.691171803,483.5,628.0,399.0,539.0,268.0,158.0,88.0,157.5,934.0,1044.0,377.0,257.0,1.5,2.0,0.0,0.0,0.46211482819787786,0.5378851718021221,2,2018-01-21 20:45:00,293.8125,0.0,0.0,3.5,5.0,0.269661599,0.0,0.0,3.5,,,,0.0,0.4349977503958634,2.977777777777778,0.4721941352516713,,0.0,1.8,-1.9,1.2,11.600000000000001,-3.9000000000000004,1.8,-1.6,1.25077319056,-0.5530449054,289.9,-280.0,285.79999999999995,-280.4,-154.0,38.0,113.0,-100.1,458.20000000000005,-362.4,-159.8,64.39999999999998,0.5,1.0,0.2,0.0,0.18240181870188732,-0.1824018187018872,1,False,,,
16073,11,4,2018-11-24,2018-11-24 20:45:00,212,Atlético Madrid,217,Barcelona,1,1,Regular Season,Estádio Cívitas Metropolitano,Jesús Gil Manzano,D,0,2018/2019,0.5,1.0,0.5,5.0,16.0,0.5,1.0,0.29636912765,1.20130396135,418.5,706.5,318.5,606.0,173.0,108.5,76.5,193.0,684.0,1304.5,339.5,225.5,2.5,2.0,0.0,0.0,0.40757360058489167,0.5924263994151083,2,2018-03-04 16:15:00,265.1875,0.5,0.5,1.0,5.0,0.29636912765,0.5,0.5,1.0,,,,0.099999980000004,0.3719999996693333,1.9222222222222223,0.3439778725954348,0.0,,2.0,2.0,1.0,16.4,12.2,2.0,1.8,2.05447801856,1.3286032098000002,727.8,362.4,636.0,274.0,123.4,176.0,189.0,63.6,1387.6,706.2,232.8,306.0,2.0,2.6,0.2,0.0,0.6262336441550093,0.37376635584499074,46,2018-11-11 16:15:00,13.1875,1.0,2.0,2.0,16.4,2.05447801856,1.3333333333333333,2.6666666666666665,2.3333333333333335,-1.6,-1.2000000000000002,-0.11199533443999998,0.12195121207614561,0.6675839289418602,1.3711111111111112,0.6627185019282077,0.6,0.6,-1.5,-1.0,-0.5,-11.399999999999999,3.8000000000000007,-1.5,-0.8,-1.7581088909099998,-0.12729924845000018,-309.29999999999995,344.1,-317.5,332.0,49.599999999999994,-67.5,-112.5,129.4,-703.5999999999999,598.3,106.69999999999999,-80.5,0.5,-0.6000000000000001,-0.2,0.0,-0.2186600435701176,0.2186600435701176,1,False,,,
16079,11,4,2018-12-02,2018-12-02 18:30:00,217,Barcelona,222,Villarreal,2,0,Regular Season,Spotify Camp Nou,José Luis Munuera Montero,H,2,2018/2019,2.0,1.8,1.2,16.0,11.0,2.0,1.6,2.0033582095599995,1.1428148984,708.4,379.8,620.4,291.4,139.2,174.0,179.8,70.2,1354.6,692.2,253.2,310.2,2.2,2.8,0.2,0.0,0.6146576053913914,0.38534239460860864,47,2018-11-24 20:45:00,7.90625,1.2,2.0,1.8,16.0,2.0033582095599995,1.3333333333333333,2.6666666666666665,2.3333333333333335,-0.8,-0.7999999999999998,0.2584542491599997,0.12499999218750048,0.6509832745350272,1.5466666666666666,0.6618135623110154,0.4,0.6,0.5,3.5,0.0,14.5,14.5,0.5,3.5,0.9106801284999999,3.0665909310000004,448.0,737.5,369.0,653.0,201.5,186.0,65.0,193.0,801.0,1274.5,300.5,272.5,2.5,0.5,0.5,0.0,0.3995240345316804,0.6004759654683196,2,2018-05-09 20:00:00,206.9375,0.0,0.5,3.5,14.5,0.9106801284999999,0.0,0.5,3.5,,,,0.03448275624256854,0.3778996200945595,2.238888888888889,0.38593110075358655,,0.0,1.5,-1.7,1.2,1.5,-3.5,1.5,-1.9,1.0926780810599996,-1.9237760326000004,260.4,-357.7,251.39999999999998,-361.6,-62.30000000000001,-12.0,114.80000000000001,-122.8,553.5999999999999,-582.3,-47.30000000000001,37.69999999999999,-0.2999999999999998,2.3,-0.3,0.0,0.21513357085971097,-0.21513357085971097,1,False,,,
16086,11,4,2018-12-08,2018-12-08 20:45:00,214,Espanyol,217,Barcelona,0,4,Regular Season,Stage Front Stadium,,A,-4,2018/2019,0.5,3.0,0.5,8.0,16.5,0.5,3.0,0.5169885265,1.9610440099999997,253.5,709.5,155.5,610.5,195.0,132.0,55.5,143.5,733.5,1632.5,340.0,242.5,5.0,2.0,0.0,0.0,0.3221062504099055,0.6778937495900945,2,2018-02-04 16:15:00,307.1875,0.5,0.5,3.0,8.0,0.5169885265,0.5,0.5,3.0,,,,0.062499992187500984,0.2632398751160541,2.1666666666666665,0.3100169060397224,0.0,,2.2,1.6,1.6,15.0,11.8,2.2,1.4,1.6694789373599999,1.2252745398000002,714.2,407.6,632.0,328.2,140.4,165.0,187.8,77.2,1353.6,772.4,245.0,289.4,2.0,3.0,0.2,0.0,0.6041296682519817,0.3958703317480183,48,2018-12-02 18:30:00,6.09375,1.6,2.2,1.6,15.0,1.6694789373599999,1.3333333333333333,2.0,1.6666666666666667,0.0,-0.5999999999999996,-0.4744293680399998,0.14666665688888955,0.6366553747221826,1.56,0.6366886168218774,0.4,0.4,-1.7000000000000002,1.4,-1.1,-7.0,4.699999999999999,-1.7000000000000002,1.6,-1.1524904108599998,0.7357694701999995,-460.70000000000005,301.9,-476.5,282.3,54.599999999999994,-33.0,-132.3,66.3,-620.0999999999999,860.1,95.0,-46.89999999999998,3.0,-1.0,-0.2,0.0,-0.2820234178420762,0.28202341784207624,1,False,,,
16095,11,4,2018-12-16,2018-12-16 20:45:00,221,Levante UD,217,Barcelona,0,5,Regular Season,Estadio Ciudad de Valencia,José Luis González González,A,-5,2018/2019,0.0,3.0,0.0,9.0,16.0,0.0,3.0,0.6839044459999999,2.366960571,303.0,723.0,223.0,658.0,212.0,150.0,45.0,174.0,764.0,1699.0,333.0,260.0,4.0,0.0,0.0,0.0,0.3387053451517593,0.6612946548482407,1,2018-01-07 16:15:00,343.1875,0.0,0.0,3.0,9.0,0.6839044459999999,0.0,0.0,3.0,,,,0.0,0.2953216371390627,2.3555555555555556,0.3101908240721921,,,2.8,1.4,2.0,16.4,12.8,2.8,1.2,2.0527332602599997,1.1949484242000001,630.6,439.0,552.0,358.6,151.6,153.6,135.6,93.0,1251.8,852.4,260.8,276.8,1.6,2.8,0.2,0.0,0.5699931407600549,0.4300068592399451,49,2018-12-08 20:45:00,8.0,2.0,2.8,1.4,16.4,2.0527332602599997,2.3333333333333335,2.3333333333333335,0.3333333333333333,0.8,1.4,0.7321494809599998,0.17073169690660384,0.5895661924181318,1.6844444444444444,0.5949054269580338,0.4,0.4,-2.8,1.6,-2.0,-7.399999999999999,3.1999999999999993,-2.8,1.8,-1.3688288142599998,1.1720121467999998,-327.6,284.0,-329.0,299.4,60.400000000000006,-3.5999999999999943,-90.6,81.0,-487.79999999999995,846.6,72.19999999999999,-16.80000000000001,2.4,-2.8,-0.2,0.0,-0.2312877956082956,0.2312877956082956,1,False,,,
16109,11,4,2018-12-22,2018-12-22 18:30:00,217,Barcelona,209,Celta Vigo,2,0,Regular Season,Spotify Camp Nou,Eduardo Prieto Iglesias,H,2,2018/2019,3.0,1.0,2.0,15.0,13.0,3.0,1.0,2.16863268604,1.0901452242,637.8,433.0,560.8,353.4,148.0,144.4,132.0,91.8,1180.0,819.8,258.2,266.0,2.2,3.0,0.2,0.2,0.5764939395697348,0.4235060604302651,50,2018-12-16 20:45:00,5.90625,2.0,3.0,1.0,15.0,2.16863268604,3.0,3.6666666666666665,0.0,0.8,1.2,0.6481978964800001,0.19999998666666757,0.5956294353795017,1.6444444444444444,0.590059005605531,0.4,0.4,2.0,2.0,1.0,14.0,18.0,2.0,2.0,2.0418566585,2.7136262125000004,459.5,656.0,360.5,550.0,196.5,166.0,92.0,159.0,647.0,1008.0,332.0,287.5,4.5,1.5,0.0,0.5,0.4351644122130446,0.5648355877869554,2,2018-04-17 21:00:00,248.89583333333334,1.0,2.0,2.0,14.0,2.0418566585,1.0,2.0,2.0,,,,0.14285713265306196,0.4119229041578459,2.183333333333333,0.3909365556550232,,0.0,1.0,-1.0,1.0,1.0,-5.0,1.0,-1.0,0.12677602754000006,-1.6234809883000003,178.29999999999995,-223.0,200.29999999999995,-196.60000000000002,-48.5,-21.599999999999994,40.0,-67.2,533.0,-188.20000000000005,-73.80000000000001,-21.5,-2.3,1.5,0.2,-0.3,0.14132952735669024,-0.1413295273566903,1,False,,,
16120,11,4,2019-01-06,2019-01-06 20:45:00,216,Getafe,217,Barcelona,1,2,Regular Season,Coliseum Alfonso Pérez,,A,-1,2018/2019,0.5,1.0,0.5,11.5,10.0,0.5,1.0,0.52458608505,0.7544935985000001,269.5,768.0,169.0,669.0,173.5,85.0,49.0,187.5,625.0,1546.5,312.0,197.5,2.5,3.0,0.0,0.0,0.3157760985482341,0.6842239014517659,2,2018-02-11 16:15:00,329.1875,0.5,0.5,1.0,11.5,0.52458608505,0.5,0.5,1.0,,,,0.043478257088847214,0.2597590358942081,1.9277777777777778,0.28781947948983677,0.0,,2.8,0.2,2.6,12.8,12.2,2.8,0.2,1.5609718848399998,0.8657499972,647.2,450.6,571.2,368.4,145.4,147.0,131.0,102.8,1210.8,844.4,254.8,264.8,1.6,2.6,0.0,0.2,0.5725065821012592,0.42749341789874074,51,2018-12-22 18:30:00,15.09375,2.6,2.8,0.2,12.8,1.5609718848399998,3.0,3.6666666666666665,0.0,1.6,0.7999999999999998,-0.49350613371999996,0.21874998291015757,0.5895427212702288,1.6155555555555556,0.5891397428040387,0.4,0.4,-2.3,0.8,-2.1,-1.3000000000000007,-2.1999999999999993,-2.3,0.8,-1.0363857997899997,-0.11125639869999993,-377.70000000000005,317.4,-402.20000000000005,300.6,28.099999999999994,-62.0,-82.0,84.7,-585.8,702.1,57.19999999999999,-67.30000000000001,0.8999999999999999,0.3999999999999999,0.0,-0.2,-0.2567304835530251,0.2567304835530252,1,False,,,
16131,11,4,2019-01-13,2019-01-13 18:30:00,217,Barcelona,322,Eibar,3,0,Regular Season,Spotify Camp Nou,Jesús Gil Manzano,H,3,2018/2019,3.0,0.2,3.0,14.0,13.6,3.0,0.2,1.8512461114399996,1.1555232138,648.6,428.6,573.8,347.2,129.6,150.4,117.4,97.2,1221.2,841.2,234.4,265.6,1.6,2.4,0.0,0.2,0.581404482864618,0.418595517135382,52,2019-01-06 20:45:00,6.90625,3.0,3.0,0.2,14.0,1.8512461114399996,3.0,3.0,0.3333333333333333,1.8,1.0,-0.15211209811999993,0.21428569897959293,0.6021165980299696,1.44,0.5921256785336861,0.6,0.4,0.5,4.0,0.0,13.5,10.5,0.5,4.0,0.855436734,2.405767706,466.5,610.0,357.0,514.0,160.5,144.5,103.5,72.5,719.5,1109.0,288.5,278.5,2.0,0.5,0.5,0.0,0.44660935675971214,0.5533906432402877,2,2018-02-17 16:15:00,330.09375,0.0,0.5,4.0,13.5,0.855436734,0.0,0.5,4.0,,,,0.03703703429355302,0.4333488152035775,1.7833333333333334,0.3934919330634444,,0.0,2.5,-3.8,3.0,0.5,3.0999999999999996,2.5,-3.8,0.9958093774399996,-1.2502444921999998,182.10000000000002,-181.39999999999998,216.79999999999995,-166.8,-30.900000000000006,5.900000000000006,13.900000000000006,24.700000000000003,501.70000000000005,-267.79999999999995,-54.099999999999994,-12.899999999999977,-0.3999999999999999,1.9,-0.5,0.2,0.13479512610490585,-0.13479512610490574,1,False,,,
16136,11,4,2019-01-20,2019-01-20 20:45:00,217,Barcelona,205,Leganés,3,1,Regular Season,Spotify Camp Nou,Ricardo De Burgos Bengoetxea,H,2,2018/2019,3.2,0.2,3.0,12.4,14.4,3.2,0.2,1.86802731044,1.1690873792,635.2,435.4,555.0,344.6,126.8,155.4,91.4,106.4,1182.0,796.0,235.8,273.0,1.6,1.8,0.0,0.2,0.5744615027566315,0.4255384972433685,53,2019-01-13 18:30:00,7.09375,3.0,3.2,0.2,12.4,1.86802731044,3.0,2.3333333333333335,0.3333333333333333,1.4,1.0,0.19854837308000017,0.2580644953173794,0.5933121608506332,1.4088888888888889,0.5975733060679609,0.8,0.4,1.0,2.3333333333333335,1.0,12.666666666666666,10.666666666666666,1.0,2.3333333333333335,1.0032901758333332,1.5179006906666668,309.3333333333333,750.3333333333334,216.66666666666666,653.3333333333334,205.66666666666666,111.0,61.666666666666664,150.66666666666666,716.0,1511.6666666666667,337.3333333333333,229.0,3.0,2.0,0.0,0.0,0.342900513814332,0.6570994861856679,3,2018-09-26 20:00:00,116.03125,1.0,1.0,2.3333333333333335,12.666666666666666,1.0032901758333332,1.0,1.0,2.3333333333333335,,,,0.07894736218836615,0.29191569648450855,2.285185185185185,0.32141253913448486,0.0,0.0,2.2,-2.1333333333333333,2.0,-0.2666666666666657,3.7333333333333343,2.2,-2.1333333333333333,0.8647371346066668,-0.3488133114666667,325.86666666666673,-314.9333333333334,338.33333333333337,-308.73333333333335,-78.86666666666666,44.400000000000006,29.73333333333334,-44.26666666666665,466.0,-715.6666666666667,-101.5333333333333,44.0,-1.4,-0.19999999999999996,0.0,0.2,0.23156098894229954,-0.23156098894229943,1,False,,,
16149,11,4,2019-01-27,2019-01-27 16:15:00,211,Girona,217,Barcelona,0,2,Regular Season,Estadi Municipal de Montilivi,Pablo González Fuertes,A,-2,2018/2019,1.0,3.6666666666666665,0.3333333333333333,10.333333333333334,17.333333333333332,1.0,3.0,0.9735823715666667,1.709569407,381.6666666666667,664.0,294.0,581.0,204.0,131.0,50.666666666666664,126.33333333333333,772.0,1153.0,318.3333333333333,232.0,3.0,1.3333333333333333,0.0,0.3333333333333333,0.40188056705348824,0.5981194329465117,3,2018-09-23 20:45:00,125.8125,0.3333333333333333,1.0,3.6666666666666665,10.333333333333334,0.9735823715666667,0.3333333333333333,1.0,3.6666666666666665,,,,0.09677418418314347,0.36499840577143916,2.2666666666666666,0.40103896083062907,0.0,0.0,3.0,0.4,3.0,12.0,12.4,3.0,0.4,1.7544955290399997,1.0580694337399998,678.0,397.8,592.6,304.6,117.6,162.4,109.6,87.0,1216.2,736.8,222.6,281.8,2.2,2.2,0.0,0.2,0.603697788238368,0.3963022117616321,54,2019-01-20 20:45:00,6.8125,3.0,3.0,0.4,12.0,1.7544955290399997,3.0,2.6666666666666665,0.6666666666666666,1.0,0.20000000000000018,-0.29823773121999997,0.2499999791666684,0.6302286664526597,1.3066666666666666,0.6227342546734591,0.8,0.6,-2.0,3.2666666666666666,-2.6666666666666665,-1.666666666666666,4.933333333333332,-2.0,2.6,-0.780913157473333,0.6514999732600002,-296.3333333333333,266.2,-298.6,276.4,86.4,-31.400000000000006,-58.93333333333333,39.33333333333333,-444.20000000000005,416.20000000000005,95.73333333333332,-49.80000000000001,0.7999999999999998,-0.8666666666666669,0.0,0.1333333333333333,-0.2018172211848797,0.2018172211848796,1,False,,,
16157,11,4,2019-02-02,2019-02-02 18:30:00,217,Barcelona,207,Valencia,2,2,Regular Season,Spotify Camp Nou,Alberto Undiano Mallenco,D,0,2018/2019,2.4,0.4,3.0,11.8,11.0,2.4,0.4,1.5404597413999999,1.06760590334,701.8,387.4,610.8,294.4,111.4,176.0,125.4,83.4,1275.8,731.6,214.0,301.6,2.2,2.6,0.0,0.2,0.610850594370046,0.389149405629954,55,2019-01-27 16:15:00,6.09375,3.0,2.4,0.4,11.8,1.5404597413999999,3.0,2.6666666666666665,0.3333333333333333,1.0,-0.6000000000000001,-0.6281729446400002,0.20338981327204972,0.6443261103155288,1.2377777777777779,0.6355484703419604,0.8,0.6,1.0,1.3333333333333333,0.6666666666666666,12.0,11.333333333333334,1.0,1.3333333333333333,1.5651896275333332,0.9806971967333333,380.6666666666667,851.6666666666666,298.3333333333333,752.0,197.33333333333334,111.33333333333333,68.33333333333333,260.0,658.0,1499.3333333333333,331.0,219.33333333333334,2.6666666666666665,1.3333333333333333,0.0,0.0,0.3527093364295745,0.6472906635704255,3,2018-10-07 20:45:00,117.90625,0.6666666666666666,1.0,1.3333333333333333,12.0,1.5651896275333332,0.6666666666666666,1.0,1.3333333333333333,,,,0.08333332638888948,0.3088991071337037,2.1925925925925926,0.30500618032833465,0.0,0.0,1.4,-0.9333333333333332,2.3333333333333335,-0.1999999999999993,-0.3333333333333339,1.4,-0.9333333333333332,-0.02472988613333338,0.08690870660666672,321.13333333333327,-464.26666666666665,312.46666666666664,-457.6,-85.93333333333334,64.66666666666667,57.06666666666668,-176.6,617.8,-767.7333333333332,-117.0,82.26666666666668,-0.46666666666666634,1.2666666666666668,0.0,0.2,0.25814125794047144,-0.25814125794047155,1,False,,,
16173,11,4,2019-02-10,2019-02-10 20:45:00,215,Athletic Club,217,Barcelona,0,0,Regular Season,San Mamés Barria,Carlos del Cerro Grande,D,0,2018/2019,0.3333333333333333,1.6666666666666667,0.3333333333333333,11.666666666666666,18.0,0.3333333333333333,1.6666666666666667,0.8102357983333333,2.312038141,379.0,640.3333333333334,270.0,537.0,197.33333333333334,114.33333333333333,68.33333333333333,115.33333333333333,696.6666666666666,1205.0,347.6666666666667,252.33333333333334,2.0,3.0,0.0,0.0,0.4033425019911859,0.5966574980088141,3,2018-09-29 16:15:00,134.1875,0.3333333333333333,0.3333333333333333,1.6666666666666667,11.666666666666666,0.8102357983333333,0.3333333333333333,0.3333333333333333,1.6666666666666667,,,,0.02857142612244919,0.37181164123105465,2.1925925925925926,0.36634531093794287,0.0,0.0,2.4,0.8,2.6,14.0,11.4,2.4,0.8,1.651656971,1.37605882294,746.4,357.8,654.2,265.4,121.0,223.0,169.6,70.2,1300.6,684.0,224.6,351.0,2.8,2.4,0.0,0.2,0.6324472864111057,0.3675527135888943,56,2019-02-02 18:30:00,8.09375,2.6,2.4,0.8,14.0,1.651656971,2.3333333333333335,2.3333333333333335,1.0,0.0,-0.3999999999999999,0.09068508616000015,0.17142855918367433,0.6759644985727543,1.3444444444444446,0.6553461651439352,0.8,0.8,-2.0666666666666664,0.8666666666666667,-2.2666666666666666,-2.333333333333334,6.6,-2.0666666666666664,0.8666666666666667,-0.8414211726666667,0.93597931806,-367.4,282.53333333333336,-384.20000000000005,271.6,76.33333333333334,-108.66666666666667,-101.26666666666667,45.133333333333326,-603.9333333333333,521.0,123.06666666666669,-98.66666666666666,-0.7999999999999998,0.6000000000000001,0.0,-0.2,-0.22910478441991983,0.22910478441991977,1,False,,,
16182,11,4,2019-02-16,2019-02-16 20:45:00,217,Barcelona,901,Real Valladolid,1,0,Regular Season,Spotify Camp Nou,,H,1,2018/2019,2.0,0.6,2.2,13.4,12.2,2.0,0.6,1.4010281727999998,1.3294847213399998,738.8,384.4,642.6,289.6,121.4,194.4,181.6,69.0,1302.0,705.0,229.4,324.6,2.6,2.2,0.0,0.4,0.6225633502254035,0.3774366497745964,57,2019-02-10 20:45:00,6.0,2.2,2.0,0.6,13.4,1.4010281727999998,1.6666666666666667,1.3333333333333333,0.6666666666666666,-0.7999999999999998,-1.0,-0.4502179386399998,0.14925372020494626,0.657763532177917,1.348888888888889,0.6487294466124915,0.8,0.8,0.0,1.0,0.0,7.0,11.0,0.0,1.0,0.33820088000000004,0.7582223709999999,368.0,628.0,272.0,525.0,113.0,88.0,74.0,139.0,700.0,1101.0,255.0,184.0,1.0,1.0,0.0,0.0,0.40933572710951527,0.5906642728904847,1,2018-08-25 22:15:00,174.9375,0.0,0.0,1.0,7.0,0.33820088000000004,0.0,0.0,1.0,,,,0.0,0.36947791127562457,1.2555555555555555,0.38867295925115325,,,2.0,-0.4,2.2,6.4,1.1999999999999993,2.0,-0.4,1.0628272927999998,0.57126235034,370.79999999999995,-243.60000000000002,370.6,-235.39999999999998,8.400000000000006,106.4,107.6,-70.0,602.0,-396.0,-25.599999999999994,140.60000000000002,1.6,1.2000000000000002,0.0,0.4,0.21322762311588828,-0.21322762311588833,1,False,,,
16190,11,4,2019-02-23,2019-02-23 16:15:00,213,Sevilla,217,Barcelona,2,4,Regular Season,Estadio Ramón Sánchez Pizjuán,Antonio Miguel Mateu Lahoz,A,-2,2018/2019,1.6666666666666667,2.6666666666666665,0.3333333333333333,16.0,20.333333333333332,1.3333333333333333,2.6666666666666665,1.5922826431,2.1073839101,489.6666666666667,594.3333333333334,400.6666666666667,509.3333333333333,160.66666666666666,133.66666666666666,104.66666666666667,148.0,855.3333333333334,1204.6666666666667,286.6666666666667,251.33333333333334,1.0,0.3333333333333333,0.0,0.0,0.46030673616733925,0.5396932638326608,3,2018-10-20 20:45:00,125.8125,0.3333333333333333,1.6666666666666667,2.6666666666666665,16.0,1.5922826431,0.3333333333333333,1.6666666666666667,2.6666666666666665,,,,0.08333332812500031,0.4517220168034544,1.785185185185185,0.41521035578549664,0.0,0.0,1.6,0.6,2.2,16.0,11.2,1.6,0.6,1.8997830016,1.2251228641399998,756.4,387.6,664.8,293.6,141.8,215.2,206.4,55.2,1363.6,713.8,251.2,347.8,2.4,2.6,0.0,0.4,0.6256548451781134,0.37434515482188646,58,2019-02-16 20:45:00,6.8125,2.2,1.6,0.6,16.0,1.8997830016,1.6666666666666667,1.0,0.6666666666666666,-0.7999999999999998,-1.6,0.03175569115999988,0.09999999375000039,0.6611888106108489,1.5755555555555556,0.6563974195357672,0.8,0.8,0.06666666666666665,2.0666666666666664,-1.866666666666667,0.0,9.133333333333333,-0.26666666666666683,2.0666666666666664,-0.3075003585,0.88226104596,-266.7333333333333,206.73333333333335,-264.13333333333327,215.7333333333333,18.866666666666646,-81.53333333333333,-101.73333333333333,92.8,-508.26666666666654,490.8666666666668,35.4666666666667,-96.46666666666667,-1.4,-2.2666666666666666,0.0,-0.4,-0.16534810901077418,0.16534810901077435,1,False,,,
16196,11,4,2019-03-02,2019-03-02 20:45:00,220,Real Madrid,217,Barcelona,0,1,Regular Season,Bernabéu,Alberto Undiano Mallenco,A,-1,2018/2019,1.0,2.5,0.5,15.0,14.5,1.0,2.5,1.3378781322000002,2.178695025,537.5,589.0,461.5,514.0,218.5,157.0,123.0,114.5,725.5,1031.0,313.0,258.0,3.5,2.5,0.5,0.5,0.4902972650061286,0.5097027349938714,2,2018-05-06 20:45:00,300.0,0.5,1.0,2.5,15.0,1.3378781322000002,0.5,1.0,2.5,,,,0.06666666222222252,0.4771415885688933,2.4277777777777776,0.4130372898303232,0.0,,1.8,0.8,2.2,16.4,13.0,1.8,0.8,1.870759837,1.315689891,710.6,404.8,621.8,310.2,153.2,233.6,193.4,71.4,1341.8,774.2,270.0,366.8,2.0,3.2,0.0,0.4,0.6006248139008965,0.3993751860991035,59,2019-02-23 16:15:00,7.1875,2.2,1.8,0.8,16.4,1.870759837,2.3333333333333335,1.6666666666666667,0.6666666666666666,-0.7999999999999998,-1.2,0.11626430796000031,0.10975609086853105,0.6370808672789304,1.702222222222222,0.6341209826870884,0.8,0.8,-0.8,1.7,-1.7000000000000002,-1.3999999999999986,1.5,-0.8,1.7,-0.5328817047999999,0.8630051340000002,-173.10000000000002,184.2,-160.29999999999995,203.8,65.30000000000001,-76.6,-70.4,43.099999999999994,-616.3,256.79999999999995,43.0,-108.80000000000001,1.5,-0.7000000000000002,0.5,0.09999999999999998,-0.11032754889476792,0.11032754889476792,1,False,,,
16215,11,4,2019-03-17,2019-03-17 20:45:00,218,Real Betis,217,Barcelona,1,4,Regular Season,Estadio Benito Villamarín,,A,-3,2018/2019,1.3333333333333333,3.3333333333333335,1.0,8.333333333333334,16.333333333333332,1.3333333333333333,3.0,0.8536356913333334,2.5183483250000003,471.6666666666667,597.6666666666666,391.3333333333333,510.0,214.33333333333334,159.0,80.33333333333333,144.0,885.3333333333334,1043.6666666666667,332.3333333333333,261.6666666666667,2.0,2.3333333333333335,0.0,0.3333333333333333,0.46224813812168636,0.5377518618783136,3,2018-11-11 16:15:00,126.1875,1.0,1.3333333333333333,3.3333333333333335,8.333333333333334,0.8536356913333334,1.0,1.3333333333333333,3.3333333333333335,,,,0.1599999808000023,0.4410847876174394,2.3814814814814818,0.45895973710439275,0.0,0.0,1.8,0.6,2.6,13.8,13.0,1.8,0.6,1.9273803130999998,0.8750893075,669.2,423.0,584.2,330.6,172.2,227.4,184.8,83.0,1265.6,863.0,296.4,354.0,1.4,3.4,0.0,0.2,0.5855203232515007,0.41447967674849917,61,2019-03-09 18:30:00,8.09375,2.6,1.8,0.6,13.8,1.9273803130999998,3.0,2.6666666666666665,1.0,0.0,-0.5999999999999999,0.2757233420999998,0.1304347731569005,0.6127082946230468,1.913333333333333,0.5945692001340932,0.8,0.8,-0.4666666666666668,2.7333333333333334,-1.6,-5.466666666666667,3.333333333333332,-0.4666666666666668,2.4,-1.0737446217666664,1.6432590175000001,-197.53333333333336,174.66666666666663,-192.86666666666673,179.39999999999998,42.133333333333354,-68.4,-104.46666666666668,61.0,-380.26666666666654,180.66666666666674,35.93333333333334,-92.33333333333331,0.6000000000000001,-1.0666666666666664,0.0,0.1333333333333333,-0.12327218512981436,0.12327218512981442,1,False,,,
16231,11,4,2019-03-30,2019-03-30 16:15:00,217,Barcelona,214,Espanyol,2,0,Regular Season,Spotify Camp Nou,,H,2,2018/2019,2.6,0.8,3.0,15.0,12.8,2.6,0.8,2.2385712711,0.8050690477,621.2,471.6,542.0,379.6,208.2,239.6,176.0,95.4,1163.2,926.0,328.8,362.4,1.4,3.0,0.0,0.0,0.5527521367574069,0.4472478632425932,62,2019-03-17 20:45:00,12.8125,3.0,2.6,0.8,15.0,2.2385712711,3.0,2.6666666666666665,0.6666666666666666,0.7999999999999998,0.6000000000000001,0.8375430983000003,0.17333332177777858,0.5684480229058857,2.313333333333333,0.5567681406486847,0.8,0.8,0.3333333333333333,3.3333333333333335,0.3333333333333333,10.333333333333334,16.666666666666668,0.3333333333333333,3.3333333333333335,0.7528886473333335,2.078435582333333,336.6666666666667,678.6666666666666,241.0,585.3333333333334,177.66666666666666,135.66666666666666,78.0,129.33333333333334,782.6666666666666,1491.3333333333333,314.3333333333333,246.33333333333334,3.6666666666666665,1.3333333333333333,0.0,0.0,0.3680128329242427,0.6319871670757573,3,2018-12-08 20:45:00,111.8125,0.3333333333333333,0.3333333333333333,3.3333333333333335,10.333333333333334,0.7528886473333335,0.3333333333333333,0.3333333333333333,3.3333333333333335,,,,0.03225806139438116,0.33158240282509943,1.9740740740740739,0.3441805920503457,0.0,0.0,2.2666666666666666,-2.533333333333333,2.6666666666666665,4.666666666666666,-3.866666666666667,2.2666666666666666,-2.533333333333333,1.4856826237666665,-1.273366534633333,284.53333333333336,-207.0666666666666,301.0,-205.73333333333335,30.53333333333333,103.93333333333334,98.0,-33.93333333333334,380.5333333333334,-565.3333333333333,14.466666666666697,116.06666666666663,-2.2666666666666666,1.6666666666666667,0.0,0.0,0.18473930383316417,-0.18473930383316411,1,False,,,
16240,11,4,2019-04-02,2019-04-02 21:30:00,222,Villarreal,217,Barcelona,4,4,Regular Season,Estadio de la Cerámica,,D,0,2018/2019,0.3333333333333333,3.0,0.0,13.666666666666666,14.666666666666666,0.3333333333333333,3.0,0.9062955379999998,2.4056765323333336,443.3333333333333,732.0,369.3333333333333,650.3333333333334,177.66666666666666,163.66666666666666,69.33333333333333,194.0,870.3333333333334,1277.0,282.0,256.3333333333333,3.0,1.0,0.3333333333333333,0.0,0.3986271908794792,0.6013728091205209,3,2018-12-02 18:30:00,121.125,0.0,0.3333333333333333,3.0,13.666666666666666,0.9062955379999998,0.0,0.3333333333333333,3.0,,,,0.02439024211778716,0.37719795770516334,1.9740740740740739,0.4053089100875618,0.0,0.0,2.8,0.8,3.0,13.6,11.2,2.8,0.8,1.7182418785,0.7523386045,617.8,442.0,535.2,352.4,191.8,228.4,187.0,95.4,1147.4,916.6,310.8,351.2,1.2,3.2,0.0,0.0,0.565755325249618,0.43424467475038203,63,2019-03-30 16:15:00,3.21875,3.0,2.8,0.8,13.6,1.7182418785,3.0,3.0,0.6666666666666666,0.7999999999999998,1.1999999999999997,-0.18154112309999992,0.2058823378027693,0.5829401768419133,2.131111111111111,0.5559108524438418,0.8,0.8,-2.4666666666666663,2.2,-3.0,0.06666666666666643,3.466666666666667,-2.4666666666666663,2.2,-0.8119463405000001,1.6533379278333336,-174.46666666666664,290.0,-165.86666666666673,297.9333333333334,-14.133333333333354,-64.73333333333335,-117.66666666666667,98.6,-277.0666666666667,360.4,-28.80000000000001,-94.86666666666667,1.8,-2.2,0.3333333333333333,0.0,-0.16712813437013885,0.1671281343701389,1,False,,,
16248,11,4,2019-04-06,2019-04-06 20:45:00,217,Barcelona,212,Atlético Madrid,2,0,Regular Season,Spotify Camp Nou,Jesús Gil Manzano,H,2,2018/2019,2.8,1.2,2.6,13.2,11.6,2.8,1.2,1.8571935808999995,1.0424162185,640.0,431.4,560.8,349.6,190.0,233.2,198.4,85.4,1226.2,889.4,301.4,345.2,2.4,2.6,0.0,0.2,0.579525228110245,0.42047477188975496,64,2019-04-02 21:30:00,3.96875,2.6,2.8,1.2,13.2,1.8571935808999995,2.3333333333333335,3.3333333333333335,1.6666666666666667,0.3999999999999999,0.9999999999999998,-0.013566256100000507,0.21212119605142454,0.5973492620894629,2.111111111111111,0.5795991678107397,0.8,0.8,0.6666666666666666,1.0,0.6666666666666666,4.333333333333333,13.0,0.6666666666666666,1.0,0.2449027201,0.8996953715666667,397.0,723.6666666666666,302.6666666666667,630.6666666666666,192.66666666666666,133.66666666666666,81.66666666666667,186.0,675.3333333333334,1338.6666666666667,346.6666666666667,250.0,3.3333333333333335,2.3333333333333335,0.0,0.0,0.39150740038992776,0.6084925996100722,3,2018-11-24 20:45:00,133.0,0.6666666666666666,0.6666666666666666,1.0,4.333333333333333,0.2449027201,0.6666666666666666,0.6666666666666666,1.0,,,,0.15384611834320347,0.3542534202668768,2.140740740740741,0.3353194304856077,0.0,0.0,2.1333333333333333,0.19999999999999996,1.9333333333333336,8.866666666666667,-1.4000000000000004,2.1333333333333333,0.19999999999999996,1.6122908607999995,0.14272084693333342,243.0,-292.26666666666665,258.13333333333327,-281.0666666666666,-2.666666666666657,99.53333333333333,116.73333333333333,-100.6,550.8666666666667,-449.26666666666677,-45.26666666666671,95.19999999999999,-0.9333333333333336,0.2666666666666666,0.0,0.2,0.18801782772031722,-0.18801782772031722,1,False,,,
16265,11,4,2019-04-20,2019-04-20 20:45:00,217,Barcelona,210,Real Sociedad,2,1,Regular Season,Spotify Camp Nou,,H,1,2018/2019,3.0,1.2,2.6,15.2,9.8,3.0,1.2,1.9898908325999998,0.9290261870399998,683.4,416.0,606.2,336.0,205.2,238.4,226.4,73.4,1325.2,826.0,309.4,349.0,2.6,2.8,0.0,0.4,0.5996173052267453,0.4003826947732548,65,2019-04-06 20:45:00,14.0,2.6,3.0,1.2,15.2,1.9898908325999998,2.3333333333333335,2.6666666666666665,1.3333333333333333,0.3999999999999999,1.4,0.24823948769999982,0.1973684080678679,0.6216117876827252,2.28,0.6160282630085403,0.8,0.8,1.0,2.3333333333333335,0.0,11.333333333333334,11.666666666666666,1.0,2.3333333333333335,0.8185548699999999,1.2741311513333333,422.6666666666667,641.6666666666666,338.3333333333333,558.6666666666666,175.66666666666666,145.33333333333334,83.0,138.66666666666666,767.3333333333334,1201.6666666666667,290.0,255.33333333333334,1.6666666666666667,2.0,0.0,0.0,0.4205370393659898,0.5794629606340101,3,2018-09-15 16:15:00,217.1875,0.0,1.0,2.3333333333333335,11.333333333333334,0.8185548699999999,0.0,1.0,2.3333333333333335,,,,0.08823528633218061,0.3971186967769007,1.9518518518518517,0.38970712693937337,0.0,0.0,2.0,-1.1333333333333335,2.6,3.8666666666666654,-1.8666666666666654,2.0,-1.1333333333333335,1.1713359625999997,-0.3451049642933335,260.7333333333333,-225.66666666666663,267.86666666666673,-222.66666666666663,29.53333333333333,93.06666666666666,143.4,-65.26666666666665,557.8666666666667,-375.66666666666674,19.399999999999977,93.66666666666666,0.9333333333333333,0.7999999999999998,0.0,0.4,0.17908026586075548,-0.17908026586075537,1,False,,,
16275,11,4,2019-04-23,2019-04-23 21:30:00,206,Deportivo Alavés,217,Barcelona,0,2,Regular Season,Estadio de Mendizorroza,,A,-2,2018/2019,0.3333333333333333,2.3333333333333335,0.0,7.0,22.0,0.3333333333333333,2.3333333333333335,0.5761384824666667,2.3705033281,260.0,823.0,172.33333333333334,727.6666666666666,191.0,78.33333333333333,22.333333333333332,257.6666666666667,539.0,1596.3333333333333,340.0,185.0,2.0,1.0,0.0,0.0,0.29728970158918266,0.7027102984108172,3,2018-08-18 22:15:00,247.96875,0.0,0.3333333333333333,2.3333333333333335,7.0,0.5761384824666667,0.0,0.3333333333333333,2.3333333333333335,,,,0.0476190408163275,0.24007386866105826,2.1222222222222222,0.25241960650058404,0.0,0.0,2.8,1.2,2.6,15.0,10.0,2.8,1.2,1.7152096733999997,1.03188637454,650.4,459.0,568.4,372.4,201.6,232.0,188.0,80.2,1269.4,867.2,306.6,343.2,2.4,2.6,0.0,0.4,0.5703824885619428,0.42961751143805726,66,2019-04-20 20:45:00,3.03125,2.6,2.8,1.2,15.0,1.7152096733999997,2.3333333333333335,2.6666666666666665,1.6666666666666667,0.0,0.9999999999999998,-0.21217063970000005,0.18666665422222306,0.5862628442525122,2.2399999999999998,0.5941215011728346,0.8,0.6,-2.4666666666666663,1.1333333333333335,-2.6,-8.0,12.0,-2.4666666666666663,1.1333333333333335,-1.139071190933333,1.3386169535599999,-390.4,364.0,-396.0666666666666,355.26666666666665,-10.599999999999994,-153.66666666666669,-165.66666666666666,177.4666666666667,-730.4000000000001,729.1333333333332,33.39999999999998,-158.2,-0.3999999999999999,-1.6,0.0,-0.4,-0.2730927869727602,0.27309278697275996,1,False,,,
16289,11,4,2019-04-27,2019-04-27 20:45:00,217,Barcelona,221,Levante UD,1,0,Regular Season,Spotify Camp Nou,Ricardo De Burgos Bengoetxea,H,1,2018/2019,2.4,1.0,2.6,15.0,8.6,2.4,1.0,1.75819385,0.91303757594,715.2,386.8,627.4,301.8,162.4,233.8,200.0,63.6,1394.6,769.8,269.6,350.0,2.2,3.0,0.0,0.4,0.6169811120489189,0.383018887951081,67,2019-04-23 21:30:00,3.96875,2.6,2.4,1.0,15.0,1.75819385,3.0,2.0,0.3333333333333333,-0.3999999999999999,-0.20000000000000018,-0.48037742110000003,0.15999998933333404,0.6490018142931018,1.8044444444444445,0.6443356123432197,1.0,0.6,0.0,4.0,0.0,14.5,16.0,0.0,4.0,0.92443077,2.6719389891,364.5,639.5,280.5,575.0,161.0,141.5,73.0,124.0,763.5,1329.0,275.5,251.5,3.0,1.5,0.5,0.0,0.3888431939028939,0.6111568060971061,2,2018-12-16 20:45:00,132.0,0.0,0.0,4.0,14.5,0.92443077,0.0,0.0,4.0,,,,0.0,0.36304780840333883,1.788888888888889,0.36487455179695366,,0.0,2.4,-3.0,2.6,0.5,-7.4,2.4,-3.0,0.8337630800000001,-1.75890141316,350.70000000000005,-252.7,346.9,-273.2,1.4000000000000057,92.30000000000001,127.0,-60.4,631.0999999999999,-559.2,-5.899999999999977,98.5,-0.7999999999999998,1.5,-0.5,0.4,0.22813791814602502,-0.22813791814602508,1,False,,,
16306,11,4,2019-05-12,2019-05-12 18:30:00,217,Barcelona,216,Getafe,2,0,Regular Season,Spotify Camp Nou,José Luis González González,H,2,2018/2019,2.2,1.0,2.6,17.0,9.4,2.2,1.0,1.8960642135999997,1.02392504154,700.2,398.8,614.0,315.4,167.8,232.0,187.0,67.6,1410.8,782.2,272.0,345.6,3.0,2.8,0.0,0.4,0.6064841009254056,0.3935158990745943,68,2019-04-27 20:45:00,14.90625,2.6,2.2,1.0,17.0,1.8960642135999997,3.0,1.6666666666666667,0.3333333333333333,-0.3999999999999999,-0.5999999999999996,0.17782233509999967,0.12941175709342606,0.6371246582009784,1.8644444444444446,0.6433196531494211,1.0,0.6,0.6666666666666666,1.3333333333333333,0.3333333333333333,11.0,11.0,0.6666666666666666,1.3333333333333333,0.8800027193666665,1.085612174,261.0,767.0,167.66666666666666,677.0,198.66666666666666,91.66666666666667,54.0,159.66666666666666,630.6666666666666,1517.3333333333333,329.6666666666667,197.33333333333334,3.0,3.0,0.0,0.0,0.3154792310932248,0.6845207689067752,3,2019-01-06 20:45:00,125.90625,0.3333333333333333,0.6666666666666666,1.3333333333333333,11.0,0.8800027193666665,0.3333333333333333,0.6666666666666666,1.3333333333333333,,,,0.06060605509641923,0.25389105033668186,2.2074074074074073,0.2936064554809405,0.0,0.0,1.5333333333333337,-0.33333333333333326,2.2666666666666666,6.0,-1.5999999999999996,1.5333333333333337,-0.33333333333333326,1.016061494233333,-0.061687132459999905,439.20000000000005,-368.2,446.33333333333337,-361.6,-30.866666666666646,140.33333333333331,133.0,-92.06666666666666,780.1333333333333,-735.1333333333332,-57.666666666666686,148.26666666666668,0.0,-0.20000000000000018,0.0,0.4,0.2910048698321808,-0.2910048698321809,1,False,,,
16317,11,4,2019-05-19,2019-05-19 16:15:00,322,Eibar,217,Barcelona,2,2,Regular Season,Estadio Municipal de Ipurúa,,D,0,2018/2019,0.3333333333333333,3.6666666666666665,0.0,14.333333333333334,9.333333333333334,0.3333333333333333,3.6666666666666665,0.8920735506666667,1.9930963806666666,467.0,624.6666666666666,357.0,526.3333333333334,158.66666666666666,131.33333333333334,110.33333333333333,70.33333333333333,740.6666666666666,1101.3333333333333,286.3333333333333,262.6666666666667,1.6666666666666667,1.0,0.3333333333333333,0.0,0.44158903921147785,0.558410960788522,3,2019-01-13 18:30:00,125.90625,0.0,0.3333333333333333,3.6666666666666665,14.333333333333334,0.8920735506666667,0.0,0.3333333333333333,3.6666666666666665,,,,0.023255812330989837,0.4277862591501195,1.7629629629629628,0.40209916735318535,0.0,0.0,1.8,0.2,3.0,16.6,8.4,1.6,0.2,1.8451204223999997,0.70926987474,743.4,382.6,652.6,290.0,158.2,251.2,195.8,67.6,1482.2,796.8,271.6,376.0,1.8,2.8,0.0,0.2,0.6201164905015972,0.3798835094984029,69,2019-05-12 18:30:00,6.90625,3.0,1.8,0.2,16.6,1.8451204223999997,3.0,1.6666666666666667,0.0,0.3999999999999999,-0.9999999999999998,-0.012073158499999792,0.09638553636231707,0.6602131432857786,1.7577777777777777,0.6503729703157645,1.0,0.8,-1.4666666666666668,3.4666666666666663,-3.0,-2.2666666666666675,0.9333333333333336,-1.2666666666666668,3.4666666666666663,-0.953046871733333,1.2838265059266667,-276.4,242.0666666666666,-295.6,236.33333333333337,0.46666666666666856,-119.86666666666665,-85.46666666666668,2.7333333333333343,-741.5333333333334,304.5333333333333,14.733333333333292,-113.33333333333331,-0.1333333333333333,-1.7999999999999998,0.3333333333333333,-0.2,-0.17852745129011938,0.17852745129011915,1,False,,,
303430,11,42,2019-09-24,2019-09-24 21:00:00,217,Barcelona,222,Villarreal,2,1,Regular Season,Spotify Camp Nou,,H,1,2019/2020,1.4,0.8,2.0,13.6,10.2,1.2,0.8,1.4694928221599999,1.09483938986,747.4,321.0,657.2,224.8,112.6,232.8,163.2,60.4,1600.0,718.6,229.2,365.8,2.0,3.2,0.0,0.0,0.6489759238748555,0.3510240761251445,71,2019-09-21 21:00:00,3.0,2.0,1.4,0.8,13.6,1.4694928221599999,1.3333333333333333,1.3333333333333333,1.3333333333333333,-0.6000000000000001,-1.4,-0.24571685123999987,0.08823528762975827,0.6995507294088816,1.251111111111111,0.6900715946303496,1.0,0.6,1.25,3.25,0.25,14.25,14.75,1.25,3.25,1.3229272449999998,2.3780580264999998,419.5,727.25,347.25,646.75,206.75,159.0,66.25,191.5,840.5,1374.0,304.5,251.0,3.0,2.5,0.5,0.0,0.3914566963164056,0.6085433036835944,4,2019-04-02 21:30:00,174.97916666666666,0.25,1.25,3.25,14.25,1.3229272449999998,0.3333333333333333,1.6666666666666667,3.6666666666666665,,,,0.08771929208987424,0.36581643743988096,2.297222222222222,0.3795439149335995,0.0,0.0,0.1499999999999999,-2.45,1.75,-0.6500000000000004,-4.550000000000001,-0.050000000000000044,-2.45,0.14656557716000007,-1.2832186366399998,327.9,-406.25,309.95000000000005,-421.95,-94.15,73.80000000000001,96.94999999999999,-131.1,759.5,-655.4,-75.30000000000001,114.80000000000001,-1.0,0.7000000000000002,-0.5,0.0,0.25751922755844986,-0.2575192275584499,2,False,,,
303473,11,42,2019-10-06,2019-10-06 21:00:00,217,Barcelona,213,Sevilla,4,0,Regular Season,Spotify Camp Nou,Antonio Miguel Mateu Lahoz,H,4,2019/2020,1.4,1.0,2.0,12.2,11.2,1.2,1.0,1.1387939995599998,1.12089249706,721.0,372.2,632.8,276.2,123.0,238.8,159.4,68.0,1571.8,769.8,239.0,368.2,2.6,3.0,0.0,0.0,0.6183647023623997,0.3816352976376002,72,2019-09-24 21:00:00,12.0,2.0,1.4,1.0,12.2,1.1387939995599998,1.3333333333333333,1.3333333333333333,1.6666666666666667,-0.6000000000000001,-1.0,-0.6193998504400002,0.09836064767535675,0.6595316495979402,1.3666666666666667,0.6712504267717585,1.0,0.6,1.75,3.0,0.25,15.5,19.5,1.5,3.0,1.4748205563249999,1.9806489318250002,467.5,596.25,374.25,509.0,188.0,138.75,105.25,142.75,863.25,1221.25,315.5,259.0,2.25,0.5,0.0,0.0,0.45492873385808447,0.5450712661419155,4,2019-02-23 16:15:00,225.19791666666666,0.25,1.75,3.0,15.5,1.4748205563249999,0.3333333333333333,2.0,3.3333333333333335,,,,0.09677418730489115,0.43948296080894667,2.088888888888889,0.41412808807189827,0.0,0.0,-0.3500000000000001,-2.0,1.75,-3.3000000000000007,-8.3,-0.30000000000000004,-2.0,-0.33602655676500004,-0.8597564347650002,253.5,-224.05,258.54999999999995,-232.8,-65.0,100.05000000000001,54.150000000000006,-74.75,708.55,-451.45000000000005,-76.5,109.19999999999999,0.3500000000000001,2.5,0.0,0.0,0.16343596850431524,-0.1634359685043153,2,False,,,
303700,11,42,2019-10-19,2019-10-19 13:00:00,322,Eibar,217,Barcelona,0,3,Regular Season,Estadio Municipal de Ipurúa,,A,-3,2019/2020,0.75,3.25,0.25,15.25,9.0,0.75,3.25,1.038506236,1.6841258817,458.5,632.5,346.75,536.5,175.25,131.75,107.0,76.75,755.5,1166.75,307.25,264.25,2.25,1.25,0.25,0.0,0.43747572044817395,0.562524279551826,4,2019-05-19 16:15:00,152.86458333333334,0.25,0.75,3.25,15.25,1.038506236,0.3333333333333333,0.6666666666666666,2.3333333333333335,,,,0.04918032464391314,0.4202566448943568,1.9472222222222222,0.39302900226659954,0.0,0.0,2.0,1.0,2.0,10.6,13.0,1.8,1.0,1.0824082864599998,1.31909307966,709.2,385.4,627.2,290.6,113.8,221.6,147.6,77.6,1513.6,782.8,230.0,349.2,2.8,3.0,0.4,0.0,0.6106193214357306,0.38938067856426933,73,2019-10-06 21:00:00,12.666666666666666,2.0,2.0,1.0,10.6,1.0824082864599998,2.0,2.0,1.0,-0.6000000000000001,-0.20000000000000018,-0.8136559271399999,0.1698113047347826,0.647907910973956,1.2644444444444445,0.6591186201623765,1.0,0.4,-1.25,2.25,-1.75,4.65,-4.0,-1.05,2.25,-0.04390205045999984,0.36503280204,-250.70000000000005,247.10000000000002,-280.45000000000005,245.89999999999998,61.45,-89.85,-40.599999999999994,-0.8499999999999943,-758.0999999999999,383.95000000000005,77.25,-84.94999999999999,-0.5499999999999998,-1.75,-0.15000000000000002,0.0,-0.17314360098755666,0.1731436009875567,2,False,,,
303600,11,42,2019-10-29,2019-10-29 21:15:00,217,Barcelona,901,Real Valladolid,5,1,Regular Season,Spotify Camp Nou,,H,4,2019/2020,2.2,1.0,2.0,9.8,12.0,2.2,1.0,0.9560304113999998,1.18477021706,648.0,428.2,567.2,336.0,122.8,186.4,119.2,87.4,1354.4,832.4,235.4,311.2,2.6,3.4,0.4,0.0,0.5786285079940765,0.42137149200592344,74,2019-10-19 13:00:00,10.34375,2.0,2.2,1.0,9.8,0.9560304113999998,3.0,3.0,0.3333333333333333,-1.0,0.40000000000000013,-0.889090011,0.22448977301124767,0.6021185647629449,1.3644444444444443,0.6193524782241849,1.0,0.4,0.0,1.0,0.0,9.0,15.5,0.0,1.0,0.390869389,2.2098751224999997,426.0,685.0,324.5,593.5,186.0,147.5,64.5,164.5,763.5,1247.5,326.5,262.0,2.0,1.0,0.0,0.0,0.4127133282304875,0.5872866717695124,2,2019-02-16 20:45:00,255.02083333333334,0.0,0.0,1.0,9.0,0.390869389,0.0,0.0,1.0,,,,0.0,0.3834383434892544,2.066666666666667,0.3796618595824655,,0.0,2.2,0.0,2.0,0.8000000000000007,-3.5,2.2,0.0,0.5651610223999998,-1.0251049054399997,222.0,-256.8,242.70000000000005,-257.5,-63.2,38.900000000000006,54.7,-77.1,590.9000000000001,-415.1,-91.1,49.19999999999999,0.6000000000000001,2.4,0.4,0.0,0.165915179763589,-0.165915179763589,2,False,,,
303504,11,42,2019-11-02,2019-11-02 16:00:00,221,Levante UD,217,Barcelona,3,1,Regular Season,Estadio Ciudad de Valencia,,H,2,2019/2020,0.0,3.0,0.0,12.0,18.333333333333332,0.0,3.0,0.8610615166666666,2.3643702357333334,375.0,643.0,290.0,570.3333333333334,172.0,145.0,73.66666666666667,142.66666666666666,789.6666666666666,1351.3333333333333,290.3333333333333,255.0,3.0,2.3333333333333335,0.3333333333333333,0.0,0.393748810104586,0.6062511898954139,3,2019-04-27 20:45:00,188.80208333333334,0.0,0.0,3.0,12.0,0.8610615166666666,0.0,0.0,3.0,,,,0.0,0.3683693513080851,1.9111111111111112,0.36883076426802236,0.0,0.0,2.8,0.8,2.4,11.8,10.2,2.8,0.8,1.2810956970399998,0.99458253346,651.0,427.0,568.8,341.0,134.4,175.4,137.4,80.8,1381.8,856.8,242.8,294.0,2.2,3.2,0.4,0.0,0.5836860482655872,0.41631395173441277,75,2019-10-29 21:15:00,3.78125,2.4,2.8,0.8,11.8,1.2810956970399998,3.0,4.0,0.3333333333333333,-0.20000000000000018,0.9999999999999998,-0.3305311489199998,0.23728811548405798,0.6038961033359034,1.4933333333333334,0.6172607877167602,1.0,0.4,-2.8,2.2,-2.4,0.1999999999999993,8.133333333333333,-2.8,2.2,-0.4200341803733332,1.3697877022733334,-276.0,216.0,-278.79999999999995,229.33333333333337,37.599999999999994,-30.400000000000006,-63.733333333333334,61.86666666666666,-592.1333333333333,494.5333333333333,47.5333333333333,-39.0,0.7999999999999998,-0.8666666666666667,-0.06666666666666671,0.0,-0.18993723816100122,0.18993723816100117,2,False,,,
303487,11,42,2019-11-09,2019-11-09 21:00:00,217,Barcelona,209,Celta Vigo,4,1,Regular Season,Spotify Camp Nou,,H,3,2019/2020,3.0,1.0,2.4,12.2,10.2,3.0,1.0,1.6019141382399997,0.7940052624,651.4,454.6,569.4,367.6,151.8,174.8,142.0,89.8,1283.2,894.2,261.0,289.2,3.0,2.8,0.4,0.0,0.5738412675263475,0.42615873247365244,76,2019-11-02 16:00:00,7.208333333333333,2.4,3.0,1.0,12.2,1.6019141382399997,2.0,3.0,1.3333333333333333,0.3999999999999999,1.6,0.13242131607999985,0.2459016191883919,0.5889692580569897,1.6866666666666668,0.5893267196705582,1.0,0.4,1.3333333333333333,2.0,0.6666666666666666,13.0,15.0,1.3333333333333333,2.0,1.6611070193333333,2.1872165960000003,485.0,632.0,390.6666666666667,534.6666666666666,171.0,160.0,101.33333333333333,143.33333333333334,735.0,1071.0,300.3333333333333,276.3333333333333,3.3333333333333335,1.0,0.0,0.3333333333333333,0.4509267899125902,0.5490732100874097,3,2018-12-22 18:30:00,322.1041666666667,0.6666666666666666,1.3333333333333333,2.0,13.0,1.6611070193333333,0.6666666666666666,1.3333333333333333,2.0,,,,0.10256409467455682,0.4341987462540745,1.9,0.40697674396069944,,0.0,1.6666666666666667,-1.0,1.7333333333333334,-0.8000000000000007,-4.800000000000001,1.6666666666666667,-1.0,-0.05919288109333354,-1.3932113336000003,166.39999999999998,-177.39999999999998,178.7333333333333,-167.0666666666666,-19.19999999999999,14.800000000000011,40.66666666666667,-53.533333333333346,548.2,-176.79999999999995,-39.333333333333314,12.866666666666674,-0.3333333333333335,1.7999999999999998,0.4,-0.3333333333333333,0.12291447761375723,-0.12291447761375729,2,False,,,
303715,11,42,2019-11-23,2019-11-23 13:00:00,205,Leganés,217,Barcelona,1,2,Regular Season,Estadio Municipal de Butarque,,A,-1,2019/2020,1.0,2.5,0.75,10.75,11.75,1.0,2.5,0.9198674223,1.574815473,310.75,770.5,215.5,670.75,198.75,107.5,52.75,161.0,683.25,1478.75,329.75,218.75,3.0,2.25,0.0,0.0,0.3355865279968078,0.6644134720031922,4,2019-01-20 20:45:00,306.6770833333333,0.75,1.0,2.5,10.75,0.9198674223,1.0,1.3333333333333333,2.3333333333333335,,,,0.09302324716062818,0.2873988436648334,2.2083333333333335,0.31602682686585254,0.3333333333333333,0.0,3.4,1.0,2.4,12.2,9.2,3.4,1.0,1.7912367662399997,0.7387837687000001,656.6,442.2,576.8,354.4,154.8,156.6,144.8,87.2,1224.6,881.4,262.6,266.4,3.0,2.6,0.4,0.0,0.5846084328588697,0.4153915671411304,77,2019-11-09 21:00:00,13.666666666666666,2.4,3.4,1.0,12.2,1.7912367662399997,2.0,3.3333333333333335,1.6666666666666667,0.3999999999999999,2.0,0.6524427666799999,0.2786885017468441,0.5975609750659255,1.7200000000000002,0.5814814812053744,1.0,0.4,-2.4,1.5,-1.65,-1.4499999999999993,2.5500000000000007,-2.4,1.5,-0.8713693439399998,0.8360317042999998,-345.85,328.3,-361.29999999999995,316.35,43.94999999999999,-49.099999999999994,-92.05000000000001,73.8,-541.3499999999999,597.35,67.14999999999998,-47.64999999999998,0.0,-0.3500000000000001,-0.4,0.0,-0.24902190486206183,0.24902190486206183,2,False,,,
303524,11,42,2019-12-01,2019-12-01 21:00:00,212,Atlético Madrid,217,Barcelona,0,1,Regular Season,Estádio Cívitas Metropolitano,Antonio Miguel Mateu Lahoz,A,-1,2019/2020,0.5,1.25,0.5,5.5,14.75,0.5,1.25,0.31415475449999997,1.155942095425,406.75,732.75,316.0,644.5,206.25,160.25,85.75,208.5,694.5,1369.0,350.25,274.75,3.5,2.5,0.25,0.0,0.3913787017600685,0.6086212982399315,4,2019-04-06 20:45:00,239.01041666666666,0.5,0.5,1.25,5.5,0.31415475449999997,0.3333333333333333,0.3333333333333333,1.3333333333333333,,,,0.09090907438016829,0.3569548044256649,2.2916666666666665,0.33656408997501136,0.0,0.0,3.0,1.2,2.4,11.4,7.8,3.0,1.2,1.8175112585399997,0.4639770485,698.0,397.2,607.2,308.0,157.6,186.6,162.0,69.2,1380.0,840.8,261.2,302.4,2.4,2.2,0.0,0.0,0.612761308964675,0.387238691035325,78,2019-11-23 13:00:00,8.333333333333334,2.4,3.0,1.2,11.4,1.8175112585399997,2.0,2.3333333333333335,1.6666666666666667,0.3999999999999999,1.0,0.73510297208,0.2631578716528183,0.6373265151229669,1.751111111111111,0.6213976942446876,1.0,0.4,-2.5,0.050000000000000044,-1.9,-5.9,6.95,-2.5,0.050000000000000044,-1.5033565040399997,0.6919650469249999,-291.25,335.55,-291.20000000000005,336.5,48.650000000000006,-26.349999999999994,-76.25,139.3,-685.5,528.2,89.05000000000001,-27.649999999999977,1.1,0.2999999999999998,0.25,0.0,-0.22138260720460645,0.2213826072046065,2,False,,,
303664,11,42,2019-12-14,2019-12-14 16:00:00,210,Real Sociedad,217,Barcelona,2,2,Regular Season,Reale Arena,,D,0,2019/2020,1.0,2.25,0.0,10.75,11.5,1.0,2.25,0.8331533489999999,1.2670040025,455.75,623.0,367.0,536.0,194.0,161.75,80.0,132.75,823.25,1139.5,309.0,270.5,1.5,1.5,0.0,0.0,0.4423849400794973,0.5576150599205028,4,2019-04-20 20:45:00,237.80208333333334,0.0,1.0,2.25,10.75,0.8331533489999999,0.0,0.6666666666666666,1.6666666666666667,,,,0.09302324716062818,0.4224797215087094,2.1555555555555554,0.4194370141793723,0.0,0.0,2.6,1.4,2.4,13.6,9.8,2.6,1.4,1.8996455436999997,0.7460741284999999,733.2,371.2,648.0,284.0,146.4,200.4,183.6,63.0,1446.8,800.6,250.0,321.4,3.8,1.4,0.0,0.0,0.6309146455732548,0.3690853544267453,80,2019-12-07 21:00:00,6.791666666666667,2.4,2.6,1.4,13.6,1.8996455436999997,3.0,2.6666666666666665,1.0,0.0,-0.19999999999999973,0.6185498466599999,0.19117645653114293,0.6638898943644603,1.6266666666666667,0.643766129463484,1.0,0.6,-1.6,0.8500000000000001,-2.4,-2.8499999999999996,1.6999999999999993,-1.6,0.8500000000000001,-1.0664921947,0.5209298740000001,-277.45000000000005,251.8,-281.0,252.0,47.599999999999994,-38.650000000000006,-103.6,69.75,-623.55,338.9,59.0,-50.89999999999998,-2.3,0.10000000000000009,0.0,0.0,-0.18852970549375753,0.18852970549375747,2,False,,,
303596,11,42,2019-12-18,2019-12-18 20:00:00,217,Barcelona,220,Real Madrid,0,0,Regular Season,Spotify Camp Nou,,D,0,2019/2020,2.8,1.2,2.6,13.4,11.8,2.8,1.2,1.8544455510999995,1.1343863949,702.8,414.6,617.6,329.6,150.2,198.4,168.6,72.2,1443.8,899.6,254.2,323.0,2.8,1.2,0.0,0.0,0.6008516109621773,0.3991483890378227,81,2019-12-14 16:00:00,4.166666666666667,2.6,2.8,1.2,13.4,1.8544455510999995,2.3333333333333335,2.6666666666666665,1.3333333333333333,0.20000000000000018,-0.20000000000000018,0.2525314128599998,0.20895520828692474,0.6289600853508499,1.6688888888888889,0.6161133393291315,1.0,0.6,0.6666666666666666,2.0,0.3333333333333333,16.0,13.0,0.6666666666666666,2.0,1.2548724264666669,1.8728620195,529.3333333333334,573.6666666666666,449.0,495.6666666666667,219.33333333333334,159.33333333333334,134.66666666666666,121.66666666666667,840.0,1009.0,322.6666666666667,275.0,3.3333333333333335,2.3333333333333335,0.3333333333333333,0.3333333333333333,0.4906825071550828,0.5093174928449171,3,2019-03-02 20:45:00,290.96875,0.3333333333333333,0.6666666666666666,2.0,16.0,1.2548724264666669,0.3333333333333333,0.6666666666666666,2.0,,,,0.04166666406250016,0.4799032936114506,2.437037037037037,0.454299621171282,0.0,0.0,2.1333333333333333,-0.8,2.2666666666666666,-2.5999999999999996,-1.1999999999999993,2.1333333333333333,-0.8,0.5995731246333327,-0.7384756246000002,173.46666666666658,-159.0666666666666,168.60000000000002,-166.06666666666666,-69.13333333333335,39.06666666666666,33.93333333333334,-49.46666666666667,603.8,-109.39999999999998,-68.4666666666667,48.0,-0.5333333333333337,-1.1333333333333335,-0.3333333333333333,-0.3333333333333333,0.11016910380709449,-0.11016910380709444,2,False,,,
303517,11,42,2019-12-21,2019-12-21 16:00:00,217,Barcelona,206,Deportivo Alavés,4,1,Regular Season,Spotify Camp Nou,,H,3,2019/2020,2.0,1.0,2.2,13.4,14.0,2.0,1.0,1.6866906086999998,1.2716892563,683.6,439.2,597.4,353.0,155.8,211.8,150.8,88.2,1461.6,913.4,267.0,338.8,2.6,2.0,0.0,0.0,0.5840071698524761,0.41599283014752375,82,2019-12-18 20:00:00,2.8333333333333335,2.2,2.0,1.0,13.4,1.6866906086999998,1.6666666666666667,2.3333333333333335,1.3333333333333333,-0.19999999999999973,-1.4,-0.10454615753999996,0.14925372020494626,0.608835054676848,1.7311111111111113,0.6154105260566692,0.8,0.6,0.25,2.25,0.0,6.75,20.5,0.25,2.25,0.53550890885,2.344272747825,259.75,820.0,173.75,725.5,187.25,81.5,26.0,238.25,548.0,1592.25,332.25,188.25,2.25,1.0,0.0,0.0,0.29675552422871343,0.7032444757712866,4,2019-04-23 21:30:00,241.77083333333334,0.0,0.25,2.25,6.75,0.53550890885,0.0,0.3333333333333333,2.3333333333333335,,,,0.0370370315500694,0.24056494536645986,2.0805555555555557,0.2560448544534308,0.0,0.0,1.75,-1.25,2.2,6.65,-6.5,1.75,-1.25,1.1511816998499997,-1.0725834915249999,423.85,-380.8,423.65,-372.5,-31.44999999999999,130.3,124.80000000000001,-150.05,913.5999999999999,-678.85,-65.25,150.55,0.3500000000000001,1.0,0.0,0.0,0.2872516456237627,-0.2872516456237628,2,False,,,
303652,11,42,2020-01-04,2020-01-04 21:00:00,214,Espanyol,217,Barcelona,2,2,Regular Season,Stage Front Stadium,,D,0,2019/2020,0.25,3.0,0.25,8.5,15.75,0.25,3.0,0.609637906,1.8237969145,336.5,690.25,241.0,596.0,184.0,133.0,72.25,158.25,782.0,1447.25,321.25,247.25,3.75,1.0,0.0,0.0,0.36377837141578295,0.636221628584217,4,2019-03-30 16:15:00,280.1979166666667,0.25,0.25,3.0,8.5,0.609637906,0.3333333333333333,0.3333333333333333,2.3333333333333335,,,,0.02941176124567515,0.32773313822475464,2.0444444444444443,0.3507906244921877,0.0,0.0,2.4,1.0,2.2,12.8,13.2,2.4,1.0,1.6854782470999996,1.3105169453,685.0,463.4,604.6,377.6,160.0,194.6,137.0,90.2,1293.2,923.8,268.8,314.0,2.6,2.6,0.0,0.0,0.5748288362727323,0.42517116372726765,83,2019-12-21 16:00:00,14.208333333333334,2.2,2.4,1.0,12.8,1.6854782470999996,1.6666666666666667,2.0,1.0,-0.19999999999999973,-0.6000000000000001,-0.13203301144000013,0.18749998535156365,0.5964820614799006,1.7777777777777777,0.5833107800706763,0.8,0.6,-2.15,2.0,-1.9500000000000002,-4.300000000000001,2.5500000000000007,-2.15,2.0,-1.0758403410999997,0.5132799691999999,-348.5,226.85000000000002,-363.6,218.39999999999998,24.0,-61.599999999999994,-64.75,68.05,-511.20000000000005,523.45,52.44999999999999,-66.75,1.15,-1.6,0.0,0.0,-0.21105046485694934,0.2110504648569494,2,False,,,
303610,11,42,2020-01-19,2020-01-19 21:00:00,217,Barcelona,1049,Granada,1,0,Regular Season,Spotify Camp Nou,,H,1,2019/2020,2.6,1.4,1.8,13.0,11.6,2.6,1.4,1.7945098973999998,1.1515907479,690.2,454.0,612.4,369.6,164.8,205.4,130.2,86.2,1245.4,878.8,268.4,326.2,2.0,2.2,0.2,0.0,0.5782564624529657,0.4217435375470343,84,2020-01-04 21:00:00,15.0,1.8,2.6,1.4,13.0,1.7945098973999998,1.6666666666666667,2.0,1.0,-0.5999999999999999,0.0,0.0725047162000001,0.19999998461538582,0.6032162204132002,1.8311111111111111,0.586291309393517,0.8,0.6,2.0,0.0,3.0,9.0,8.0,2.0,0.0,1.8489029273,0.5349524370000001,250.0,691.0,167.0,610.0,179.0,90.0,36.0,132.0,552.0,1639.0,306.0,184.0,3.0,2.0,0.0,0.0,0.3294883170659568,0.6705116829340432,1,2019-09-21 21:00:00,120.0,3.0,2.0,0.0,9.0,1.8489029273,3.0,2.0,0.0,,,,0.22222219753086697,0.2656748137452978,1.988888888888889,0.25193975342220915,,,0.6000000000000001,1.4,-1.2,4.0,3.5999999999999996,0.6000000000000001,1.4,-0.05439302990000017,0.6166383109,440.20000000000005,-237.0,445.4,-240.39999999999998,-14.199999999999989,115.4,94.19999999999999,-45.8,693.4000000000001,-760.2,-37.60000000000002,142.2,-1.0,0.20000000000000018,0.2,0.0,0.24876814538700887,-0.24876814538700887,2,False,,,
303400,11,42,2020-01-25,2020-01-25 16:00:00,207,Valencia,217,Barcelona,2,0,Regular Season,Estadio de Mestalla,Jesús Gil Manzano,H,2,2019/2020,1.25,1.5,0.75,12.25,13.5,1.25,1.5,1.7843603054,1.1581187753,382.5,840.5,300.25,744.25,236.75,132.5,64.75,278.25,661.75,1454.75,369.25,241.25,2.0,1.75,0.0,0.0,0.35814902359877665,0.6418509764012233,4,2019-02-02 18:30:00,356.8958333333333,0.75,1.25,1.5,12.25,1.7843603054,0.6666666666666666,1.3333333333333333,1.6666666666666667,,,,0.10204080799666874,0.3127555189593168,2.6305555555555555,0.31266241421560953,0.0,0.0,1.8,1.0,1.8,11.6,10.8,1.8,1.0,1.4485075964999998,0.9853087499000001,746.6,422.0,666.2,336.8,162.0,220.8,145.8,80.2,1366.0,840.8,267.8,346.0,1.4,2.8,0.2,0.2,0.6038274261728209,0.3961725738271791,85,2020-01-19 21:00:00,5.791666666666667,1.8,1.8,1.0,11.6,1.4485075964999998,2.3333333333333335,2.3333333333333335,1.0,-0.5999999999999999,-0.8,-0.4511379471999999,0.1551724004161724,0.6388841343155193,1.8,0.6189958307871144,0.8,0.4,-0.55,0.5,-1.05,0.6500000000000004,2.6999999999999993,-0.55,0.5,0.3358527089000001,0.1728100253999999,-364.1,418.5,-365.95000000000005,407.45,74.75,-88.30000000000001,-81.05000000000001,198.05,-704.25,613.95,101.44999999999999,-104.75,0.6000000000000001,-1.0499999999999998,-0.2,-0.2,-0.24567840257404427,0.24567840257404427,2,False,,,
303682,11,42,2020-02-02,2020-02-02 21:00:00,217,Barcelona,221,Levante UD,2,1,Regular Season,Spotify Camp Nou,,H,1,2019/2020,1.4,1.0,1.6,12.6,8.6,1.4,1.0,1.2989849858999998,0.6843471039000001,813.8,366.0,736.8,281.6,143.0,217.2,180.4,62.8,1440.0,701.0,250.0,339.0,1.8,3.0,0.2,0.2,0.6482692685726931,0.35173073142730693,86,2020-01-25 16:00:00,8.208333333333334,1.6,1.4,1.0,12.6,1.2989849858999998,1.3333333333333333,1.0,1.3333333333333333,-1.0,-1.4,-0.5554605651999998,0.11111110229276966,0.6897779278777946,1.5888888888888888,0.672582904870349,0.8,0.4,0.75,2.5,0.75,11.25,16.25,0.75,2.5,0.8573002805,2.30803883755,378.25,655.5,292.5,581.0,173.0,153.0,75.5,145.75,777.0,1300.0,288.25,260.0,2.5,3.25,0.25,0.0,0.3899896627689783,0.6100103372310217,4,2019-11-02 16:00:00,92.20833333333333,0.75,0.75,2.5,11.25,0.8573002805,1.0,1.0,2.3333333333333335,,,,0.06666666074074128,0.3659008460789351,1.9222222222222223,0.37409725547708367,0.0,0.0,0.6499999999999999,-1.5,0.8500000000000001,1.3499999999999996,-7.65,0.6499999999999999,-1.5,0.4416847053999998,-1.6236917336499999,435.54999999999995,-289.5,444.29999999999995,-299.4,-30.0,64.19999999999999,104.9,-82.95,663.0,-599.0,-38.25,79.0,-0.7,-0.25,-0.04999999999999999,0.2,0.2582796058037148,-0.2582796058037148,2,False,,,
303707,11,42,2020-02-09,2020-02-09 21:00:00,218,Real Betis,217,Barcelona,2,3,Regular Season,Estadio Benito Villamarín,,A,-1,2019/2020,1.25,3.5,0.75,9.5,16.25,1.25,3.25,0.89219281375,2.4014262747500004,508.75,570.0,426.25,488.5,202.5,191.0,90.25,138.0,929.5,1021.25,318.0,292.0,1.75,2.25,0.0,0.25,0.47872263098681145,0.5212773690131886,4,2019-03-17 20:45:00,329.0104166666667,0.75,1.25,3.5,9.5,0.89219281375,1.0,1.6666666666666667,4.0,,,,0.131578933518007,0.4716106600494918,2.25,0.4764834035747874,0.0,0.0,1.8,1.2,2.0,15.4,7.0,1.8,1.2,1.7401640899,0.777527103,848.6,327.6,771.2,246.8,129.8,223.6,207.2,44.0,1490.0,679.6,227.4,347.4,1.6,2.0,0.2,0.2,0.6713876681207296,0.32861233187927047,87,2020-02-02 21:00:00,7.0,2.0,1.8,1.2,15.4,1.7401640899,2.0,1.0,1.0,-0.20000000000000018,-0.19999999999999996,0.05347348120000017,0.1168831092933046,0.7214759388526815,1.4422222222222223,0.6867625365566177,0.8,0.4,-0.55,2.3,-1.25,-5.9,9.25,-0.55,2.05,-0.8479712761499999,1.6238991717500002,-339.85,242.39999999999998,-344.95000000000005,241.7,72.69999999999999,-32.599999999999994,-116.94999999999999,94.0,-560.5,341.65,90.6,-55.39999999999998,0.1499999999999999,0.25,-0.2,0.04999999999999999,-0.19266503713391814,0.19266503713391808,2,False,,,
303377,11,42,2020-02-15,2020-02-15 16:00:00,217,Barcelona,216,Getafe,2,1,Regular Season,Spotify Camp Nou,,H,1,2019/2020,1.6,1.4,2.0,15.8,7.4,1.6,1.4,1.7084764265,0.8874353922400001,836.8,317.6,761.0,243.4,118.0,216.0,205.2,46.6,1538.4,682.2,218.0,337.4,2.0,2.0,0.4,0.4,0.6754567702823984,0.3245432297176017,88,2020-02-09 21:00:00,5.791666666666667,2.0,1.6,1.4,15.8,1.7084764265,2.0,1.6666666666666667,1.6666666666666667,-0.20000000000000018,-0.7999999999999998,0.022998179400000485,0.10126581637558124,0.7248787242507979,1.3111111111111111,0.6927857332735361,0.8,0.4,0.5,1.5,0.25,11.0,11.5,0.5,1.25,0.9098886725249999,1.32433001875,262.5,807.5,164.25,715.0,246.5,93.0,54.75,176.75,679.0,1643.5,378.25,206.25,3.0,2.5,0.0,0.0,0.3120552395064755,0.6879447604935245,4,2019-05-12 18:30:00,278.8958333333333,0.25,0.5,1.5,11.0,0.9098886725249999,0.3333333333333333,0.3333333333333333,1.3333333333333333,,,,0.045454541322314426,0.24532710257446064,2.738888888888889,0.29235737339403345,0.0,0.0,1.1,-0.10000000000000009,1.75,4.800000000000001,-4.1,1.1,0.1499999999999999,0.7985877539750001,-0.4368946265099999,574.3,-489.9,596.75,-471.6,-128.5,123.0,150.45,-130.15,859.4000000000001,-961.3,-160.25,131.14999999999998,-1.0,-0.5,0.4,0.4,0.36340153077592285,-0.3634015307759228,2,False,,,
303731,11,42,2020-02-22,2020-02-22 16:00:00,217,Barcelona,322,Eibar,5,0,Regular Season,Spotify Camp Nou,,H,5,2019/2020,1.6,1.2,2.4,15.4,7.0,1.6,1.2,1.7446754083999998,0.9531133822400001,830.4,299.4,750.4,222.6,110.8,222.0,195.2,43.8,1600.0,685.2,210.0,337.0,2.4,2.0,0.2,0.4,0.6832449817112796,0.31675501828872044,89,2020-02-15 16:00:00,7.0,2.4,1.6,1.2,15.4,1.7446754083999998,3.0,2.3333333333333335,1.3333333333333333,0.5999999999999999,-1.0,-0.04983448899999998,0.10389609714960409,0.7349973440122168,1.231111111111111,0.7001575351390875,0.8,0.4,0.6,3.2,0.2,13.4,9.0,0.6,3.2,0.8963914326000001,1.6290195409,463.0,630.6,353.6,535.0,183.0,133.8,106.8,78.6,818.8,1178.6,312.6,263.4,2.8,1.0,0.2,0.0,0.4423280427494388,0.5576719572505612,5,2019-10-19 13:00:00,126.125,0.2,0.6,3.2,13.4,0.8963914326000001,0.3333333333333333,0.6666666666666666,2.6666666666666665,,,,0.04477611606148388,0.42337234782061783,2.033333333333333,0.4099329125813893,0.0,0.0,1.0,-2.0,2.1999999999999997,2.0,-2.0,1.0,-2.0,0.8482839757999997,-0.6759061586599998,367.4,-331.20000000000005,396.79999999999995,-312.4,-72.2,88.19999999999999,88.39999999999999,-34.8,781.2,-493.39999999999986,-102.60000000000002,73.60000000000002,-0.3999999999999999,1.0,0.0,0.4,0.24091693896184074,-0.24091693896184074,2,False,,,
303470,11,42,2020-03-01,2020-03-01 21:00:00,220,Real Madrid,217,Barcelona,2,0,Regular Season,Bernabéu,Antonio Miguel Mateu Lahoz,H,2,2019/2020,0.5,1.5,0.5,16.25,12.0,0.5,1.5,1.179727460475,1.584627845125,541.0,582.5,458.25,505.0,210.0,166.0,136.5,112.75,839.0,1065.5,313.5,286.0,3.75,2.5,0.25,0.25,0.4876607500151818,0.5123392499848182,4,2019-12-18 20:00:00,74.04166666666667,0.5,0.5,1.5,16.25,1.179727460475,0.6666666666666666,0.6666666666666666,1.0,,,,0.03076922887573976,0.48153092970046196,2.3333333333333335,0.44053557341006266,0.0,0.0,2.4,1.2,2.4,14.4,8.4,2.4,1.2,2.2319155744,1.0435381459400002,774.0,317.6,689.4,239.8,102.4,182.2,159.8,52.0,1489.6,692.0,203.4,298.6,2.4,1.8,0.2,0.2,0.6655887360766582,0.33441126392334175,90,2020-02-22 16:00:00,8.208333333333334,2.4,2.4,1.2,14.4,2.2319155744,3.0,3.3333333333333335,1.0,0.5999999999999999,0.5999999999999999,0.7834079779,0.1666666550925934,0.7090509337586561,1.1377777777777778,0.6828016131817007,0.8,0.4,-1.9,0.30000000000000004,-1.9,1.8499999999999996,3.5999999999999996,-1.9,0.30000000000000004,-1.0521881139249998,0.5410896991849998,-233.0,264.9,-231.14999999999998,265.2,107.6,-16.19999999999999,-23.30000000000001,60.75,-650.5999999999999,373.5,110.1,-12.600000000000023,1.35,0.7,0.04999999999999999,0.04999999999999999,-0.17792798606147647,0.17792798606147642,2,False,,,
303479,11,42,2020-03-07,2020-03-07 18:30:00,217,Barcelona,210,Real Sociedad,1,0,Regular Season,Spotify Camp Nou,,H,1,2019/2020,2.4,1.2,2.4,13.4,9.4,2.4,1.2,2.2126981922,0.9600390171400001,735.4,359.8,647.4,282.4,119.6,193.6,135.4,72.2,1450.0,718.8,221.2,309.8,2.2,2.0,0.2,0.2,0.637669192880323,0.362330807119677,91,2020-03-01 21:00:00,5.895833333333333,2.4,2.4,1.2,13.4,2.2126981922,2.0,2.3333333333333335,1.0,0.7999999999999998,1.0,0.9137132063000002,0.1791044642459355,0.6714755289705299,1.3288888888888888,0.6685724821705217,1.0,0.4,1.2,2.2,0.2,12.4,11.0,1.2,2.2,1.22403826,1.3962121379999999,485.6,606.6,399.2,521.0,188.4,168.6,89.4,122.2,905.4,1137.8,305.2,275.6,1.2,1.4,0.0,0.0,0.45971343082710625,0.5402865691728937,5,2019-12-14 16:00:00,84.10416666666667,0.2,1.2,2.2,12.4,1.22403826,0.3333333333333333,1.3333333333333333,2.0,,,,0.09677418574401728,0.44460721438875,2.0933333333333333,0.4431284257815542,0.0,0.0,1.2,-1.0000000000000002,2.1999999999999997,1.0,-1.5999999999999996,1.2,-1.0000000000000002,0.9886599322,-0.4361731208599998,249.79999999999995,-246.8,248.2,-238.60000000000002,-68.80000000000001,25.0,46.0,-50.0,544.6,-419.0,-84.0,34.19999999999999,1.0000000000000002,0.6000000000000001,0.2,0.2,0.17795576205321673,-0.17795576205321673,2,False,,,
303548,11,42,2020-06-13,2020-06-13 22:00:00,1043,Mallorca,217,Barcelona,0,4,Regular Season,Visit Mallorca Estadi,,A,-4,2019/2020,2.0,5.0,0.0,9.0,25.0,2.0,5.0,1.050319794,3.2707426254999996,397.0,746.0,315.0,674.0,276.0,172.0,59.0,216.0,893.0,1394.0,403.0,276.0,0.0,3.0,0.0,0.0,0.3967551622418879,0.6032448377581121,1,2019-12-07 21:00:00,189.04166666666666,0.0,2.0,5.0,9.0,1.050319794,0.0,2.0,5.0,,,,0.22222219753086697,0.3473315832481788,3.066666666666667,0.39046786165698827,,,2.2,1.0,2.4,11.4,9.6,2.2,1.0,2.0144640596,0.8077877813400001,691.6,378.6,599.8,297.4,125.6,187.6,114.2,80.6,1350.0,757.6,230.2,299.8,2.6,2.6,0.2,0.2,0.6161264845631501,0.3838735154368499,92,2020-03-07 18:30:00,98.14583333333333,2.4,2.2,1.0,11.4,2.0144640596,2.0,2.0,0.6666666666666666,0.3999999999999999,0.40000000000000013,0.2742999696999999,0.19298243921206676,0.6462343481160209,1.3955555555555554,0.6405390014041854,1.0,0.2,-0.20000000000000018,4.0,-2.4,-2.4000000000000004,15.4,-0.20000000000000018,4.0,-0.9641442655999999,2.4629548441599995,-294.6,367.4,-284.79999999999995,376.6,150.4,-15.599999999999994,-55.2,135.4,-457.0,636.4,172.8,-23.80000000000001,-2.6,0.3999999999999999,-0.2,-0.2,-0.21937132232126222,0.21937132232126222,2,False,,,
303532,11,42,2020-06-16,2020-06-16 22:00:00,217,Barcelona,205,Leganés,2,0,Regular Season,Spotify Camp Nou,,H,2,2019/2020,2.4,0.6,2.4,11.8,10.6,2.4,0.6,2.1413334041999996,0.7431603841,690.0,400.8,598.2,312.2,131.2,194.2,116.0,89.6,1337.4,746.2,242.6,311.0,2.2,2.0,0.0,0.0,0.603323929970008,0.39667607002999195,93,2020-06-13 22:00:00,3.0,2.4,2.4,0.6,11.8,2.1413334041999996,2.0,1.6666666666666667,0.6666666666666666,0.3999999999999999,0.7999999999999998,0.43285697769999953,0.20338981327204972,0.6325632557457249,1.4577777777777776,0.6418698403523373,1.0,0.2,1.0,2.4,0.6,10.4,11.6,1.0,2.4,0.8061524022400001,1.5795877034,296.0,776.0,202.2,673.6,210.6,110.0,48.8,170.2,687.4,1559.4,344.8,217.0,2.6,2.2,0.0,0.0,0.3287737357199041,0.6712262642800959,5,2019-11-23 13:00:00,206.375,0.6,1.0,2.4,10.4,0.8061524022400001,1.0,1.3333333333333333,2.0,,,,0.09615383690828491,0.2761194027275005,2.34,0.30594623450865843,0.3333333333333333,0.0,1.4,-1.7999999999999998,1.7999999999999998,1.4000000000000004,-1.0,1.4,-1.7999999999999998,1.3351810019599997,-0.8364273193000001,394.0,-375.2,396.00000000000006,-361.40000000000003,-79.4,84.19999999999999,67.2,-80.6,650.0000000000001,-813.2,-102.20000000000002,94.0,-0.3999999999999999,-0.20000000000000018,0.0,0.0,0.27455019425010396,-0.27455019425010396,2,False,,,
303674,11,42,2020-06-19,2020-06-19 22:00:00,213,Sevilla,217,Barcelona,0,0,Regular Season,Estadio Ramón Sánchez Pizjuán,José Luis González González,D,0,2019/2020,1.4,3.2,0.2,15.6,18.6,1.2,3.2,1.52492162966,1.8779799781600002,466.4,595.2,375.6,513.8,172.0,132.2,108.8,138.4,872.0,1198.0,297.4,250.6,2.4,1.4,0.0,0.4,0.45240037651473075,0.5475996234852692,5,2019-10-06 21:00:00,257.0416666666667,0.2,1.4,3.2,15.6,1.52492162966,0.0,1.3333333333333333,4.0,,,,0.07692307199211078,0.4393368496238349,1.9111111111111112,0.4212560384438377,0.0,0.0,2.4,0.4,2.4,11.4,10.6,2.4,0.4,2.1287554207999997,0.7448075569,726.2,413.4,638.0,329.4,136.2,184.8,130.0,89.2,1287.0,759.4,247.0,301.2,2.6,2.2,0.0,0.0,0.6076402267154093,0.39235977328459065,94,2020-06-16 22:00:00,3.0,2.4,2.4,0.4,11.4,2.1287554207999997,3.0,2.3333333333333335,0.0,0.0,0.7999999999999998,0.3840800123999999,0.2105262973222546,0.6372411366819576,1.5133333333333332,0.6289093038365376,1.0,0.4,-1.0,2.8000000000000003,-2.1999999999999997,4.199999999999999,8.000000000000002,-1.2,2.8000000000000003,-0.6038337911399996,1.1331724212600003,-259.80000000000007,181.80000000000007,-262.4,184.39999999999998,35.80000000000001,-52.60000000000002,-21.200000000000003,49.2,-415.0,438.6,50.39999999999998,-50.599999999999994,-0.20000000000000018,-0.8000000000000003,0.0,0.4,-0.15523985020067854,0.1552398502006786,2,False,,,
303493,11,42,2020-06-23,2020-06-23 22:00:00,217,Barcelona,215,Athletic Club,1,0,Regular Season,Spotify Camp Nou,Jesús Gil Manzano,H,1,2019/2020,1.4,0.4,2.0,10.8,9.8,1.4,0.4,1.4345745039999998,0.715352369,731.0,435.2,642.4,350.8,135.0,191.0,145.4,88.6,1194.0,743.2,240.6,300.8,3.0,2.4,0.0,0.0,0.6008951721633071,0.39910482783669293,95,2020-06-19 22:00:00,4.0,2.0,1.4,0.4,10.8,1.4345745039999998,2.3333333333333335,2.0,0.0,-0.3999999999999999,-1.0,-0.7973410704000001,0.12962961762688724,0.6268221568969111,1.5,0.616353499578591,1.0,0.4,0.25,1.25,0.5,12.25,16.0,0.25,1.25,0.94716821875,1.85770493925,378.5,662.0,274.0,561.5,174.5,112.5,65.75,127.5,709.25,1270.25,319.0,244.5,2.25,2.75,0.25,0.0,0.39358317077131855,0.6064168292286815,4,2019-02-10 20:45:00,499.0520833333333,0.5,0.25,1.25,12.25,0.94716821875,0.6666666666666666,0.3333333333333333,1.0,,,,0.020408161599333747,0.3637674191602427,1.9388888888888889,0.35829754970533084,0.0,0.0,1.15,-0.85,1.5,-1.4499999999999993,-6.199999999999999,1.15,-0.85,0.48740628524999974,-1.14235257025,352.5,-226.8,368.4,-210.7,-39.5,78.5,79.65,-38.900000000000006,484.75,-527.05,-78.4,56.30000000000001,0.75,-0.3500000000000001,-0.25,0.0,0.20731200139198858,-0.20731200139198852,2,False,,,
303516,11,42,2020-06-27,2020-06-27 17:00:00,209,Celta Vigo,217,Barcelona,2,2,Regular Season,Abanca-Balaídos,,D,0,2019/2020,1.25,2.5,0.5,11.25,13.5,1.25,2.5,1.312774828375,2.0300874555,477.0,650.25,385.25,559.5,157.0,159.5,91.5,151.25,743.0,1089.75,277.0,271.0,2.75,1.75,0.0,0.25,0.43678841069618596,0.5632115893038141,4,2019-11-09 21:00:00,230.83333333333334,0.5,1.25,2.5,11.25,1.312774828375,0.3333333333333333,1.0,2.6666666666666665,,,,0.11111110123456878,0.4231536922393846,1.7444444444444445,0.4054017185074878,0.0,0.0,1.6,0.0,2.6,12.6,8.6,1.6,0.0,1.5557921385999998,0.6799586194,759.8,388.6,664.6,300.0,117.4,187.6,163.4,71.8,1256.4,752.4,222.2,308.4,3.0,2.2,0.0,0.0,0.6254294241431626,0.3745705758568374,96,2020-06-23 22:00:00,3.7916666666666665,2.6,1.6,0.0,12.6,1.5557921385999998,2.3333333333333335,1.0,0.0,0.20000000000000018,-0.7999999999999998,-0.6569060536000002,0.1269841169060225,0.6616161610400415,1.3044444444444445,0.625448028362481,1.0,0.4,-0.3500000000000001,2.5,-2.1,-1.3499999999999996,4.9,-0.3500000000000001,2.5,-0.24301731022499973,1.3501288361,-282.79999999999995,261.65,-279.35,259.5,39.599999999999994,-28.099999999999994,-71.9,79.45,-513.4000000000001,337.35,54.80000000000001,-37.39999999999998,-0.25,-0.4500000000000002,0.0,0.25,-0.18864101344697665,0.1886410134469767,2,False,,,
303696,11,42,2020-06-30,2020-06-30 22:00:00,217,Barcelona,212,Atlético Madrid,2,2,Regular Season,Spotify Camp Nou,,D,0,2019/2020,1.8,0.4,2.2,13.6,8.6,1.8,0.4,1.5322778863999997,1.0660320882,784.0,360.0,691.2,274.6,115.8,196.2,169.4,67.0,1299.4,692.0,220.6,324.0,3.0,2.2,0.0,0.0,0.6421285983917914,0.35787140160820874,97,2020-06-27 17:00:00,3.2083333333333335,2.2,1.8,0.4,13.6,1.5322778863999997,1.6666666666666667,1.0,0.6666666666666666,-0.19999999999999973,-0.40000000000000013,-0.4821861732000001,0.13235293144463742,0.685314684715634,1.2866666666666666,0.6525057745041147,1.0,0.4,0.4,1.2,0.4,7.6,14.4,0.4,1.2,0.4943165434,1.11096643454,401.6,731.0,310.2,642.4,200.4,149.2,84.6,199.8,735.6,1428.4,342.2,266.6,3.6,2.8,0.2,0.0,0.38791567130213905,0.612084328697861,5,2019-12-01 21:00:00,212.04166666666666,0.4,0.4,1.2,7.6,0.4943165434,0.3333333333333333,0.3333333333333333,1.3333333333333333,,,,0.05263157202216158,0.35458237651899843,2.2266666666666666,0.33992606268949815,0.0,0.0,1.4,-0.7999999999999999,1.8000000000000003,6.0,-5.800000000000001,1.4,-0.7999999999999999,1.0379613429999996,-0.04493434634000004,382.4,-371.0,381.00000000000006,-367.79999999999995,-84.60000000000001,47.0,84.80000000000001,-132.8,563.8000000000001,-736.4000000000001,-121.6,57.39999999999998,-0.6000000000000001,-0.5999999999999996,-0.2,0.0,0.2542129270896523,-0.25421292708965226,2,False,,,
303725,11,42,2020-07-05,2020-07-05 22:00:00,222,Villarreal,217,Barcelona,1,4,Regular Season,Estadio de la Cerámica,,A,-3,2019/2020,1.2,3.0,0.2,13.6,13.6,1.2,3.0,1.1671189408,2.0248638,438.6,717.6,364.8,636.8,206.6,155.8,68.0,185.4,838.6,1387.0,307.8,250.2,2.8,2.8,0.4,0.0,0.40280717699504126,0.5971928230049588,5,2019-09-24 21:00:00,285.0416666666667,0.2,1.2,3.0,13.6,1.1671189408,0.3333333333333333,1.6666666666666667,2.6666666666666665,,,,0.08823528762975827,0.37934613355877345,2.2955555555555556,0.376797267983107,0.0,0.0,1.4,0.8,1.8,13.6,8.2,1.2,0.8,1.4141044947999997,1.30934395906,796.0,337.2,705.0,256.2,112.0,203.2,181.0,63.8,1290.8,686.8,213.0,332.0,3.2,3.0,0.0,0.0,0.6541653570156543,0.34583464298434585,98,2020-06-30 22:00:00,5.0,1.8,1.4,0.8,13.6,1.4141044947999997,1.6666666666666667,1.6666666666666667,1.3333333333333333,-0.5999999999999999,-1.0,-0.7272289094,0.08823528762975827,0.7024355800366787,1.2444444444444445,0.6527103556570032,1.0,0.4,-0.19999999999999996,2.2,-1.6,0.0,5.4,0.0,2.2,-0.24698555399999966,0.7155198409399999,-357.4,380.40000000000003,-340.2,380.59999999999997,94.6,-47.39999999999998,-113.0,121.60000000000001,-452.19999999999993,700.2,94.80000000000001,-81.80000000000001,-0.40000000000000036,-0.20000000000000018,0.4,0.0,-0.251358180020613,0.25135818002061294,2,False,,,
303615,11,42,2020-07-08,2020-07-08 22:00:00,217,Barcelona,214,Espanyol,1,0,Regular Season,Spotify Camp Nou,,H,1,2019/2020,1.8,1.0,1.8,15.2,9.0,1.4,1.0,1.6086787712,1.34047108626,787.2,356.8,698.2,276.6,122.0,191.4,178.6,67.6,1234.2,685.0,218.4,320.2,2.2,2.6,0.0,0.0,0.6423641507970326,0.3576358492029675,99,2020-07-05 22:00:00,3.0,1.8,1.8,1.0,15.2,1.6086787712,1.6666666666666667,2.6666666666666665,1.6666666666666667,-0.5999999999999999,-0.5999999999999999,-0.5200766495999998,0.09210525709833835,0.6881118875103917,1.3555555555555556,0.6430804498525008,0.8,0.4,0.6,2.8,0.4,8.4,15.4,0.6,2.8,0.5717768672,1.7542819400999998,336.0,702.2,242.2,611.4,193.4,132.2,69.8,152.8,760.6,1443.2,331.2,244.2,3.4,1.0,0.0,0.2,0.36240778084647723,0.6375922191535228,5,2020-01-04 21:00:00,186.04166666666666,0.4,0.6,2.8,8.4,0.5717768672,0.3333333333333333,0.6666666666666666,2.6666666666666665,,,,0.07142856292517108,0.3236370638377604,2.148888888888889,0.3451311369701737,0.0,0.0,1.2000000000000002,-1.7999999999999998,1.4,6.799999999999999,-6.4,0.7999999999999999,-1.7999999999999998,1.036901904,-0.4138108538399998,451.20000000000005,-345.40000000000003,456.00000000000006,-334.79999999999995,-71.4,59.20000000000002,108.8,-85.20000000000002,473.6,-758.2,-112.79999999999998,76.0,-1.1999999999999997,1.6,0.0,-0.2,0.27995636995055534,-0.27995636995055534,2,False,,,
303680,11,42,2020-07-11,2020-07-11 19:30:00,901,Real Valladolid,217,Barcelona,0,1,Regular Season,Estadio Municipal José Zorrilla,Antonio Miguel Mateu Lahoz,A,-1,2019/2020,0.3333333333333333,2.3333333333333335,0.0,9.0,16.333333333333332,0.3333333333333333,2.3333333333333335,0.4362015506666667,2.2674303526666666,426.3333333333333,680.3333333333334,330.0,587.3333333333334,180.66666666666666,162.0,64.33333333333333,172.0,816.3333333333334,1331.6666666666667,312.3333333333333,276.6666666666667,2.3333333333333335,0.6666666666666666,0.0,0.0,0.4084249064205614,0.5915750935794386,3,2019-10-29 21:15:00,255.92708333333334,0.0,0.3333333333333333,2.3333333333333335,9.0,0.4362015506666667,0.0,0.3333333333333333,2.3333333333333335,,,,0.03703703292181116,0.3852409635073123,2.007407407407407,0.3800434510955726,0.0,0.0,2.0,1.0,2.2,15.0,9.6,1.6,1.0,1.7385652504,1.3884287585600001,805.0,328.4,720.0,250.2,116.4,187.6,175.6,61.4,1296.6,667.2,210.2,318.6,1.8,2.6,0.2,0.2,0.6580521792754112,0.3419478207245889,100,2020-07-08 22:00:00,2.8958333333333335,2.2,2.0,1.0,15.0,1.7385652504,2.3333333333333335,2.3333333333333335,1.0,0.20000000000000018,0.6000000000000001,0.30399074640000023,0.10666665955555604,0.7102523374711025,1.2933333333333334,0.660250534341455,0.8,0.4,-1.6666666666666667,1.3333333333333335,-2.2,-6.0,6.7333333333333325,-1.2666666666666668,1.3333333333333335,-1.3023636997333332,0.8790015941066665,-378.6666666666667,351.9333333333334,-390.0,337.1333333333334,64.26666666666665,-25.599999999999994,-111.26666666666667,110.6,-480.26666666666654,664.4666666666667,102.13333333333333,-41.93333333333334,0.5333333333333334,-1.9333333333333336,-0.2,-0.2,-0.24962727285484976,0.2496272728548497,2,False,,,
303421,11,42,2020-07-19,2020-07-19 17:00:00,206,Deportivo Alavés,217,Barcelona,0,5,Regular Season,Estadio de Mendizorroza,,A,-5,2019/2020,0.4,2.6,0.0,6.4,18.0,0.4,2.6,0.53749328048,2.1939411616599998,279.4,817.0,193.4,724.6,184.2,93.4,29.4,218.2,589.6,1481.8,322.0,194.4,2.6,1.2,0.0,0.0,0.3068872662851725,0.6931127337148275,5,2019-12-21 16:00:00,211.04166666666666,0.0,0.4,2.6,6.4,0.53749328048,0.0,0.3333333333333333,3.0,,,,0.06249999023437652,0.2548340019565541,2.0466666666666664,0.28463840866822515,0.0,0.0,1.8,1.0,2.0,13.4,10.6,1.4,1.0,1.4879087113199998,0.9812071828599999,826.8,332.0,744.4,250.2,115.2,172.8,178.4,57.8,1234.4,625.0,210.4,303.4,1.8,2.4,0.2,0.4,0.6653930121491214,0.3346069878508786,102,2020-07-16 21:00:00,2.8333333333333335,2.0,1.8,1.0,13.4,1.4879087113199998,2.0,1.0,0.6666666666666666,-0.20000000000000018,0.0,-0.044369175079999934,0.10447760414346237,0.7134967201298785,1.28,0.6638700652555286,0.8,0.6,-1.4,1.6,-2.0,-7.0,7.4,-0.9999999999999999,1.6,-0.9504154308399998,1.2127339787999998,-547.4,485.0,-551.0,474.40000000000003,68.99999999999999,-79.4,-149.0,160.39999999999998,-644.8000000000001,856.8,111.6,-108.99999999999997,0.8,-1.2,-0.2,-0.4,-0.3585057458639489,0.3585057458639489,2,False,,,
3773593,11,90,2020-09-27,2020-09-27 21:00:00,217,Barcelona,222,Villarreal,4,0,Regular Season,Spotify Camp Nou,Guillermo Cuadra Fernández,H,4,2020/2021,2.4,0.6,2.4,14.2,10.0,2.2,0.6,1.7750066275199998,0.664799789,825.6,346.2,743.0,262.6,128.2,165.4,169.0,51.8,1268.0,645.4,218.2,289.0,1.2,1.4,0.2,0.4,0.6602983633640855,0.3397016366359144,103,2020-07-19 17:00:00,70.16666666666667,2.4,2.4,0.6,14.2,1.7750066275199998,2.0,2.3333333333333335,0.6666666666666666,0.5999999999999999,1.0,0.36090213272000016,0.1549295665542559,0.7045570910526053,1.4244444444444444,0.6626946792815435,0.6,0.6,1.4,3.4,0.2,13.8,14.0,1.4,3.2,1.2363249025999998,1.893894451,443.0,726.8,371.4,650.0,197.8,146.4,72.4,170.8,790.6,1298.2,298.4,237.2,2.6,2.6,0.2,0.0,0.40345144364566526,0.5965485563543347,6,2020-07-05 22:00:00,83.95833333333333,0.2,1.4,3.4,13.8,1.2363249025999998,0.3333333333333333,2.0,3.3333333333333335,0.2,1.4,0.6697605495999999,0.1014492680109226,0.3786972128751092,2.197777777777778,0.3784948293860136,0.0,0.0,1.0,-2.8,2.1999999999999997,0.3999999999999986,-4.0,0.8000000000000003,-2.6,0.53868172492,-1.229094662,382.6,-380.59999999999997,371.6,-387.4,-69.60000000000002,19.0,96.6,-119.00000000000001,477.4,-652.8000000000001,-80.19999999999999,51.80000000000001,-1.4000000000000001,-1.2000000000000002,0.0,0.4,0.2568469197184203,-0.2568469197184203,3,False,,,
3773466,11,90,2020-10-01,2020-10-01 21:30:00,209,Celta Vigo,217,Barcelona,0,3,Regular Season,Abanca-Balaídos,Carlos del Cerro Grande,A,-3,2020/2021,1.4,2.4,0.6,11.0,14.4,1.4,2.4,1.5680806073,1.9874857479999999,448.6,657.2,360.2,567.6,171.0,156.0,86.4,149.8,718.6,1111.8,292.8,265.4,2.8,2.2,0.0,0.2,0.42687495879655224,0.5731250412034479,5,2020-06-27 17:00:00,96.1875,0.6,1.4,2.4,11.0,1.5680806073,0.3333333333333333,1.0,2.6666666666666665,,,,0.1272727157024804,0.40567914595254184,1.9,0.392591783002299,0.0,0.0,2.4,0.4,2.4,14.0,9.0,2.2,0.4,1.79902919772,0.5187838941,801.6,380.8,716.2,292.4,117.8,158.6,175.4,60.2,1287.0,660.0,211.6,282.2,1.2,1.4,0.2,0.4,0.6430337609675081,0.3569662390324919,104,2020-09-27 21:00:00,4.020833333333333,2.4,2.4,0.4,14.0,1.79902919772,2.0,3.3333333333333335,0.6666666666666666,0.5999999999999999,0.5999999999999999,0.19035042652,0.15714284591836816,0.6779431658677746,1.3088888888888888,0.661016948813037,0.6,0.6,-1.0,2.0,-1.7999999999999998,-3.0,5.4,-0.8000000000000003,2.0,-0.23094859041999993,1.4687018538999999,-353.0,276.40000000000003,-356.00000000000006,275.20000000000005,53.2,-2.5999999999999943,-89.0,89.60000000000001,-568.4,451.79999999999995,81.20000000000002,-16.80000000000001,1.5999999999999999,0.8000000000000003,-0.2,-0.2,-0.21615880217095584,0.21615880217095595,3,False,,,
3773672,11,90,2020-10-04,2020-10-04 21:00:00,217,Barcelona,213,Sevilla,1,1,Regular Season,Spotify Camp Nou,Jesús Gil Manzano,D,0,2020/2021,2.8,0.4,2.4,13.6,8.8,2.4,0.4,1.7158677647199998,0.45931306292,749.8,413.8,663.2,324.4,126.4,159.0,168.8,75.4,1270.6,727.4,224.0,276.8,2.0,1.8,0.2,0.2,0.6150688803801168,0.3849311196198833,105,2020-10-01 21:30:00,2.9791666666666665,2.4,2.8,0.4,13.6,1.7158677647199998,3.0,4.0,0.0,0.19999999999999973,0.7999999999999998,-0.022697485680000185,0.17647057525951654,0.6443795113059646,1.4044444444444446,0.6359359356176496,0.6,0.6,1.2,2.8,0.4,15.6,17.0,1.0,2.8,1.53365911566,1.60464857416,440.0,626.2,348.6,541.4,170.0,132.0,103.4,146.0,835.6,1219.6,296.2,243.8,3.0,1.6,0.0,0.4,0.4323875043367605,0.5676124956632396,6,2020-06-19 22:00:00,106.95833333333333,0.4,1.2,2.8,15.6,1.53365911566,0.3333333333333333,0.6666666666666666,2.6666666666666665,0.4,0.19999999999999996,1.0535888626599998,0.06410255999342565,0.4126805473525787,1.8888888888888888,0.40657843499096036,0.0,0.0,1.5999999999999999,-2.4,2.0,-2.0,-8.2,1.4,-2.4,0.1822086490599999,-1.14533551124,309.79999999999995,-212.40000000000003,314.6,-217.0,-43.599999999999994,27.0,65.4,-70.6,434.9999999999999,-492.19999999999993,-72.19999999999999,33.0,-1.0,0.19999999999999996,0.2,-0.2,0.18268137604335627,-0.18268137604335627,3,False,,,
3773587,11,90,2020-10-17,2020-10-17 21:00:00,216,Getafe,217,Barcelona,1,0,Regular Season,Coliseum Alfonso Pérez,César Soto Grado,H,1,2020/2021,0.6,1.6,0.2,10.0,11.6,0.6,1.4,0.8776554704199999,1.3909074054,258.6,789.6,160.0,696.0,249.4,93.0,53.0,157.6,681.2,1661.8,376.4,203.4,2.8,2.6,0.0,0.0,0.31324106389015,0.68675893610985,5,2020-02-15 16:00:00,245.20833333333334,0.2,0.6,1.6,10.0,0.8776554704199999,0.0,0.6666666666666666,2.0,,,,0.059999994000000605,0.24670864315330218,2.7711111111111113,0.290738369487521,0.0,0.0,2.8,0.6,2.0,13.8,8.2,2.4,0.6,1.8012192925999997,0.44343861471999996,735.4,444.8,649.2,358.2,118.4,166.8,168.6,70.6,1283.6,770.0,211.8,277.6,1.8,1.6,0.2,0.2,0.597725828002613,0.40227417199738696,106,2020-10-04 21:00:00,13.0,2.0,2.8,0.6,13.8,1.8012192925999997,2.3333333333333335,2.6666666666666665,0.3333333333333333,-0.20000000000000018,0.7999999999999998,0.15240249879999967,0.17391303087586732,0.6231147257895994,1.3155555555555556,0.6250486946703113,0.6,0.8,-2.1999999999999997,1.0,-1.8,-3.8000000000000007,3.4000000000000004,-1.7999999999999998,0.7999999999999999,-0.9235638221799998,0.9474687906799999,-476.79999999999995,344.8,-489.20000000000005,337.8,131.0,-73.80000000000001,-115.6,87.0,-602.3999999999999,891.8,164.59999999999997,-74.20000000000002,0.9999999999999998,1.0,-0.2,-0.2,-0.284484764112463,0.284484764112463,3,False,,,
3773585,11,90,2020-10-24,2020-10-24 16:00:00,217,Barcelona,220,Real Madrid,1,3,Regular Season,Spotify Camp Nou,Juan Martínez Munuera,A,-2,2020/2021,2.6,0.4,2.0,11.6,8.2,2.2,0.4,1.7555827558799997,0.67903501922,693.4,447.4,608.4,357.8,114.0,160.6,140.6,77.4,1254.2,796.6,206.0,268.8,1.6,2.2,0.2,0.0,0.5874392486587787,0.4125607513412213,107,2020-10-17 21:00:00,6.791666666666667,2.0,2.6,0.4,11.6,1.7555827558799997,1.3333333333333333,1.3333333333333333,0.6666666666666666,0.0,0.8,0.2676740445599999,0.1896551560642107,0.6078190738010001,1.2666666666666666,0.6115662177630358,0.4,0.8,0.8,1.2,1.0,15.6,11.4,0.8,1.2,1.11683677438,1.4815712193,540.0,602.8,459.6,524.8,209.0,170.2,137.4,116.4,805.0,1113.0,313.0,288.0,3.4,2.4,0.2,0.2,0.47941177957211706,0.5205882204278829,5,2020-03-01 21:00:00,236.79166666666666,1.0,0.8,1.2,15.6,1.11683677438,1.3333333333333333,0.6666666666666666,0.3333333333333333,,,,0.051282047994740516,0.4725236257678302,2.3222222222222224,0.4197080289782544,0.0,0.0,1.8,-0.7999999999999999,1.0,-4.0,-3.200000000000001,1.4000000000000001,-0.7999999999999999,0.6387459814999996,-0.8025362000799999,153.39999999999998,-155.39999999999998,148.79999999999995,-166.99999999999994,-95.0,-9.599999999999994,3.1999999999999886,-39.0,449.20000000000005,-316.4,-107.0,-19.19999999999999,-1.7999999999999998,-0.19999999999999973,0.0,-0.2,0.10802746908666166,-0.10802746908666161,3,False,,,
3773386,11,90,2020-10-31,2020-10-31 21:00:00,206,Deportivo Alavés,217,Barcelona,1,1,Regular Season,Estadio de Mendizorroza,,D,0,2020/2021,0.4,3.2,0.0,5.6,16.6,0.4,3.2,0.48768082467999996,2.33397025886,296.4,818.4,211.8,729.2,162.8,103.2,35.6,191.8,621.4,1406.4,288.4,201.6,2.2,0.6,0.0,0.0,0.31040217280946986,0.6895978271905301,6,2020-07-19 17:00:00,104.16666666666667,0.0,0.4,3.2,5.6,0.48768082467999996,0.0,0.3333333333333333,3.6666666666666665,0.0,0.4,-0.16773906632000002,0.07142855867347167,0.2658772871673149,1.808888888888889,0.30644047721351186,0.0,0.0,1.8,1.0,1.4,10.4,10.0,1.4,1.0,1.4227280269799998,1.17777708722,660.2,487.6,573.0,398.2,111.2,167.2,139.8,86.2,1199.8,842.6,209.2,286.0,2.2,2.6,0.2,0.0,0.5603986980634297,0.4396013019365704,108,2020-10-24 16:00:00,7.208333333333333,1.4,1.8,1.0,10.4,1.4227280269799998,0.3333333333333333,0.6666666666666666,1.6666666666666667,-1.0,-0.5999999999999999,-0.35227860054000004,0.13461537167159887,0.5751873143620949,1.2355555555555555,0.5874461415063423,0.4,0.8,-1.4,2.2,-1.4,-4.800000000000001,6.600000000000001,-0.9999999999999999,2.2,-0.9350472022999998,1.15619317164,-363.80000000000007,330.79999999999995,-361.2,331.00000000000006,51.60000000000001,-63.999999999999986,-104.20000000000002,105.60000000000001,-578.4,563.8000000000001,79.19999999999999,-84.4,0.0,-2.0,-0.2,0.0,-0.24999652525395982,0.2499965252539597,3,False,,,
3773477,11,90,2020-11-07,2020-11-07 16:15:00,217,Barcelona,218,Real Betis,5,2,Regular Season,Spotify Camp Nou,,H,3,2020/2021,1.2,1.2,1.0,12.0,9.8,1.0,1.2,1.3034917631799998,1.36697898592,689.2,419.8,599.6,333.0,105.0,187.4,162.4,69.0,1302.0,808.8,206.0,314.4,2.8,3.0,0.2,0.2,0.5912277344926766,0.40877226550732343,109,2020-10-31 21:00:00,6.802083333333333,1.0,1.2,1.2,12.0,1.3034917631799998,0.3333333333333333,0.6666666666666666,1.6666666666666667,-1.4,-1.2,-0.4955374345400001,0.08333332638888948,0.62146077491302,1.1666666666666667,0.6168277427435912,0.4,0.8,1.4,3.4,0.6,9.0,15.0,1.4,3.2,0.93274869364,2.2079763198,468.6,605.2,392.0,524.8,188.8,169.2,83.4,136.0,897.4,1073.4,300.6,268.0,2.2,2.6,0.2,0.4,0.4483918495299822,0.5516081504700179,5,2020-02-09 21:00:00,271.8020833333333,0.6,1.4,3.4,9.0,0.93274869364,1.0,2.3333333333333335,3.3333333333333335,,,,0.15555553827160687,0.4363941139538143,2.097777777777778,0.4553480817661111,0.0,0.3333333333333333,-0.19999999999999996,-2.2,0.4,3.0,-5.199999999999999,-0.3999999999999999,-2.0,0.3707430695399998,-0.8409973338800003,220.60000000000002,-185.40000000000003,207.60000000000002,-191.79999999999995,-83.80000000000001,18.200000000000017,79.0,-67.0,404.6,-264.60000000000014,-94.60000000000002,46.39999999999998,0.5999999999999996,0.3999999999999999,0.0,-0.2,0.14283588496269445,-0.14283588496269445,3,False,,,
3773656,11,90,2020-11-21,2020-11-21 21:00:00,212,Atlético Madrid,217,Barcelona,1,0,Regular Season,Estádio Cívitas Metropolitano,,H,1,2020/2021,0.6,1.4,0.4,8.6,13.8,0.6,1.2,0.81244611046,1.1436988769399998,390.0,736.0,303.8,654.0,203.8,148.8,91.8,187.4,737.2,1386.8,339.0,264.0,4.0,3.0,0.2,0.0,0.3796587366021151,0.6203412633978849,6,2020-06-30 22:00:00,143.95833333333334,0.4,0.6,1.4,8.6,0.81244611046,0.3333333333333333,0.6666666666666666,1.6666666666666667,-0.6,-0.4,0.41469936446000005,0.06976743374797283,0.3463587918771236,2.2644444444444445,0.34708097912096003,0.0,0.0,1.6,1.6,1.0,14.0,10.2,1.6,1.6,1.99287507278,1.4747879644,699.8,417.2,613.4,332.6,104.4,184.8,170.8,59.6,1268.8,814.4,202.4,310.6,2.4,2.4,0.0,0.4,0.5966595004904802,0.40334049950951967,110,2020-11-07 16:15:00,14.197916666666666,1.0,1.6,1.6,14.0,1.99287507278,1.3333333333333333,2.3333333333333335,2.0,-1.4,-1.1999999999999997,0.2770073080600002,0.11428570612244958,0.626499551811549,1.1600000000000001,0.6090629797383531,0.4,0.6,-1.0,-0.20000000000000018,-0.6,-5.4,3.6000000000000014,-1.0,-0.40000000000000013,-1.18042896232,-0.3310890874600001,-309.79999999999995,318.8,-309.59999999999997,321.4,99.4,-36.0,-79.00000000000001,127.80000000000001,-531.5999999999999,572.4,136.6,-46.60000000000002,1.6,0.6000000000000001,0.2,-0.4,-0.21700076388836514,0.2170007638883652,3,False,,,
3773547,11,90,2020-11-29,2020-11-29 14:00:00,217,Barcelona,422,Osasuna,4,0,Regular Season,Spotify Camp Nou,Antonio Miguel Mateu Lahoz,H,4,2020/2021,1.4,1.6,0.8,14.4,10.2,1.4,1.6,1.8530437481,1.4497719532,693.8,416.2,609.0,329.4,119.8,180.8,179.2,72.6,1308.4,869.2,223.2,309.4,2.2,3.0,0.0,0.4,0.599928842594325,0.4000711574056749,111,2020-11-21 21:00:00,7.708333333333333,0.8,1.4,1.6,14.4,1.8530437481,1.3333333333333333,2.0,1.3333333333333333,-1.2,-1.4,0.051824455500000255,0.09722221547067948,0.6250450444819413,1.3311111111111111,0.6008449666601556,0.4,0.6,2.0,1.0,3.0,9.0,18.0,2.0,1.0,0.4741186025,1.0125385056,236.0,869.0,147.0,773.0,177.0,99.0,21.0,264.0,470.0,1320.0,327.0,206.0,1.0,4.0,1.0,0.0,0.2738158594997339,0.7261841405002661,1,2020-07-16 21:00:00,135.70833333333334,3.0,2.0,1.0,9.0,0.4741186025,3.0,2.0,1.0,,,,0.22222219753086697,0.2135746604402039,1.9666666666666666,0.2625698322555476,,0.5,-0.6000000000000001,0.6000000000000001,-2.2,5.4,-7.800000000000001,-0.6000000000000001,0.6000000000000001,1.3789251456,0.43723344759999994,457.79999999999995,-452.8,462.0,-443.6,-57.2,81.80000000000001,158.2,-191.4,838.4000000000001,-450.79999999999995,-103.80000000000001,103.39999999999998,1.2000000000000002,-1.0,-1.0,0.4,0.3261129830945911,-0.32611298309459125,3,False,,,
3773660,11,90,2020-12-13,2020-12-13 21:00:00,217,Barcelona,221,Levante UD,1,0,Regular Season,Spotify Camp Nou,Ricardo De Burgos Bengoetxea,H,1,2020/2021,2.2,1.2,1.4,19.2,8.8,2.0,1.2,2.5878126758,1.21964065558,790.8,360.8,699.2,277.0,109.6,160.8,239.4,61.0,1485.2,772.8,212.6,291.2,1.6,1.8,0.0,0.4,0.6511091172346711,0.34889088276532876,113,2020-12-05 21:00:00,8.0,1.4,2.2,1.2,19.2,2.5878126758,1.0,1.6666666666666667,1.0,0.0,0.40000000000000013,1.1650846488200002,0.10416666124131972,0.6866967691154074,1.2177777777777776,0.6577502211436005,0.6,0.4,0.8,2.4,0.6,10.8,17.6,0.8,2.4,0.9698787360000001,2.4315952384400004,379.4,681.0,296.4,605.8,181.2,146.4,70.0,160.6,767.4,1337.0,296.2,249.2,2.0,3.0,0.2,0.0,0.3845924263862418,0.6154075736137582,5,2020-02-02 21:00:00,315.0,0.6,0.8,2.4,10.8,0.9698787360000001,1.0,1.3333333333333333,1.3333333333333333,,,,0.07407406721536415,0.3577895130537631,2.013333333333333,0.36466451227681784,0.0,0.0,1.4000000000000001,-1.2,0.7999999999999999,8.399999999999999,-8.8,1.2,-1.2,1.6179339397999999,-1.2119545828600005,411.4,-320.2,402.80000000000007,-328.79999999999995,-71.6,14.400000000000006,169.4,-99.6,717.8000000000001,-564.2,-83.6,42.0,-0.3999999999999999,-1.2,-0.2,0.4,0.2665166908484293,-0.26651669084842944,3,False,,,
3773523,11,90,2020-12-16,2020-12-16 21:00:00,217,Barcelona,210,Real Sociedad,2,1,Regular Season,Spotify Camp Nou,José María Sánchez Martínez,H,1,2020/2021,2.2,1.0,1.8,19.0,9.2,2.0,1.0,2.5813854082,1.14118134158,758.0,394.6,669.6,311.2,111.0,148.2,228.0,67.2,1385.2,819.0,212.4,274.2,1.4,1.4,0.0,0.2,0.6297058130766757,0.3702941869233242,114,2020-12-13 21:00:00,3.0,1.8,2.2,1.0,19.0,2.5813854082,2.0,2.0,0.6666666666666666,0.8,1.0000000000000002,1.2778936450200002,0.10526315235457093,0.6576435878382408,1.2333333333333334,0.6284366207111712,0.6,0.4,0.8,1.6,0.2,11.8,11.4,0.8,1.6,1.184683325,1.5519166003999998,481.0,619.4,394.6,529.6,177.0,152.0,80.8,127.2,883.4,1101.8,293.4,261.6,1.4,1.8,0.0,0.0,0.45364003314731666,0.5463599668526833,6,2020-03-07 18:30:00,284.1041666666667,0.2,0.8,1.6,11.8,1.184683325,0.3333333333333333,1.0,1.6666666666666667,0.2,-1.2,0.32897227100000004,0.06779660442401658,0.4371137764112015,1.9666666666666666,0.44499294758966706,0.0,0.0,1.4000000000000001,-0.6000000000000001,1.6,7.199999999999999,-2.200000000000001,1.2,-0.6000000000000001,1.3967020832,-0.4107352588199997,277.0,-224.79999999999995,275.0,-218.40000000000003,-66.0,-3.8000000000000114,147.2,-60.0,501.80000000000007,-282.79999999999995,-80.99999999999997,12.599999999999966,0.0,-0.40000000000000013,0.0,0.2,0.17606577992935907,-0.17606577992935907,3,False,,,
3773377,11,90,2020-12-19,2020-12-19 16:15:00,217,Barcelona,207,Valencia,2,2,Regular Season,Spotify Camp Nou,Alejandro José Hernández Hernández,D,0,2020/2021,1.6,0.8,1.8,18.4,9.2,1.4,0.8,2.2737237582,1.32549965378,734.6,401.2,644.4,315.6,123.0,160.2,217.0,71.6,1375.2,817.2,228.2,289.6,1.6,1.6,0.0,0.0,0.6176970782998612,0.38230292170013885,115,2020-12-16 21:00:00,2.8020833333333335,1.8,1.6,0.8,18.4,2.2737237582,2.0,1.3333333333333333,1.0,0.8,0.0,0.2808486854200001,0.07608695238657867,0.6467687967540334,1.3666666666666667,0.6272577993854872,0.8,0.4,1.4,1.2,1.2,11.4,13.6,1.4,1.2,1.6840421791199998,1.15958134564,371.0,847.8,290.6,758.2,219.0,126.2,59.8,273.2,636.4,1464.0,346.4,234.4,1.8,2.0,0.0,0.0,0.34788285524265766,0.6521171447573424,5,2020-01-25 16:00:00,329.0104166666667,1.2,1.4,1.2,11.4,1.6840421791199998,1.6666666666666667,1.6666666666666667,1.0,,,,0.12280700677131519,0.30439776804693325,2.433333333333333,0.30298990654018765,0.0,0.0,0.20000000000000018,-0.3999999999999999,0.6000000000000001,6.999999999999998,-4.4,0.0,-0.3999999999999999,0.5896815790800003,0.16591830813999997,363.6,-446.59999999999997,353.79999999999995,-442.6,-96.0,33.999999999999986,157.2,-201.6,738.8000000000001,-646.8,-118.19999999999999,55.20000000000002,-0.19999999999999996,-0.3999999999999999,0.0,0.0,0.26981422305720354,-0.26981422305720354,3,False,,,
3773571,11,90,2020-12-22,2020-12-22 22:00:00,901,Real Valladolid,217,Barcelona,0,3,Regular Season,Estadio Municipal José Zorrilla,Mario Melero López,A,-3,2020/2021,0.25,2.0,0.0,10.0,14.75,0.25,2.0,0.518996794,2.007245416,424.75,698.5,328.5,606.5,176.5,155.5,69.25,157.75,776.0,1294.75,309.75,268.0,2.25,1.0,0.0,0.0,0.40643012112299903,0.593569878877001,4,2020-07-11 19:30:00,164.10416666666666,0.0,0.25,2.0,10.0,0.518996794,0.0,0.3333333333333333,2.3333333333333335,,,,0.024999997500000253,0.3781437788754562,1.961111111111111,0.3747434502596917,0.0,0.0,2.0,1.0,2.0,20.6,9.4,1.8,1.0,2.6615771696,1.5404206377799998,756.4,349.0,663.4,265.6,110.2,148.8,243.8,58.8,1336.2,722.4,215.2,281.6,2.4,1.2,0.0,0.0,0.6451394681194481,0.35486053188055194,116,2020-12-19 16:15:00,3.2395833333333335,2.0,2.0,1.0,20.6,2.6615771696,2.3333333333333335,1.6666666666666667,1.0,1.2,0.6000000000000001,0.8085334215000002,0.08737863653501764,0.6842771841104782,1.2244444444444444,0.6490819000053037,0.8,0.2,-1.75,1.0,-2.0,-10.600000000000001,5.35,-1.55,1.0,-2.1425803756,0.4668247782200001,-331.65,349.5,-334.9,340.9,66.3,6.699999999999989,-174.55,98.95,-560.2,572.35,94.55000000000001,-13.600000000000023,-0.1499999999999999,-0.19999999999999996,0.0,0.0,-0.23870934699644908,0.23870934699644902,3,False,,,
3773552,11,90,2021-01-03,2021-01-03 21:00:00,902,Huesca,217,Barcelona,0,1,Regular Season,Estadio El Alcoraz,Guillermo Cuadra Fernández,A,-1,2020/2021,2.0,8.0,0.0,7.0,30.0,2.0,7.0,1.264742864,4.513569743,336.0,701.0,257.0,636.0,130.0,80.0,40.0,201.0,835.0,1369.0,239.0,172.0,2.0,1.0,0.0,0.0,0.3555232558139535,0.6444767441860465,1,2018-09-02 18:30:00,854.1041666666666,0.0,2.0,8.0,7.0,1.264742864,0.0,2.0,8.0,,,,0.285714244897965,0.3240115715294006,1.4444444444444444,0.37885662414752425,,,1.8,1.0,2.0,20.8,9.8,1.6,1.0,2.5374754943999998,1.45358959802,729.4,372.8,639.8,290.2,122.2,158.8,236.4,60.4,1330.4,769.2,223.8,291.0,2.6,1.4,0.0,0.0,0.6246243669897952,0.37537563301020477,117,2020-12-22 22:00:00,11.958333333333334,2.0,1.8,1.0,20.8,2.5374754943999998,2.3333333333333335,2.3333333333333335,1.0,0.6000000000000001,-0.40000000000000013,0.005654345699999563,0.07692307322485224,0.6617673737418186,1.3577777777777778,0.6336445034132003,0.8,0.2,0.19999999999999996,7.0,-2.0,-13.8,20.2,0.3999999999999999,6.0,-1.2727326303999997,3.05998014498,-393.4,328.2,-382.79999999999995,345.8,7.799999999999997,-78.80000000000001,-196.4,140.6,-495.4000000000001,599.8,15.199999999999989,-119.0,-0.6000000000000001,-0.3999999999999999,0.0,0.0,-0.2691011111758417,0.26910111117584173,3,False,,,
3764661,11,90,2021-01-06,2021-01-06 21:00:00,215,Athletic Club,217,Barcelona,2,3,Regular Season,San Mamés Barria,Carlos del Cerro Grande,A,-1,2020/2021,0.2,1.2,0.4,11.2,16.4,0.2,1.2,0.8953956313999999,1.8212505291999999,363.4,695.2,261.4,592.2,177.2,109.8,64.0,146.2,710.4,1339.2,325.0,236.4,2.0,2.6,0.2,0.0,0.3796154641971709,0.620384535802829,5,2020-06-23 22:00:00,196.95833333333334,0.4,0.2,1.2,11.2,0.8953956313999999,0.6666666666666666,0.3333333333333333,0.6666666666666666,,,,0.017857141262755248,0.34328358176527146,1.9688888888888887,0.3466042152875663,0.0,0.0,1.8,0.6,2.6,20.6,9.0,1.8,0.6,2.7334616672,1.0721906927,713.8,408.2,631.4,327.6,136.8,173.8,219.6,61.6,1177.0,777.8,232.6,295.4,2.2,1.6,0.0,0.0,0.6033711738773055,0.39662882612269434,118,2021-01-03 21:00:00,3.0,2.6,1.8,0.6,20.6,2.7334616672,2.3333333333333335,2.0,0.6666666666666666,1.2000000000000002,-0.40000000000000013,0.14564899139999987,0.08737863653501764,0.6361853826771965,1.52,0.6021076321863579,0.8,0.4,-1.6,0.6,-2.2,-9.400000000000002,7.399999999999999,-1.6,0.6,-1.8380660357999998,0.7490598364999999,-350.4,287.00000000000006,-370.0,264.6,40.39999999999998,-64.00000000000001,-155.6,84.6,-466.6,561.4000000000001,92.4,-58.99999999999997,-0.20000000000000018,1.0,0.2,0.0,-0.22375570968013464,0.2237557096801347,3,False,,,
3773565,11,90,2021-01-09,2021-01-09 18:30:00,1049,Granada,217,Barcelona,0,4,Regular Season,Estadio Nuevo Los Cármenes,Ricardo De Burgos Bengoetxea,A,-4,2020/2021,1.0,0.5,1.5,7.0,13.0,1.0,0.5,1.03390636565,1.0378417789999999,243.5,859.5,159.0,776.5,266.0,124.0,32.5,213.0,627.5,1818.0,404.0,228.5,3.0,1.0,0.5,0.0,0.2991943303542842,0.7008056696457157,2,2020-01-19 21:00:00,355.8958333333333,1.5,1.0,0.5,7.0,1.03390636565,1.5,1.0,0.5,,,,0.1428571224489825,0.22076155918335305,2.9555555555555557,0.25659374350578873,0.5,,2.2,1.0,2.6,18.4,9.4,2.2,1.0,2.61615997066,1.0932426915,707.6,430.4,626.2,350.0,146.4,166.4,205.0,68.4,1158.6,800.4,245.2,283.6,2.0,1.8,0.0,0.0,0.5957171708047363,0.4042828291952638,119,2021-01-06 21:00:00,2.8958333333333335,2.6,2.2,1.0,18.4,2.61615997066,3.0,2.3333333333333335,0.6666666666666666,0.8,0.0,0.03477456245999999,0.11956521089319508,0.6217926180827833,1.6266666666666667,0.5914241957164755,0.8,0.6,-1.2000000000000002,-0.5,-1.1,-11.399999999999999,3.5999999999999996,-1.2000000000000002,-0.5,-1.58225360501,-0.05540091250000012,-464.1,429.1,-467.20000000000005,426.5,119.6,-42.400000000000006,-172.5,144.6,-531.0999999999999,1017.6,158.8,-55.10000000000002,1.0,-0.8,0.5,0.0,-0.2965228404504521,0.29652284045045185,3,False,,,
3773403,11,90,2021-01-31,2021-01-31 21:00:00,217,Barcelona,215,Athletic Club,2,1,Regular Season,Spotify Camp Nou,Antonio Miguel Mateu Lahoz,H,1,2020/2021,2.6,0.8,2.6,18.4,8.6,2.6,0.8,2.38507307066,0.7980729323,766.4,399.0,689.8,322.6,127.8,146.6,204.4,63.6,1334.6,750.2,224.8,258.4,2.0,1.6,0.0,0.2,0.629600042727211,0.37039995727278885,120,2021-01-09 18:30:00,22.104166666666668,2.6,2.6,0.8,18.4,2.38507307066,3.0,2.6666666666666665,0.6666666666666666,0.8,1.0,0.1113493124599998,0.14130434014650325,0.6576282815705952,1.42,0.6401573289331555,0.8,0.6,0.6,1.4,0.4,9.4,15.6,0.6,1.4,0.8015844456,1.58461578646,387.8,712.2,291.0,616.6,157.4,112.0,63.8,157.6,763.8,1342.6,297.8,238.6,2.2,2.0,0.2,0.0,0.37848380156646055,0.6215161984335393,6,2021-01-06 21:00:00,25.0,0.4,0.6,1.4,9.4,0.8015844456,0.3333333333333333,0.6666666666666666,1.3333333333333333,0.4,0.6,-0.5089590884,0.06382978044364038,0.35254545422495864,1.748888888888889,0.3626091908646938,0.0,0.0,2.0,-0.5999999999999999,2.2,8.999999999999998,-7.0,2.0,-0.5999999999999999,1.5834886250599998,-0.7865428541599999,378.59999999999997,-313.20000000000005,398.79999999999995,-294.0,-29.60000000000001,34.599999999999994,140.60000000000002,-94.0,570.8,-592.3999999999999,-73.0,19.799999999999983,-0.20000000000000018,-0.3999999999999999,-0.2,0.2,0.2511162411607505,-0.2511162411607505,3,False,,,
3773631,11,90,2021-02-07,2021-02-07 21:00:00,218,Real Betis,217,Barcelona,2,3,Regular Season,Estadio Benito Villamarín,,A,-1,2020/2021,1.8,4.0,0.6,10.8,15.4,1.8,4.0,1.09556304544,2.812536546,468.0,598.8,391.6,519.4,160.0,161.8,84.2,140.2,882.4,1043.0,267.4,259.0,2.4,2.6,0.4,0.4,0.4461446873268728,0.5538553126731273,6,2020-11-07 16:15:00,92.19791666666667,0.6,1.8,4.0,10.8,1.09556304544,0.0,1.6666666666666667,4.0,0.6,1.8,0.90439802344,0.16666665123456934,0.4386951626933866,1.7777777777777777,0.4582943801504651,0.0,0.3333333333333333,2.6,0.6,3.0,16.0,7.8,2.6,0.4,2.1520691460599997,0.5159231087,741.8,428.8,668.2,351.4,124.4,153.6,170.8,68.8,1293.4,794.4,220.0,258.8,1.6,1.8,0.0,0.2,0.6066158075282235,0.3933841924717765,121,2021-01-31 21:00:00,7.0,3.0,2.6,0.6,16.0,2.1520691460599997,3.0,3.0,1.0,1.0,0.6000000000000001,-0.5095080235400005,0.16249998984375064,0.6336921231559096,1.3822222222222222,0.61950378359062,0.8,0.8,-0.8,3.4,-2.4,-5.199999999999999,7.6000000000000005,-0.8,3.6,-1.0565061006199996,2.2966134373,-273.79999999999995,169.99999999999994,-276.6,168.0,35.599999999999994,8.200000000000017,-86.60000000000001,71.39999999999999,-411.0000000000001,248.60000000000002,47.39999999999998,0.19999999999998863,0.7999999999999998,0.8,0.4,0.2,-0.16047112020135074,0.1604711202013508,3,False,,,
3773526,11,90,2021-02-13,2021-02-13 21:00:00,217,Barcelona,206,Deportivo Alavés,5,1,Regular Season,Spotify Camp Nou,Jorge Figueroa Vázquez,H,4,2020/2021,2.6,1.0,3.0,14.2,7.0,2.4,0.8,1.63803717646,0.6604090083999999,750.0,420.0,676.2,343.8,120.8,151.0,164.8,67.0,1291.6,788.2,218.0,254.8,1.8,1.8,0.0,0.2,0.6126399486763315,0.3873600513236684,122,2021-02-07 21:00:00,6.0,3.0,2.6,1.0,14.2,1.63803717646,3.0,3.0,1.0,1.0,0.8,-0.8994383179399998,0.1690140726046428,0.6410256404777558,1.3422222222222222,0.621021251744869,0.8,0.8,0.4,3.0,0.2,5.0,18.0,0.4,3.0,0.5572084723999999,2.3044791638,295.4,841.0,213.4,753.6,175.4,108.6,33.2,203.6,654.4,1499.8,298.6,202.4,2.4,1.2,0.2,0.0,0.30908595012247253,0.6909140498775275,7,2020-10-31 21:00:00,105.0,0.2,0.4,3.0,5.0,0.5572084723999999,0.3333333333333333,0.6666666666666666,3.3333333333333335,0.2,-0.09999999999999998,-0.1609444443000001,0.0799999840000032,0.25994368157343917,1.948888888888889,0.3037786647926011,0.0,0.0,2.2,-2.0,2.8,9.2,-11.0,2.0,-2.2,1.08082870406,-1.6440701554000001,454.6,-421.0,462.80000000000007,-409.8,-54.60000000000001,42.400000000000006,131.60000000000002,-136.6,637.1999999999999,-711.5999999999999,-80.60000000000002,52.400000000000006,-0.5999999999999999,0.6000000000000001,-0.2,0.2,0.303553998553859,-0.30355399855385906,3,False,,,
3773415,11,90,2021-02-21,2021-02-21 14:00:00,217,Barcelona,552,Cádiz,1,1,Regular Season,Spotify Camp Nou,Juan Martínez Munuera,D,0,2020/2021,3.4,1.2,3.0,13.6,7.4,3.2,1.0,1.6748009570599998,0.7047026566,761.8,409.2,688.8,329.6,109.6,152.2,142.6,64.8,1387.0,793.6,208.2,255.2,1.8,2.0,0.0,0.2,0.6204177191254174,0.3795822808745826,123,2021-02-13 21:00:00,7.708333333333333,3.0,3.4,1.2,13.6,1.6748009570599998,3.0,3.3333333333333335,1.3333333333333333,0.3999999999999999,1.5999999999999999,-1.05866071014,0.23529410034602208,0.6505550805716864,1.2177777777777776,0.6360634684783714,0.8,0.8,2.0,1.0,3.0,8.0,21.0,2.0,0.0,2.2947186696,1.528829837,198.0,918.0,120.0,801.0,119.0,80.0,40.0,379.0,590.0,1877.0,296.0,188.0,0.0,2.0,0.0,0.0,0.245014245014245,0.7549857549857549,1,2020-12-05 21:00:00,77.70833333333333,3.0,2.0,1.0,8.0,2.2947186696,3.0,2.0,1.0,,,,0.24999996875000394,0.17741935467973174,1.3222222222222222,0.2391568705962072,,,1.4,0.19999999999999996,0.0,5.6,-13.6,1.2000000000000002,1.0,-0.6199177125400002,-0.8241271804,563.8,-508.8,568.8,-471.4,-9.400000000000006,72.19999999999999,102.6,-314.2,797.0,-1083.4,-87.80000000000001,67.19999999999999,1.8,0.0,0.0,0.2,0.3754034741111724,-0.3754034741111723,3,False,,,
3773625,11,90,2021-02-27,2021-02-27 16:15:00,213,Sevilla,217,Barcelona,0,2,Regular Season,Estadio Ramón Sánchez Pizjuán,Alejandro José Hernández Hernández,A,-2,2020/2021,1.0,2.6,0.4,13.4,15.2,0.8,2.6,1.1497002558000002,1.52492881024,466.2,632.8,375.4,548.6,184.4,123.4,92.8,129.6,848.8,1184.6,302.6,228.8,2.8,1.8,0.0,0.4,0.44612691649362485,0.5538730835063751,7,2020-10-04 21:00:00,145.80208333333334,0.4,1.0,2.6,13.4,1.1497002558000002,0.6666666666666666,0.3333333333333333,1.6666666666666667,-0.09999999999999998,-0.5,-0.3942371618499996,0.059701488081978504,0.4242038212700602,2.048888888888889,0.4174289365508857,0.0,0.0,2.8,1.0,2.6,14.0,6.0,2.6,0.8,2.0510710764,0.7970403802,807.4,370.8,729.8,288.8,107.0,164.8,202.0,51.0,1469.4,753.4,200.8,279.6,1.0,1.6,0.0,0.0,0.6476656218453714,0.35233437815462876,125,2021-02-24 19:00:00,2.8854166666666665,2.6,2.8,1.0,14.0,2.0510710764,2.3333333333333335,3.0,0.6666666666666666,0.0,0.19999999999999973,-0.3340019942599999,0.18571427244898056,0.6852826339456096,1.1888888888888889,0.6610581245901305,0.6,1.0,-1.7999999999999998,1.6,-2.2,-0.5999999999999996,9.2,-1.8,1.8,-0.9013708205999997,0.72788843004,-341.2,261.99999999999994,-354.4,259.8,77.4,-41.400000000000006,-109.2,78.6,-620.6000000000001,431.19999999999993,101.80000000000001,-50.80000000000001,1.7999999999999998,0.19999999999999996,0.0,0.4,-0.2015387053517465,0.20153870535174634,3,False,,,
3773665,11,90,2021-03-06,2021-03-06 21:00:00,422,Osasuna,217,Barcelona,0,2,Regular Season,Estadio El Sadar,Guillermo Cuadra Fernández,A,-2,2020/2021,1.0,2.5,1.5,9.5,19.0,1.0,2.5,0.7904560109,2.5953906653000005,293.5,860.5,205.5,769.5,151.0,93.5,38.5,227.0,509.5,1286.0,282.0,196.5,0.5,2.5,0.5,0.0,0.29486134897682437,0.7051386510231756,2,2020-11-29 14:00:00,97.29166666666667,1.5,1.0,2.5,9.5,0.7904560109,1.5,1.0,2.5,,,,0.1052631468144056,0.25433275541218997,1.6777777777777778,0.283764967817452,,0.5,2.8,0.8,2.6,13.4,5.2,2.6,0.8,2.0912310751999996,0.7695454766,802.4,382.4,725.6,301.2,114.6,167.4,202.2,50.8,1462.0,750.0,212.4,282.2,1.0,2.0,0.0,0.0,0.6449744193004145,0.35502558069958545,126,2021-02-27 16:15:00,7.197916666666667,2.6,2.8,0.8,13.4,2.0912310751999996,2.3333333333333335,2.0,0.3333333333333333,-0.3999999999999999,0.19999999999999973,-0.06083807086000004,0.19402983626643014,0.6772451040874028,1.2733333333333332,0.66094032519849,0.6,1.0,-1.7999999999999998,1.7,-1.1,-3.9000000000000004,13.8,-1.6,1.7,-1.3007750642999998,1.8258451887000007,-508.9,478.1,-520.1,468.3,36.400000000000006,-73.9,-163.7,176.2,-952.5,536.0,69.6,-85.69999999999999,-0.5,0.5,0.5,0.0,-0.3501130703235902,0.3501130703235902,3,False,,,
3773369,11,90,2021-03-15,2021-03-15 21:00:00,217,Barcelona,902,Huesca,4,1,Regular Season,Spotify Camp Nou,Adrián Cordero Vega,H,3,2020/2021,2.6,0.4,2.6,13.6,5.6,2.6,0.4,2.1051013748,0.7321773956,802.6,387.0,722.8,303.0,120.4,178.0,214.8,54.2,1421.8,743.2,222.0,293.2,0.8,1.8,0.0,0.0,0.644471006762618,0.3555289932373819,127,2021-03-06 21:00:00,9.0,2.6,2.6,0.4,13.6,2.1051013748,3.0,2.3333333333333335,0.0,-0.3999999999999999,0.0,0.4670641983399999,0.19117645653114293,0.6746805643286142,1.3377777777777777,0.6567205539691822,0.6,1.0,1.0,4.5,0.0,5.5,25.0,1.0,4.0,0.8262335035,3.511165222,355.5,770.5,282.0,697.5,162.0,116.5,43.0,248.0,734.0,1239.5,278.5,202.0,1.5,0.5,0.0,0.0,0.35340173319532325,0.6465982668046768,2,2021-01-03 21:00:00,71.0,0.0,1.0,4.5,5.5,0.8262335035,0.0,1.0,4.5,,,,0.18181814876033658,0.3157193602879934,1.8,0.37192804642922317,,0.0,1.6,-4.1,2.6,8.1,-19.4,1.6,-3.6,1.2788678712999997,-2.7789878264,447.1,-383.5,440.79999999999995,-394.5,-41.599999999999994,61.5,171.8,-193.8,687.8,-496.29999999999995,-56.5,91.19999999999999,-0.7,1.3,0.0,0.0,0.2910692735672948,-0.2910692735672949,3,False,,,
3773597,11,90,2021-03-21,2021-03-21 21:00:00,210,Real Sociedad,217,Barcelona,1,6,Regular Season,Reale Arena,José Luis Munuera Montero,A,-5,2020/2021,1.0,1.8,0.2,11.6,11.8,1.0,1.8,1.4329406892,1.8279487076000003,496.6,598.2,407.2,504.8,191.0,170.2,83.8,118.6,923.4,1074.8,308.2,277.8,1.6,1.8,0.0,0.0,0.46853138920708065,0.5314686107929193,7,2020-12-16 21:00:00,95.0,0.2,1.0,1.8,11.6,1.4329406892,0.3333333333333333,1.0,1.6666666666666667,0.2,0.0,0.6623144017000001,0.08620688912009578,0.4535988304223612,2.1222222222222222,0.4621159040826164,0.0,0.0,2.4,0.4,2.6,12.6,6.0,2.4,0.4,1.758087504,1.03065177,810.4,406.6,732.6,325.0,138.4,191.2,237.8,60.6,1443.8,759.2,241.6,305.6,0.8,1.8,0.0,0.0,0.636495678761788,0.36350432123821197,128,2021-03-15 21:00:00,6.0,2.6,2.4,0.4,12.6,1.758087504,3.0,2.6666666666666665,0.3333333333333333,-0.3999999999999999,-1.0,0.08328654694000015,0.19047617535903372,0.6658997529450289,1.537777777777778,0.6553790282998734,0.6,1.0,-1.4,1.4,-2.4,-1.0,5.800000000000001,-1.4,1.4,-0.32514681479999985,0.7972969376000003,-313.79999999999995,191.60000000000002,-325.40000000000003,179.8,52.599999999999994,-21.0,-154.0,57.99999999999999,-520.4,315.5999999999999,66.6,-27.80000000000001,0.8,0.0,0.0,0.0,-0.16796428955470738,0.16796428955470732,3,False,,,
3773474,11,90,2021-04-05,2021-04-05 21:00:00,217,Barcelona,901,Real Valladolid,1,0,Regular Season,Spotify Camp Nou,Santiago Jaime Latre,H,1,2020/2021,3.4,0.4,3.0,11.4,7.4,3.4,0.4,1.8727849004,0.9500341122,774.8,432.4,703.2,355.8,155.8,206.0,181.4,64.8,1251.4,745.8,262.0,316.0,1.2,2.0,0.0,0.0,0.611470158262077,0.38852984173792304,129,2021-03-21 21:00:00,15.0,3.0,3.4,0.4,11.4,1.8727849004,3.0,4.0,0.6666666666666666,0.3999999999999999,0.3999999999999999,0.06336539680000008,0.29824558787319405,0.6418157715028033,1.7311111111111113,0.6265772077776001,0.8,1.0,0.2,2.2,0.0,10.4,16.0,0.2,2.2,0.5497250793,2.3173432226,433.8,702.2,340.2,614.8,176.2,154.0,68.2,156.8,777.4,1280.4,304.6,260.4,2.0,1.2,0.0,0.0,0.408840565718835,0.591159434281165,5,2020-12-22 22:00:00,103.95833333333333,0.0,0.2,2.2,10.4,0.5497250793,0.0,0.3333333333333333,3.0,,,,0.019230767381656983,0.3818661968469487,1.9577777777777776,0.3777820972019719,0.0,0.0,3.1999999999999997,-1.8000000000000003,3.0,1.0,-8.6,3.1999999999999997,-1.8000000000000003,1.3230598210999998,-1.3673091104,340.99999999999994,-269.80000000000007,363.00000000000006,-258.99999999999994,-20.399999999999977,52.0,113.2,-92.00000000000001,474.0000000000001,-534.6000000000001,-42.60000000000002,55.60000000000002,-0.8,0.8,0.0,0.0,0.20262959254324198,-0.20262959254324198,3,False,,,
3773497,11,90,2021-04-10,2021-04-10 21:00:00,220,Real Madrid,217,Barcelona,2,1,Regular Season,Estadio Alfredo Di Stéfano,Jesús Gil Manzano,H,1,2020/2021,1.4,0.8,1.6,16.2,9.8,1.4,0.8,1.5147914497,1.0625812613999999,556.4,608.6,478.8,529.2,189.6,153.8,135.2,123.8,882.2,1142.6,305.0,271.8,3.4,2.6,0.0,0.2,0.48413958964524506,0.5158604103547549,6,2020-10-24 16:00:00,168.20833333333334,1.6,1.4,0.8,16.2,1.5147914497,2.3333333333333335,1.6666666666666667,0.3333333333333333,1.6,1.4,0.6044968742999999,0.08641974775186742,0.477596566113651,2.1066666666666665,0.4356973526097899,0.25,0.0,3.0,0.4,3.0,14.6,7.6,3.0,0.4,1.6971769514,0.8868815548000001,765.8,416.0,690.2,334.8,166.2,208.0,214.0,69.0,1273.6,694.4,276.4,324.4,1.8,2.6,0.0,0.2,0.6184888420119554,0.3815111579880445,130,2021-04-05 21:00:00,5.0,3.0,3.0,0.4,14.6,1.6971769514,3.0,3.6666666666666665,0.6666666666666666,0.3999999999999999,0.20000000000000018,-0.35389412500000006,0.20547943798086044,0.6479945839837581,1.8466666666666665,0.6471544712158767,0.8,1.0,-1.6,0.4,-1.4,1.5999999999999996,2.200000000000001,-1.6,0.4,-0.1823855017,0.17569970659999978,-209.39999999999998,192.60000000000002,-211.40000000000003,194.40000000000003,23.400000000000006,-54.19999999999999,-78.80000000000001,54.8,-391.39999999999986,448.19999999999993,28.600000000000023,-52.599999999999966,1.5999999999999999,0.0,0.0,0.0,-0.13434925236671036,0.13434925236671041,3,False,,,
3773661,11,90,2021-04-22,2021-04-22 22:00:00,217,Barcelona,216,Getafe,5,2,Regular Season,Spotify Camp Nou,Jorge Figueroa Vázquez,H,3,2020/2021,2.8,0.8,2.4,16.4,9.8,2.8,0.8,1.610201917,1.1333723168000003,793.0,383.8,715.8,302.0,169.0,216.8,239.0,68.0,1369.4,661.2,275.8,341.4,2.2,2.0,0.0,0.4,0.6377201328601434,0.3622798671398565,131,2021-04-10 21:00:00,12.041666666666666,2.4,2.8,0.8,16.4,1.610201917,2.0,2.6666666666666665,1.0,-0.20000000000000018,0.0,-0.4810291581999997,0.17073169690660384,0.6738613182581056,1.8777777777777778,0.6743819557399872,0.8,1.0,0.6,1.2,0.8,9.2,11.6,0.6,1.0,1.0771478128999998,1.4366327966,246.6,779.6,147.2,684.4,243.0,88.2,51.2,150.4,667.8,1596.8,372.2,193.4,3.2,2.4,0.0,0.0,0.3082657664281142,0.6917342335718857,6,2020-10-17 21:00:00,187.04166666666666,0.8,0.6,1.2,9.2,1.0771478128999998,1.0,0.6666666666666666,1.3333333333333333,0.8,-0.4,0.42250890029999977,0.06521738421550172,0.24030403406713693,2.7,0.29488651404447297,0.0,0.0,2.1999999999999997,-0.3999999999999999,1.5999999999999999,7.199999999999999,-1.799999999999999,2.1999999999999997,-0.19999999999999996,0.5330541041000001,-0.3032604797999998,546.4,-395.8,568.5999999999999,-382.4,-74.0,128.60000000000002,187.8,-82.4,701.6000000000001,-935.5999999999999,-96.39999999999998,147.99999999999997,-1.0,-0.3999999999999999,0.0,0.4,0.3294543664320292,-0.3294543664320292,3,False,,,
3773689,11,90,2021-04-25,2021-04-25 16:15:00,222,Villarreal,217,Barcelona,1,2,Regular Season,Estadio de la Cerámica,Carlos del Cerro Grande,A,-1,2020/2021,1.2,3.2,0.2,10.8,14.8,1.2,2.8,1.0218686593,1.8491293646,455.6,740.6,379.4,662.8,181.2,138.2,75.6,170.2,831.6,1376.2,285.2,231.0,2.2,2.6,0.2,0.0,0.40242572909532637,0.5975742709046736,7,2020-09-27 21:00:00,209.80208333333334,0.2,1.2,3.2,10.8,1.0218686593,0.0,0.6666666666666666,3.3333333333333335,0.2,0.7,0.11118853080000002,0.11111110082304622,0.3808727634334787,2.013333333333333,0.37666455277803035,0.0,0.0,3.4,1.2,2.4,15.6,8.8,3.2,1.0,1.7227923471999997,1.1922694052,835.8,339.8,758.0,261.0,165.2,229.0,227.6,63.8,1606.0,642.2,269.6,359.4,2.2,2.0,0.0,0.4,0.6630501477130382,0.3369498522869617,132,2021-04-22 22:00:00,2.7604166666666665,2.4,3.4,1.2,15.6,1.7227923471999997,2.0,2.3333333333333335,1.3333333333333333,-0.20000000000000018,0.7999999999999998,-0.3823090276000001,0.20512819197896207,0.7109561069148043,1.8355555555555554,0.714349256865782,0.8,0.8,-2.2,2.0,-2.1999999999999997,-4.799999999999999,6.0,-2.0,1.7999999999999998,-0.7009236878999998,0.6568599594,-380.19999999999993,400.8,-378.6,401.79999999999995,16.0,-90.80000000000001,-152.0,106.39999999999999,-774.4,734.0,15.599999999999966,-128.39999999999998,0.0,0.6000000000000001,0.2,-0.4,-0.2606244186177118,0.2606244186177119,3,False,,,
3773586,11,90,2021-04-29,2021-04-29 19:00:00,217,Barcelona,1049,Granada,1,2,Regular Season,Spotify Camp Nou,Pablo González Fuertes,A,-1,2020/2021,3.0,1.2,2.4,16.2,9.2,2.8,1.0,2.195845086,1.0463723437999999,773.8,352.8,695.0,272.4,175.2,199.0,192.2,68.0,1492.8,669.2,281.2,325.4,2.8,2.0,0.0,0.6,0.646542813843845,0.35345718615615496,133,2021-04-25 16:15:00,4.114583333333333,2.4,3.0,1.2,16.2,2.195845086,2.0,2.6666666666666665,1.6666666666666667,-0.20000000000000018,0.6000000000000001,0.4377575819999999,0.17283949550373484,0.6868453748563417,1.9466666666666665,0.6904717850645367,0.8,0.8,0.6666666666666666,1.6666666666666667,1.0,7.333333333333333,13.333333333333334,0.6666666666666666,1.6666666666666667,0.8395974257666667,1.1895033179999999,270.0,849.6666666666666,191.0,772.6666666666666,216.0,112.33333333333333,42.666666666666664,185.33333333333334,642.3333333333334,1836.6666666666667,337.6666666666667,215.0,2.6666666666666665,1.6666666666666667,0.6666666666666666,0.0,0.30471675003751403,0.695283249962486,3,2021-01-09 18:30:00,110.02083333333333,1.0,0.6666666666666666,1.6666666666666667,7.333333333333333,0.8395974257666667,1.0,0.6666666666666666,1.6666666666666667,,,,0.09090907851239838,0.24114319716480215,2.4,0.2591098560202596,0.5,0.0,2.3333333333333335,-0.4666666666666668,1.4,8.866666666666667,-4.133333333333335,2.1333333333333333,-0.6666666666666667,1.356247660233333,-0.14313097419999998,503.79999999999995,-496.8666666666666,504.0,-500.26666666666665,-40.80000000000001,86.66666666666667,149.53333333333333,-117.33333333333334,850.4666666666666,-1167.4666666666667,-56.4666666666667,110.39999999999998,0.1333333333333333,0.33333333333333326,-0.6666666666666666,0.6,0.341826063806331,-0.34182606380633107,3,False,,,
3773695,11,90,2021-05-02,2021-05-02 21:00:00,207,Valencia,217,Barcelona,2,3,Regular Season,Estadio de Mestalla,José María Sánchez Martínez,A,-1,2020/2021,1.6,1.4,1.2,11.8,16.0,1.6,1.4,1.79148953952,1.5556211465,361.6,840.2,282.2,754.8,201.0,123.0,58.8,290.4,635.0,1397.2,326.0,228.4,1.4,2.8,0.0,0.0,0.3425393607268002,0.6574606392731999,6,2020-12-19 16:15:00,134.19791666666666,1.2,1.6,1.4,11.8,1.79148953952,1.6666666666666667,2.0,1.3333333333333333,0.19999999999999996,0.6000000000000001,0.69119119452,0.13559320884803316,0.30088201006749704,2.2333333333333334,0.312469244999277,0.25,0.0,2.0,1.4,1.8,16.6,8.2,1.8,1.2,1.89866644,1.0173887638,799.0,324.6,717.4,243.6,162.8,209.0,223.4,64.2,1650.0,689.6,265.0,339.0,2.4,2.2,0.0,0.6,0.6635626338870132,0.3364373661129867,134,2021-04-29 19:00:00,3.0833333333333335,1.8,2.0,1.4,16.6,1.89866644,2.0,2.6666666666666665,1.6666666666666667,-1.2,-1.4,0.02588153960000006,0.1084337284076067,0.7111071549384949,1.808888888888889,0.7052487601704357,0.8,0.8,-0.3999999999999999,0.0,-0.6000000000000001,-4.800000000000001,7.800000000000001,-0.19999999999999996,0.19999999999999996,-0.10717690048000006,0.5382323827,-437.4,515.6,-435.2,511.19999999999993,38.19999999999999,-86.0,-164.60000000000002,226.2,-1015.0,707.6,61.0,-110.6,-1.0,0.5999999999999996,0.0,-0.6,-0.321023273160213,0.3210232731602132,3,False,,,
3773372,11,90,2021-05-08,2021-05-08 16:15:00,217,Barcelona,212,Atlético Madrid,0,0,Regular Season,Spotify Camp Nou,Antonio Miguel Mateu Lahoz,D,0,2020/2021,2.4,1.8,1.8,14.4,8.6,2.2,1.6,2.1511875748000002,1.2067687892,812.0,331.6,730.8,252.8,139.8,196.8,200.6,62.0,1605.8,703.6,236.6,320.4,2.0,2.0,0.0,0.4,0.6613724368748816,0.33862756312511844,135,2021-05-02 21:00:00,5.802083333333333,1.8,2.4,1.8,14.4,2.1511875748000002,2.0,2.0,1.6666666666666667,-1.2,-0.6000000000000001,0.4540106234000003,0.15277776716821062,0.7100384743703756,1.5533333333333335,0.6953321205961149,0.8,0.8,0.8,1.2,1.0,9.6,13.0,0.8,1.0,0.8860338539999999,1.1168344274000002,409.2,738.2,325.6,660.6,208.2,158.6,96.0,192.8,827.6,1431.2,331.8,272.6,4.4,2.6,0.2,0.0,0.3852286350977158,0.6147713649022842,7,2020-11-21 21:00:00,167.80208333333334,1.0,0.8,1.2,9.6,0.8860338539999999,1.3333333333333333,1.0,1.0,0.5,0.30000000000000004,0.5896647263499999,0.08333332465277869,0.35663238595378033,2.313333333333333,0.36638923305897414,0.0,0.0,1.5999999999999999,0.6000000000000001,0.8,4.800000000000001,-4.4,1.4000000000000001,0.6000000000000001,1.2651537208000003,0.08993436179999992,402.8,-406.6,405.19999999999993,-407.8,-68.39999999999998,38.20000000000002,104.6,-130.8,778.1999999999999,-727.6,-95.20000000000002,47.799999999999955,-2.4000000000000004,-0.6000000000000001,-0.2,0.4,0.27614380177716574,-0.2761438017771658,3,False,,,
3773387,11,90,2021-05-11,2021-05-11 22:00:00,221,Levante UD,217,Barcelona,3,3,Regular Season,Estadio Ciudad de Valencia,José Luis Munuera Montero,D,0,2020/2021,0.8,2.0,0.6,10.2,19.2,0.8,2.0,0.9803433690000001,2.37000184644,400.2,679.6,316.8,601.4,170.6,134.8,71.0,171.2,791.0,1258.4,286.4,235.4,1.4,3.4,0.2,0.0,0.3957720092394058,0.6042279907605941,6,2020-12-13 21:00:00,149.04166666666666,0.6,0.8,2.0,10.2,0.9803433690000001,1.0,1.3333333333333333,1.3333333333333333,0.6,0.8,0.2964389230000002,0.07843136485967013,0.3706241893215186,1.8955555555555554,0.3859666241895352,0.3333333333333333,0.0,2.2,1.4,2.0,13.2,7.8,2.0,1.2,2.0252718324000005,1.053531749,789.2,349.6,711.8,272.8,146.4,188.4,180.0,60.0,1619.4,758.6,240.4,304.0,1.8,2.2,0.0,0.2,0.6493797918691607,0.3506202081308393,136,2021-05-08 16:15:00,3.2395833333333335,2.0,2.2,1.4,13.2,2.0252718324000005,1.3333333333333333,1.3333333333333333,1.3333333333333333,-0.3999999999999999,-0.5999999999999996,0.4150699154000006,0.15151514003673183,0.6930101855523267,1.6266666666666667,0.6809924303275895,0.8,0.8,-1.4000000000000001,0.6000000000000001,-1.4,-3.0,11.399999999999999,-1.2,0.8,-1.0449284634000005,1.31647009744,-389.00000000000006,330.0,-394.99999999999994,328.59999999999997,24.19999999999999,-53.599999999999994,-109.0,111.19999999999999,-828.4000000000001,499.80000000000007,45.99999999999997,-68.6,-0.40000000000000013,1.1999999999999997,0.2,-0.2,-0.2536077826297549,0.2536077826297548,3,False,,,
3773457,11,90,2021-05-16,2021-05-16 18:30:00,217,Barcelona,209,Celta Vigo,1,2,Regular Season,Spotify Camp Nou,,A,-1,2020/2021,1.8,1.6,1.6,14.8,10.0,1.8,1.6,2.2640638359999996,0.9564453220000001,726.0,387.6,650.2,311.6,160.6,169.2,186.2,68.4,1407.6,787.2,255.4,283.2,1.8,2.6,0.0,0.2,0.6187090337099066,0.38129096629009346,137,2021-05-11 22:00:00,4.854166666666667,1.6,1.8,1.6,14.8,2.2640638359999996,1.6666666666666667,2.0,1.6666666666666667,-0.7999999999999998,-1.5999999999999999,0.5412714887999999,0.12162161340394505,0.6519396545869794,1.7844444444444443,0.6413340620369354,0.6,0.8,1.0,2.6,0.4,11.0,11.4,1.0,2.4,1.32671838262,1.4758200136,455.6,622.2,368.4,534.2,168.8,155.4,101.0,136.8,764.4,1106.4,281.8,257.4,2.6,2.4,0.0,0.4,0.4408441516076448,0.5591558483923552,6,2020-10-01 21:30:00,226.875,0.4,1.0,2.6,11.0,1.32671838262,0.3333333333333333,1.0,3.0,-0.6,-1.0,-0.34628462937999993,0.09090908264462885,0.4227129333617433,1.8755555555555556,0.40859525314913653,0.0,0.0,0.8,-1.0,1.2000000000000002,3.8000000000000007,-1.4000000000000004,0.8,-0.7999999999999998,0.9373454533799996,-0.5193746915999998,270.4,-234.60000000000002,281.80000000000007,-222.60000000000002,-8.200000000000017,13.799999999999983,85.19999999999999,-68.4,643.1999999999999,-319.20000000000005,-26.400000000000006,25.80000000000001,-0.8,0.20000000000000018,0.0,-0.2,0.1778648821022618,-0.17786488210226176,3,False,,,
