match_id,match_order,snapshot_minute,actual_outcome,actual_margin,p_H,p_D,p_A,pred_margin,frozen_p_H,frozen_p_D,frozen_p_A,frozen_margin
3773593,1,5,H,4.0,0.878296076227764,0.11240169007494381,0.009302233697292205,1.361927189866801,0.7935912144282407,0.18576451616296624,0.02064426940879305,1.3768378370948555
3773593,1,10,H,4.0,0.8762439691308518,0.11481652849714971,0.008939502371998594,1.36885310259217,0.7935912144282407,0.18576451616296624,0.02064426940879305,1.3768378370948555
3773593,1,15,H,4.0,0.9473798450155803,0.051434016279229056,0.0011861387051907018,1.4487628731127704,0.7935912144282407,0.18576451616296624,0.02064426940879305,1.3768378370948555
3773593,1,20,H,4.0,0.9778535827947803,0.02199616937723644,0.00015024782798335164,1.7206410421006857,0.7935912144282407,0.18576451616296624,0.02064426940879305,1.3768378370948555
3773593,1,25,H,4.0,0.977345689935063,0.02250965802191976,0.00014465204301720923,1.7744044228557008,0.7935912144282407,0.18576451616296624,0.02064426940879305,1.3768378370948555
3773593,1,30,H,4.0,0.9768258902873126,0.023034846782023433,0.00013926293066391716,1.8266793246111344,0.7935912144282407,0.18576451616296624,0.02064426940879305,1.3768378370948555
3773593,1,35,H,4.0,0.9903069175339225,0.009675755951205806,1.7326514871781945e-05,2.353490517217039,0.7935912144282407,0.18576451616296624,0.02064426940879305,1.3768378370948555
3773593,1,40,H,4.0,0.9900788190403971,0.009904494923793826,1.6686035809151887e-05,2.440390871610085,0.7935912144282407,0.18576451616296624,0.02064426940879305,1.3768378370948555
3773593,1,45,H,4.0,0.9958702012766206,0.004127738998695504,2.0597246838053215e-06,3.0218923880934327,0.7935912144282407,0.18576451616296624,0.02064426940879305,1.3768378370948555
3773593,1,50,H,4.0,0.9957721383677824,0.0042258777841655114,1.9838480520355464e-06,3.123632527947376,0.7935912144282407,0.18576451616296624,0.02064426940879305,1.3768378370948555
3773593,1,55,H,4.0,0.9956717495245474,0.004326339713352961,1.910762099662207e-06,3.214799769437879,0.7935912144282407,0.18576451616296624,0.02064426940879305,1.3768378370948555
3773593,1,60,H,4.0,0.9955689803434108,0.004429179292337764,1.8403642513566343e-06,3.293887068800616,0.7935912144282407,0.18576451616296624,0.02064426940879305,1.3768378370948555
3773593,1,65,H,4.0,0.995463775161719,0.004534452282579682,1.772555701211617e-06,3.3594768247961,0.7935912144282407,0.18576451616296624,0.02064426940879305,1.3768378370948555
3773593,1,70,H,4.0,0.9953560770300238,0.004642215728701988,1.7072412742371203e-06,3.4102816580504087,0.7935912144282407,0.18576451616296624,0.02064426940879305,1.3768378370948555
3773593,1,75,H,4.0,0.9952458276838718,0.004752527986835193,1.6443292929449773e-06,3.445183620605675,0.7935912144282407,0.18576451616296624,0.02064426940879305,1.3768378370948555
3773593,1,80,H,4.0,0.9951329675150219,0.004865448753529204,1.583731448835484e-06,3.4632702376059057,0.7935912144282407,0.18576451616296624,0.02064426940879305,1.3768378370948555
3773593,1,85,H,4.0,0.9950174355420787,0.00498103909524268,1.5253626786058814e-06,3.4638658636504474,0.7935912144282407,0.18576451616296624,0.02064426940879305,1.3768378370948555
3773593,1,90,H,4.0,0.9948991693805371,0.0050993614784178454,1.4691410449072005e-06,3.4465569955873767,0.7935912144282407,0.18576451616296624,0.02064426940879305,1.3768378370948555
3773466,2,5,A,-3.0,0.04603079386009549,0.5077611378699021,0.44620806827000237,-0.014441645826949678,0.059689363069882796,0.36211554580897126,0.5781950911211459,-1.2338332634802534
3773466,2,10,A,-3.0,0.04623589296732056,0.5221329682052607,0.4316311388274188,0.053733514258505144,0.059689363069882796,0.36211554580897126,0.5781950911211459,-1.2338332634802534
3773466,2,15,A,-3.0,0.010099265066063767,0.28635637225083205,0.7035443626831042,-0.4852445341603645,0.059689363069882796,0.36211554580897126,0.5781950911211459,-1.2338332634802534
3773466,2,20,A,-3.0,0.010297005854382826,0.29889518118315656,0.6908078129624605,-0.4282668540005639,0.059689363069882796,0.36211554580897126,0.5781950911211459,-1.2338332634802534
3773466,2,25,A,-3.0,0.010490399241380573,0.31173878844340025,0.6777708123152192,-0.3697546225317963,0.059689363069882796,0.36211554580897126,0.5781950911211459,-1.2338332634802534
3773466,2,30,A,-3.0,0.010678865085344198,0.32487388269555895,0.6644472522190968,-0.31081556629667617,0.059689363069882796,0.36211554580897126,0.5781950911211459,-1.2338332634802534
3773466,2,35,A,-3.0,0.010861823751750922,0.3382854535720463,0.6508527226762029,-0.2525976605777923,0.059689363069882796,0.36211554580897126,0.5781950911211459,-1.2338332634802534
3773466,2,40,A,-3.0,0.011038700366154272,0.3519568236449295,0.6370044759889163,-0.19625423641187262,0.059689363069882796,0.36211554580897126,0.5781950911211459,-1.2338332634802534
3773466,2,45,A,-3.0,0.10013366421288739,0.619856550137156,0.28000978564995654,-0.11257823113989723,0.059689363069882796,0.36211554580897126,0.5781950911211459,-1.2338332634802534
3773466,2,50,A,-3.0,0.0996981691978472,0.6318138503706204,0.26848798043153244,-0.09609918254762734,0.059689363069882796,0.36211554580897126,0.5781950911211459,-1.2338332634802534
3773466,2,55,A,-3.0,0.027021514830332303,0.429958823144632,0.5430196620250357,-0.2999714197458864,0.059689363069882796,0.36211554580897126,0.5781950911211459,-1.2338332634802534
3773466,2,60,A,-3.0,0.027290635446797874,0.44455110522778785,0.5281582593254144,-0.29007256320526886,0.059689363069882796,0.36211554580897126,0.5781950911211459,-1.2338332634802534
3773466,2,65,A,-3.0,0.02753752447318068,0.459223194211461,0.5132392813153582,-0.28250977347787065,0.059689363069882796,0.36211554580897126,0.5781950911211459,-1.2338332634802534
3773466,2,70,A,-3.0,0.02776144256704064,0.4739492291621657,0.4982893282707936,-0.2773979994033151,0.059689363069882796,0.36211554580897126,0.5781950911211459,-1.2338332634802534
3773466,2,75,A,-3.0,0.027961749763702342,0.48870300464610794,0.4833352455901897,-0.27479261169577585,0.059689363069882796,0.36211554580897126,0.5781950911211459,-1.2338332634802534
3773466,2,80,A,-3.0,0.028137910618717756,0.5034581583673504,0.46840393101393185,-0.27468876578162965,0.059689363069882796,0.36211554580897126,0.5781950911211459,-1.2338332634802534
3773466,2,85,A,-3.0,0.02828949821395574,0.5181883609145582,0.453522140871486,-0.2770228718242572,0.059689363069882796,0.36211554580897126,0.5781950911211459,-1.2338332634802534
3773466,2,90,A,-3.0,0.028416196965931947,0.532867504716785,0.43871629831728304,-0.28167606553864555,0.059689363069882796,0.36211554580897126,0.5781950911211459,-1.2338332634802534
3773672,3,5,D,0.0,0.6876965203732673,0.27394499602493705,0.03835848360179557,2.0987728552958878,0.7137738882231363,0.24887936341021305,0.03734674836665074,2.0157693734926156
3773672,3,10,D,0.0,0.6841005376048698,0.2791135422761569,0.036785920118973234,2.0933149197632233,0.7137738882231363,0.24887936341021305,0.03734674836665074,2.0157693734926156
3773672,3,15,D,0.0,0.6804003497407886,0.2843282007016001,0.0352714495576114,2.0754691675306316,0.7137738882231363,0.24887936341021305,0.03734674836665074,2.0157693734926156
3773672,3,20,D,0.0,0.6765985303990453,0.2895882193504428,0.03381325025051189,2.045995958443301,0.7137738882231363,0.24887936341021305,0.03734674836665074,2.0157693734926156
3773672,3,25,D,0.0,0.672697650512189,0.29489280942379464,0.032409540064016355,2.0058455085850473,0.7137738882231363,0.24887936341021305,0.03734674836665074,2.0157693734926156
3773672,3,30,D,0.0,0.6687002782158887,0.3002411451152465,0.03105857666886478,1.956122358997309,0.7137738882231363,0.24887936341021305,0.03734674836665074,2.0157693734926156
3773672,3,35,D,0.0,0.66460897877159,0.3056323635196188,0.029758657708791117,1.8980453255608194,0.7137738882231363,0.24887936341021305,0.03734674836665074,2.0157693734926156
3773672,3,40,D,0.0,0.6604263145136657,0.31106556461176954,0.02850812087456466,1.83290475557502,0.7137738882231363,0.24887936341021305,0.03734674836665074,2.0157693734926156
3773672,3,45,D,0.0,0.6561548448120178,0.316539811297134,0.02730534389084821,1.762019027397276,0.7137738882231363,0.24887936341021305,0.03734674836665074,2.0157693734926156
3773672,3,50,D,0.0,0.6517971260416239,0.3220541295354722,0.026148744422903956,1.6866922331211476,0.7137738882231363,0.24887936341021305,0.03734674836665074,2.0157693734926156
3773672,3,55,D,0.0,0.6473557115510663,0.327607508539096,0.0250367799098377,1.6081748808629466,0.7137738882231363,0.24887936341021305,0.03734674836665074,2.0157693734926156
3773672,3,60,D,0.0,0.6428331516226339,0.33319890104663236,0.023967947330733708,1.5276292499698436,0.7137738882231363,0.24887936341021305,0.03734674836665074,2.0157693734926156
3773672,3,65,D,0.0,0.6382319934171402,0.3388272236731604,0.022940782909699496,1.4461007430618578,0.7137738882231363,0.24887936341021305,0.03734674836665074,2.0157693734926156
3773672,3,70,D,0.0,0.6335547808971583,0.3444913573373317,0.021953861765510035,1.36449622244437,0.7137738882231363,0.24887936341021305,0.03734674836665074,2.0157693734926156
3773672,3,75,D,0.0,0.6288040547229304,0.35019014776584917,0.02100579751122036,1.2835699183387415,0.7137738882231363,0.24887936341021305,0.03734674836665074,2.0157693734926156
3773672,3,80,D,0.0,0.6239823521157597,0.35592240607543946,0.02009524180880091,1.2039170781838378,0.7137738882231363,0.24887936341021305,0.03734674836665074,2.0157693734926156
3773672,3,85,D,0.0,0.6190922066842458,0.3616869094322088,0.019220883883545422,1.1259751160831986,0.7137738882231363,0.24887936341021305,0.03734674836665074,2.0157693734926156
3773672,3,90,D,0.0,0.6141361482092687,0.36748240178802616,0.018381450002705323,1.0500316440659434,0.7137738882231363,0.24887936341021305,0.03734674836665074,2.0157693734926156
3773587,4,5,H,1.0,0.15797186384026232,0.15046516276223706,0.6915629733975005,-1.3255764041690732,0.10912006601781019,0.19891120898721346,0.6919687249949764,-1.070213639937063
3773587,4,10,H,1.0,0.1601332107079519,0.1579219870845604,0.6819448022074877,-1.265697479460906,0.10912006601781019,0.19891120898721346,0.6919687249949764,-1.070213639937063
3773587,4,15,H,1.0,0.16223767421902907,0.16566008192919265,0.6721022438517782,-1.194273826949924,0.10912006601781019,0.19891120898721346,0.6919687249949764,-1.070213639937063
3773587,4,20,H,1.0,0.16427962506934599,0.17368200919213966,0.6620383657385144,-1.1122689742035163,0.10912006601781019,0.19891120898721346,0.6919687249949764,-1.070213639937063
3773587,4,25,H,1.0,0.16625336835727897,0.18198959394915656,0.6517570376935645,-1.020928082463572,0.10912006601781019,0.19891120898721346,0.6919687249949764,-1.070213639937063
3773587,4,30,H,1.0,0.16815317024399667,0.19058386674345967,0.6412629630125436,-0.921748104078294,0.10912006601781019,0.19891120898721346,0.6919687249949764,-1.070213639937063
3773587,4,35,H,1.0,0.16997328688574936,0.1994650079690186,0.630561705145232,-0.8164383278603677,0.10912006601781019,0.19891120898721346,0.6919687249949764,-1.070213639937063
3773587,4,40,H,1.0,0.17170799550026378,0.20863229517105328,0.6196597093286829,-0.7068727232613549,0.10912006601781019,0.19891120898721346,0.6919687249949764,-1.070213639937063
3773587,4,45,H,1.0,0.17335162738299906,0.21808405412012818,0.6085643184968729,-0.595035900034536,0.10912006601781019,0.19891120898721346,0.6919687249949764,-1.070213639937063
3773587,4,50,H,1.0,0.17489860264140086,0.22781761453753077,0.5972837828210684,-0.48296481852387474,0.10912006601781019,0.19891120898721346,0.6919687249949764,-1.070213639937063
3773587,4,55,H,1.0,0.17634346636744463,0.2378292713553323,0.5858272622772231,-0.37268859760024436,0.10912006601781019,0.19891120898721346,0.6919687249949764,-1.070213639937063
3773587,4,60,H,1.0,0.5516503507688898,0.26477501623485417,0.18357463299625593,0.4927405978055477,0.10912006601781019,0.19891120898721346,0.6919687249949764,-1.070213639937063
3773587,4,65,H,1.0,0.5492476069422935,0.2729519803221828,0.17780041273552372,0.6031857463708183,0.10912006601781019,0.19891120898721346,0.6919687249949764,-1.070213639937063
3773587,4,70,H,1.0,0.5466122956962219,0.2812564198641442,0.17213128443963394,0.7044622183526184,0.10912006601781019,0.19891120898721346,0.6919687249949764,-1.070213639937063
3773587,4,75,H,1.0,0.5437470838309855,0.2896843010164669,0.1665686151525475,0.7949665523349441,0.10912006601781019,0.19891120898721346,0.6919687249949764,-1.070213639937063
3773587,4,80,H,1.0,0.540655041221126,0.298231317732798,0.1611136410460761,0.8733541059772902,0.10912006601781019,0.19891120898721346,0.6919687249949764,-1.070213639937063
3773587,4,85,H,1.0,0.5373396359674493,0.30689289842223366,0.15576746561031699,0.9385705895629719,0.10912006601781019,0.19891120898721346,0.6919687249949764,-1.070213639937063
3773587,4,90,H,1.0,0.5338047279840943,0.3156642138368784,0.15053105817902734,0.9898732846635292,0.10912006601781019,0.19891120898721346,0.6919687249949764,-1.070213639937063
3773585,5,5,A,-2.0,0.0161156360049069,0.7119008072849445,0.27198355671014846,-0.7080418789028032,0.22320285177496307,0.6688046555650449,0.1079924926599919,0.7764111831676657
3773585,5,10,A,-2.0,0.055185306010787714,0.8535437263216468,0.09127096766756544,-0.1158881887769713,0.22320285177496307,0.6688046555650449,0.1079924926599919,0.7764111831676657
3773585,5,15,A,-2.0,0.053593880401263734,0.8599623149005197,0.08644380469821658,-0.13643241521986424,0.22320285177496307,0.6688046555650449,0.1079924926599919,0.7764111831676657
3773585,5,20,A,-2.0,0.05203016557755987,0.8661264934744988,0.08184334094794146,-0.15775480419509083,0.22320285177496307,0.6688046555650449,0.1079924926599919,0.7764111831676657
3773585,5,25,A,-2.0,0.05049517763642514,0.8720430344692899,0.077461787894285,-0.17947057136071876,0.22320285177496307,0.6688046555650449,0.1079924926599919,0.7764111831676657
3773585,5,30,A,-2.0,0.04898978470943351,0.8777188833821756,0.07329133190839081,-0.2011969786136389,0.22320285177496307,0.6688046555650449,0.1079924926599919,0.7764111831676657
3773585,5,35,A,-2.0,0.04751471511715856,0.8831611140590269,0.06932417082381453,-0.222564728594685,0.22320285177496307,0.6688046555650449,0.1079924926599919,0.7764111831676657
3773585,5,40,A,-2.0,0.04607056563695766,0.8883768875632247,0.06555254679981762,-0.24322873778984827,0.22320285177496307,0.6688046555650449,0.1079924926599919,0.7764111831676657
3773585,5,45,A,-2.0,0.044657809798112784,0.8933734145922377,0.061968775609649474,-0.2628778433083572,0.22320285177496307,0.6688046555650449,0.1079924926599919,0.7764111831676657
3773585,5,50,A,-2.0,0.04327680612888537,0.8981579213620193,0.058565272509095385,-0.2812430500771157,0.22320285177496307,0.6688046555650449,0.1079924926599919,0.7764111831676657
3773585,5,55,A,-2.0,0.041927806290396344,0.9027376188501379,0.05533457485946584,-0.29810399763061524,0.22320285177496307,0.6688046555650449,0.1079924926599919,0.7764111831676657
3773585,5,60,A,-2.0,0.04061096304202668,0.9071196752651423,0.05226936169283104,-0.3132934147224677,0.22320285177496307,0.6688046555650449,0.1079924926599919,0.7764111831676657
3773585,5,65,A,-2.0,0.012172398800602566,0.8357780923617089,0.15204950883768856,-0.9478474667770878,0.22320285177496307,0.6688046555650449,0.1079924926599919,0.7764111831676657
3773585,5,70,A,-2.0,0.01184634113691507,0.8438416226206822,0.1443120362424029,-0.952420978297045,0.22320285177496307,0.6688046555650449,0.1079924926599919,0.7764111831676657
3773585,5,75,A,-2.0,0.011523483036324396,0.85157396067272,0.13690255629095555,-0.9542138619721023,0.22320285177496307,0.6688046555650449,0.1079924926599919,0.7764111831676657
3773585,5,80,A,-2.0,0.011204269183500737,0.8589819509440744,0.1298137798724249,-0.9532724142194506,0.22320285177496307,0.6688046555650449,0.1079924926599919,0.7764111831676657
3773585,5,85,A,-2.0,0.010889103007742812,0.866073017267317,0.12303787972494015,-0.9496746414390642,0.22320285177496307,0.6688046555650449,0.1079924926599919,0.7764111831676657
3773585,5,90,A,-2.0,0.002815727949139135,0.6884091053410549,0.3087751667098059,-1.1442705681724248,0.22320285177496307,0.6688046555650449,0.1079924926599919,0.7764111831676657
3773386,6,5,D,0.0,0.021632546528332384,0.394788061238481,0.5835793922331866,-2.1137686439168477,0.05381058215687619,0.3278555330798386,0.6183338847632851,-1.9141198526363086
3773386,6,10,D,0.0,0.021576785460060116,0.4090748964547172,0.5693483180852228,-2.07337026539557,0.05381058215687619,0.3278555330798386,0.6183338847632851,-1.9141198526363086
3773386,6,15,D,0.0,0.02150258556185698,0.4235127522559768,0.5549846621821662,-2.017378427971888,0.05381058215687619,0.3278555330798386,0.6183338847632851,-1.9141198526363086
3773386,6,20,D,0.0,0.021409967195488308,0.4380780877300079,0.5405119450745038,-1.9465844232984364,0.05381058215687619,0.3278555330798386,0.6183338847632851,-1.9141198526363086
3773386,6,25,D,0.0,0.02129903143317001,0.4527465033466898,0.5259544652201401,-1.8621433385102861,0.05381058215687619,0.3278555330798386,0.6183338847632851,-1.9141198526363086
3773386,6,30,D,0.0,0.021169960499073427,0.46749290013357264,0.5113371393673539,-1.7655449039494364,0.05381058215687619,0.3278555330798386,0.6183338847632851,-1.9141198526363086
3773386,6,35,D,0.0,0.08998709922999375,0.6968339614114542,0.21317893935855223,-1.084484495712315,0.05381058215687619,0.3278555330798386,0.6183338847632851,-1.9141198526363086
3773386,6,40,D,0.0,0.08801362249701013,0.7080414356025861,0.20394494190040366,-0.9706154262452112,0.05381058215687619,0.3278555330798386,0.6183338847632851,-1.9141198526363086
3773386,6,45,D,0.0,0.08602978486930722,0.7189808715869807,0.19498934354371208,-0.8511281985229613,0.05381058215687619,0.3278555330798386,0.6183338847632851,-1.9141198526363086
3773386,6,50,D,0.0,0.08403965194485863,0.729646436731693,0.18631391132344832,-0.7281528085035945,0.05381058215687619,0.3278555330798386,0.6183338847632851,-1.9141198526363086
3773386,6,55,D,0.0,0.0820471294275626,0.7400334207620475,0.17791944981038987,-0.6038923765705413,0.05381058215687619,0.3278555330798386,0.6183338847632851,-1.9141198526363086
3773386,6,60,D,0.0,0.08005595032337148,0.7501381985652049,0.16980585111142354,-0.4805589218415451,0.05381058215687619,0.3278555330798386,0.6183338847632851,-1.9141198526363086
3773386,6,65,D,0.0,0.003852342985581368,0.4379443339299103,0.5582033230845084,-1.7366532646385555,0.05381058215687619,0.3278555330798386,0.6183338847632851,-1.9141198526363086
3773386,6,70,D,0.0,0.0038338772080616424,0.45278484865843527,0.5433812741335031,-1.687679014404098,0.05381058215687619,0.3278555330798386,0.6183338847632851,-1.9141198526363086
3773386,6,75,D,0.0,0.003812082193814381,0.4677089324649123,0.5284789853412734,-1.634834275106777,0.05381058215687619,0.3278555330798386,0.6183338847632851,-1.9141198526363086
3773386,6,80,D,0.0,0.0037870000229357904,0.4826901511356046,0.5135228488414596,-1.5789106363303786,0.05381058215687619,0.3278555330798386,0.6183338847632851,-1.9141198526363086
3773386,6,85,D,0.0,0.0037586876865006026,0.49770166371628316,0.49853964859721617,-1.520701394783786,0.05381058215687619,0.3278555330798386,0.6183338847632851,-1.9141198526363086
3773386,6,90,D,0.0,0.003727216742226899,0.5127164140002366,0.4835563692575364,-1.4609837691791685,0.05381058215687619,0.3278555330798386,0.6183338847632851,-1.9141198526363086
3773477,7,5,H,3.0,0.4757031883843634,0.4162985374499881,0.10799827416564857,0.7625751310054295,0.5562103434523861,0.36942035165456083,0.0743693048930531,1.4040684489252775
3773477,7,10,H,3.0,0.46942482360010546,0.4266743603315483,0.10390081606834617,0.6974142156902062,0.5562103434523861,0.36942035165456083,0.0743693048930531,1.4040684489252775
3773477,7,15,H,3.0,0.46299924431399625,0.4370915875790173,0.09990916810698662,0.6267264405215197,0.5562103434523861,0.36942035165456083,0.0743693048930531,1.4040684489252775
3773477,7,20,H,3.0,0.45643539146297885,0.4475413308689044,0.09602327766811677,0.5519445413909091,0.5562103434523861,0.36942035165456083,0.0743693048930531,1.4040684489252775
3773477,7,25,H,3.0,0.7284488367202065,0.25692844889738586,0.014622714382407528,0.9296245337097934,0.5562103434523861,0.36942035165456083,0.0743693048930531,1.4040684489252775
3773477,7,30,H,3.0,0.721551518929219,0.264327383880039,0.014121097190742121,0.8710563851460972,0.5562103434523861,0.36942035165456083,0.0743693048930531,1.4040684489252775
3773477,7,35,H,3.0,0.7145083092815698,0.2718590328885325,0.013632657829897614,0.8131091413098631,0.5562103434523861,0.36942035165456083,0.0743693048930531,1.4040684489252775
3773477,7,40,H,3.0,0.7073214772079395,0.27952135995620525,0.013157162835855211,0.7570135589517323,0.5562103434523861,0.36942035165456083,0.0743693048930531,1.4040684489252775
3773477,7,45,H,3.0,0.6999935506934467,0.2873120663168536,0.012694382989699802,0.7038429907598868,0.5562103434523861,0.36942035165456083,0.0743693048930531,1.4040684489252775
3773477,7,50,H,3.0,0.692527319357614,0.2952285875656203,0.0122440930767656,0.6544805342047649,0.5562103434523861,0.36942035165456083,0.0743693048930531,1.4040684489252775
3773477,7,55,H,3.0,0.6849258365568774,0.3032680917963169,0.01180607164680561,0.6095945831799771,0.5562103434523861,0.36942035165456083,0.0743693048930531,1.4040684489252775
3773477,7,60,H,3.0,0.9032975624491937,0.0932905314501248,0.003411906100681443,0.8020083991024304,0.5562103434523861,0.36942035165456083,0.0743693048930531,1.4040684489252775
3773477,7,65,H,3.0,0.9638451765298107,0.0358074431275665,0.0003473803426227034,0.9748059908151091,0.5562103434523861,0.36942035165456083,0.0743693048930531,1.4040684489252775
3773477,7,70,H,3.0,0.9625220927327294,0.037139701646334615,0.0003382056209360278,0.9774434242352669,0.5562103434523861,0.36942035165456083,0.0743693048930531,1.4040684489252775
3773477,7,75,H,3.0,0.8934828415341105,0.10338986303671652,0.0031272954291729463,0.7999573633026656,0.5562103434523861,0.36942035165456083,0.0743693048930531,1.4040684489252775
3773477,7,80,H,3.0,0.8899978412951415,0.10696516563866479,0.0030369930661936825,0.7913428382912334,0.5562103434523861,0.36942035165456083,0.0743693048930531,1.4040684489252775
3773477,7,85,H,3.0,0.9582597964809978,0.041428192563353686,0.00031201095564849007,0.956920229282087,0.5562103434523861,0.36942035165456083,0.0743693048930531,1.4040684489252775
3773477,7,90,H,3.0,0.9846565315486959,0.015312876789413744,3.0591661890360994e-05,1.0587278956160207,0.5562103434523861,0.36942035165456083,0.0743693048930531,1.4040684489252775
3773656,8,5,H,1.0,0.1603599005575774,0.3074014229290522,0.5322386765133704,1.0676711999516986,0.26427835233778973,0.32649702781402984,0.4092246198481804,0.2545143822144513
3773656,8,10,H,1.0,0.16032594138546413,0.31991172760229264,0.5197623310122433,1.1099437078974446,0.26427835233778973,0.32649702781402984,0.4092246198481804,0.2545143822144513
3773656,8,15,H,1.0,0.16016360228086604,0.3326644998733559,0.5071718978457781,1.1463670027765676,0.26427835233778973,0.32649702781402984,0.4092246198481804,0.2545143822144513
3773656,8,20,H,1.0,0.15987136947645242,0.345644453490596,0.49448417703295144,1.1764497246643346,0.26427835233778973,0.32649702781402984,0.4092246198481804,0.2545143822144513
3773656,8,25,H,1.0,0.15944822223950875,0.35883504061179133,0.48171673714870006,1.1997596656273024,0.26427835233778973,0.32649702781402984,0.4092246198481804,0.2545143822144513
3773656,8,30,H,1.0,0.15889365309034373,0.3722185230141894,0.4688878238954669,1.2159340286972382,0.26427835233778973,0.32649702781402984,0.4092246198481804,0.2545143822144513
3773656,8,35,H,1.0,0.15820768352395229,0.3857760575329205,0.45601625894312736,1.224688857532946,0.26427835233778973,0.32649702781402984,0.4092246198481804,0.2545143822144513
3773656,8,40,H,1.0,0.15739087485451833,0.3994877950407082,0.44312133010477356,1.2258272946644007,0.26427835233778973,0.32649702781402984,0.4092246198481804,0.2545143822144513
3773656,8,45,H,1.0,0.15644433387943246,0.413332992001056,0.43022267411951154,1.2192463354635694,0.26427835233778973,0.32649702781402984,0.4092246198481804,0.2545143822144513
3773656,8,50,H,1.0,0.45230591656004265,0.4292941800871595,0.11839990335279779,1.4185588412800811,0.26427835233778973,0.32649702781402984,0.4092246198481804,0.2545143822144513
3773656,8,55,H,1.0,0.44570298353794063,0.44033635246891556,0.11396066399314382,1.403804951499445,0.26427835233778973,0.32649702781402984,0.4092246198481804,0.2545143822144513
3773656,8,60,H,1.0,0.43895639557042143,0.45141568766788387,0.10962791676169463,1.3820089406611005,0.26427835233778973,0.32649702781402984,0.4092246198481804,0.2545143822144513
3773656,8,65,H,1.0,0.43207618084076144,0.46252142969085597,0.10540238946838253,1.3534032939335279,0.26427835233778973,0.32649702781402984,0.4092246198481804,0.2545143822144513
3773656,8,70,H,1.0,0.42507259522100266,0.4736427649573692,0.10128463982162816,1.3182868692206715,0.26427835233778973,0.32649702781402984,0.4092246198481804,0.2545143822144513
3773656,8,75,H,1.0,0.41795608199049356,0.4847688638145017,0.09727505419500482,1.2770202259170302,0.26427835233778973,0.32649702781402984,0.4092246198481804,0.2545143822144513
3773656,8,80,H,1.0,0.4107372307386991,0.4958889219898655,0.09337384727143536,1.2300200778146033,0.26427835233778973,0.32649702781402984,0.4092246198481804,0.2545143822144513
3773656,8,85,H,1.0,0.403426735784353,0.506992201649164,0.08958106256648292,1.177752966674562,0.26427835233778973,0.32649702781402984,0.4092246198481804,0.2545143822144513
3773656,8,90,H,1.0,0.39603535444538956,0.5180680717316464,0.08589657382296408,1.1207282667869656,0.26427835233778973,0.32649702781402984,0.4092246198481804,0.2545143822144513
3773547,9,5,H,4.0,0.9934318084028829,0.004537855300720381,0.0020303362963965794,1.3801530640379736,0.8584414188403874,0.09908996904688792,0.042468612112724714,1.0663064079086908
3773547,9,10,H,4.0,0.9932996367529815,0.004717592022115037,0.0019827712249034343,1.3860242232572078,0.8584414188403874,0.09908996904688792,0.042468612112724714,1.0663064079086908
3773547,9,15,H,4.0,0.9931592881641796,0.0049044073428888115,0.0019363044929316064,1.3823884641791881,0.8584414188403874,0.09908996904688792,0.042468612112724714,1.0663064079086908
3773547,9,20,H,4.0,0.9930105122387155,0.005098577126283239,0.0018909106350011703,1.3695116988152223,0.8584414188403874,0.09908996904688792,0.042468612112724714,1.0663064079086908
3773547,9,25,H,4.0,0.9928530474742413,0.005300387756800757,0.0018465647689578344,1.3478128332785722,0.8584414188403874,0.09908996904688792,0.042468612112724714,1.0663064079086908
3773547,9,30,H,4.0,0.997889877712762,0.0019318136963995783,0.00017830859083832942,1.0578227377177605,0.8584414188403874,0.09908996904688792,0.042468612112724714,1.0663064079086908
3773547,9,35,H,4.0,0.99781740724497,0.002008450910463081,0.00017414184456694348,1.0186336882619864,0.8584414188403874,0.09908996904688792,0.042468612112724714,1.0663064079086908
3773547,9,40,H,4.0,0.9977418062210791,0.0020881218458930653,0.00017007193302777856,0.9753398941988441,0.8584414188403874,0.09908996904688792,0.042468612112724714,1.0663064079086908
3773547,9,45,H,4.0,0.9992253011556275,0.0007583349005997101,1.636394377276024e-05,0.7337713731284633,0.8584414188403874,0.09908996904688792,0.042468612112724714,1.0663064079086908
3773547,9,50,H,4.0,0.9991955650730616,0.0007884526935678384,1.598223337067655e-05,0.6963509240066191,0.8584414188403874,0.09908996904688792,0.042468612112724714,1.0663064079086908
3773547,9,55,H,4.0,0.9991646249451163,0.0008197656468444993,1.5609408039247517e-05,0.659334351454777,0.8584414188403874,0.09908996904688792,0.042468612112724714,1.0663064079086908
3773547,9,60,H,4.0,0.9997010708876503,0.0002974286343931892,1.5004779565320463e-06,0.5721140550952467,0.8584414188403874,0.09908996904688792,0.042468612112724714,1.0663064079086908
3773547,9,65,H,4.0,0.999689287720833,0.0003092467754831728,1.4655036836928324e-06,0.5527802339160462,0.8584414188403874,0.09908996904688792,0.042468612112724714,1.0663064079086908
3773547,9,70,H,4.0,0.9996770343043201,0.0003215343517358377,1.431343944099749e-06,0.5352556068900357,0.8584414188403874,0.09908996904688792,0.042468612112724714,1.0663064079086908
3773547,9,75,H,4.0,0.999883241416098,0.00011662103926614773,1.3754463576310562e-07,0.5805723347967854,0.8584414188403874,0.09908996904688792,0.042468612112724714,1.0663064079086908
3773547,9,80,H,4.0,0.9998786098894042,0.00012125577099310946,1.3433960272147115e-07,0.5750962347076055,0.8584414188403874,0.09908996904688792,0.042468612112724714,1.0663064079086908
3773547,9,85,H,4.0,0.9998737941186364,0.00012607467213517407,1.3120922843230717e-07,0.5697119397403202,0.8584414188403874,0.09908996904688792,0.042468612112724714,1.0663064079086908
3773547,9,90,H,4.0,0.9998687867891136,0.0001310850591130606,1.2815177340381774e-07,0.5640174840017943,0.8584414188403874,0.09908996904688792,0.042468612112724714,1.0663064079086908
3773660,10,5,H,1.0,0.9851441508471276,0.011330824117428457,0.0035250250354438334,2.68590421321328,0.896313236089257,0.08230498990566794,0.021381774005075183,1.7401641358832711
3773660,10,10,H,1.0,0.9847903553914985,0.011770468874564156,0.0034391757339374517,2.739514984376753,0.896313236089257,0.08230498990566794,0.021381774005075183,1.7401641358832711
3773660,10,15,H,1.0,0.9844177109547777,0.012226936497554197,0.00335535254766817,2.7795889050941422,0.896313236089257,0.08230498990566794,0.021381774005075183,1.7401641358832711
3773660,10,20,H,1.0,0.9840256390037024,0.0127008537061699,0.00327350729012769,2.805823150801514,0.896313236089257,0.08230498990566794,0.021381774005075183,1.7401641358832711
3773660,10,25,H,1.0,0.9836135378479817,0.013192869251113305,0.003193592900905063,2.818125056012085,0.896313236089257,0.08230498990566794,0.021381774005075183,1.7401641358832711
3773660,10,30,H,1.0,0.9831807819952906,0.013703654584387522,0.0031155634203218372,2.81660806196486,0.896313236089257,0.08230498990566794,0.021381774005075183,1.7401641358832711
3773660,10,35,H,1.0,0.9827267214937965,0.014233904541584677,0.0030393739646189673,2.801581995016063,0.896313236089257,0.08230498990566794,0.021381774005075183,1.7401641358832711
3773660,10,40,H,1.0,0.9822506812627793,0.014784338035534871,0.002964980701685909,2.7735382327756612,0.896313236089257,0.08230498990566794,0.021381774005075183,1.7401641358832711
3773660,10,45,H,1.0,0.9817519604120064,0.015355698760671143,0.0028923408273223605,2.733130518618637,0.896313236089257,0.08230498990566794,0.021381774005075183,1.7401641358832711
3773660,10,50,H,1.0,0.9812298315506088,0.015948755907367832,0.002821412542023297,2.681152344180943,0.896313236089257,0.08230498990566794,0.021381774005075183,1.7401641358832711
3773660,10,55,H,1.0,0.9806835400863161,0.016564304885405945,0.00275215502827797,2.618511925699469,0.896313236089257,0.08230498990566794,0.021381774005075183,1.7401641358832711
3773660,10,60,H,1.0,0.98011230351602,0.017203168055606257,0.002684528428373676,2.5462058489864363,0.896313236089257,0.08230498990566794,0.021381774005075183,1.7401641358832711
3773660,10,65,H,1.0,0.9795153107087552,0.017866195468549645,0.0026184938226952456,2.4652924486733183,0.896313236089257,0.08230498990566794,0.021381774005075183,1.7401641358832711
3773660,10,70,H,1.0,0.9788917211823146,0.01855426560917407,0.002554013208511246,2.3768659231037708,0.896313236089257,0.08230498990566794,0.021381774005075183,1.7401641358832711
3773660,10,75,H,1.0,0.9782406643748643,0.019268286145897578,0.0024910494792380793,2.282032073361602,0.896313236089257,0.08230498990566794,0.021381774005075183,1.7401641358832711
3773660,10,80,H,1.0,0.9926522074435571,0.007104535296600696,0.0002432572598421226,2.4613075154542203,0.896313236089257,0.08230498990566794,0.021381774005075183,1.7401641358832711
3773660,10,85,H,1.0,0.9923818093996067,0.007380837094416367,0.00023735350597680976,2.369043213820574,0.896313236089257,0.08230498990566794,0.021381774005075183,1.7401641358832711
3773660,10,90,H,1.0,0.9921006090449549,0.007667800460075902,0.00023159049496918778,2.272853767049573,0.896313236089257,0.08230498990566794,0.021381774005075183,1.7401641358832711
3773523,11,5,H,1.0,0.8917194648611497,0.0941689178950534,0.014111617243796852,1.865085010096978,0.7210509994505684,0.21892202007376776,0.060026980475663946,1.4164943902890885
3773523,11,10,H,1.0,0.8888088282069927,0.09747649429430405,0.013714677498703347,1.8795354303024192,0.7210509994505684,0.21892202007376776,0.060026980475663946,1.4164943902890885
3773523,11,15,H,1.0,0.8857864803967891,0.10088644018600111,0.013327079417209857,1.882049492473374,0.7210509994505684,0.21892202007376776,0.060026980475663946,1.4164943902890885
3773523,11,20,H,1.0,0.882650380776035,0.10440100329114227,0.012948615932822715,1.8728123746408136,0.7210509994505684,0.21892202007376776,0.060026980475663946,1.4164943902890885
3773523,11,25,H,1.0,0.8793984985467892,0.10802241636788197,0.012579085085328868,1.8522119125949152,0.7210509994505684,0.21892202007376776,0.060026980475663946,1.4164943902890885
3773523,11,30,H,1.0,0.6633306173438063,0.24232356162439206,0.09434582103180165,1.3314769468266405,0.7210509994505684,0.21892202007376776,0.060026980475663946,1.4164943902890885
3773523,11,35,H,1.0,0.8725393458595264,0.11559461568390984,0.011866038456563774,1.779383987164306,0.7210509994505684,0.21892202007376776,0.060026980475663946,1.4164943902890885
3773523,11,40,H,1.0,0.8689281144635189,0.11954974205402365,0.01152214348245753,1.728774869826577,0.7210509994505684,0.21892202007376776,0.060026980475663946,1.4164943902890885
3773523,11,45,H,1.0,0.9513279000238599,0.047465932064764696,0.0012061679113753063,2.3612433728752307,0.7210509994505684,0.21892202007376776,0.060026980475663946,1.4164943902890885
3773523,11,50,H,1.0,0.9496204849955794,0.049205546867861036,0.001173968136559424,2.300748328078327,0.7210509994505684,0.21892202007376776,0.060026980475663946,1.4164943902890885
3773523,11,55,H,1.0,0.9478519833098961,0.05100546605378062,0.0011425506363233506,2.233031087060254,0.7210509994505684,0.21892202007376776,0.060026980475663946,1.4164943902890885
3773523,11,60,H,1.0,0.9460205777032484,0.05286752617633885,0.0011118961204126308,2.1591786358791807,0.7210509994505684,0.21892202007376776,0.060026980475663946,1.4164943902890885
3773523,11,65,H,1.0,0.9441244132857808,0.05479360092240788,0.00108198579181144,2.0802484908033834,0.7210509994505684,0.21892202007376776,0.060026980475663946,1.4164943902890885
3773523,11,70,H,1.0,0.9421615982650472,0.05678560039962326,0.0010528013353296199,1.9972441830378682,0.7210509994505684,0.21892202007376776,0.060026980475663946,1.4164943902890885
3773523,11,75,H,1.0,0.9401302048135354,0.0588454702799933,0.0010243249064712944,1.9110957559486046,0.7210509994505684,0.21892202007376776,0.060026980475663946,1.4164943902890885
3773523,11,80,H,1.0,0.9380282700896878,0.060975190789735,0.0009965391205771657,1.8226457243020024,0.7210509994505684,0.21892202007376776,0.060026980475663946,1.4164943902890885
3773523,11,85,H,1.0,0.9358537974223606,0.0631767755354067,0.0009694270422326158,1.7326406197661428,0.7210509994505684,0.21892202007376776,0.060026980475663946,1.4164943902890885
3773523,11,90,H,1.0,0.9336047576688795,0.06545227015618678,0.0009429721749336836,1.6417279344905675,0.7210509994505684,0.21892202007376776,0.060026980475663946,1.4164943902890885
3773377,12,5,D,0.0,0.6670058847402646,0.3068301697990092,0.02616394546072633,1.0818676252251354,0.6176985243842219,0.32525437399927415,0.057047101616503976,1.2716440063249137
3773377,12,10,D,0.0,0.6597502973216144,0.31503534658418386,0.02521435609420163,1.047984630287486,0.6176985243842219,0.32525437399927415,0.057047101616503976,1.2716440063249137
3773377,12,15,D,0.0,0.6523565241621732,0.32335232923177226,0.024291146606054567,1.0043634816360898,0.6176985243842219,0.32525437399927415,0.057047101616503976,1.2716440063249137
3773377,12,20,D,0.0,0.6448287991618195,0.3317773267372967,0.023393874100883873,0.9518780772995781,0.6176985243842219,0.32525437399927415,0.057047101616503976,1.2716440063249137
3773377,12,25,D,0.0,0.6371716043486897,0.3403062971452576,0.022522098506052732,0.8916077672562162,0.6176985243842219,0.32525437399927415,0.057047101616503976,1.2716440063249137
3773377,12,30,D,0.0,0.33876258459388464,0.5411013340034699,0.12013608140264541,0.8410131200022781,0.6176985243842219,0.32525437399927415,0.057047101616503976,1.2716440063249137
3773377,12,35,D,0.0,0.3329385157079822,0.5520246872653858,0.11503679702663198,0.766728630608611,0.6176985243842219,0.32525437399927415,0.057047101616503976,1.2716440063249137
3773377,12,40,D,0.0,0.3270389276637664,0.5628662462129329,0.1100948261233006,0.685981508901301,0.6176985243842219,0.32525437399927415,0.057047101616503976,1.2716440063249137
3773377,12,45,D,0.0,0.32107378358179245,0.5736168443055367,0.1053093721126708,0.6002110865240566,0.6176985243842219,0.32525437399927415,0.057047101616503976,1.2716440063249137
3773377,12,50,D,0.0,0.5971171643116082,0.3843524019733736,0.018530433715018106,0.5209850187380818,0.6176985243842219,0.32525437399927415,0.057047101616503976,1.2716440063249137
3773377,12,55,D,0.0,0.8098161829513265,0.1878060115236802,0.0023778055249932904,0.7808491996985072,0.6176985243842219,0.32525437399927415,0.057047101616503976,1.2716440063249137
3773377,12,60,D,0.0,0.8041215650257882,0.19357801935573077,0.0023004156184810317,0.7296840536312579,0.6176985243842219,0.32525437399927415,0.057047101616503976,1.2716440063249137
3773377,12,65,D,0.0,0.7982913998198141,0.199483545098152,0.002225055082033965,0.6822757395501493,0.6176985243842219,0.32525437399927415,0.057047101616503976,1.2716440063249137
3773377,12,70,D,0.0,0.5632853361341819,0.42096274938056055,0.015751914485257607,0.22800373908179927,0.6176985243842219,0.32525437399927415,0.057047101616503976,1.2716440063249137
3773377,12,75,D,0.0,0.5546298612146061,0.43025880265787286,0.015111336127520948,0.16557608508438615,0.6176985243842219,0.32525437399927415,0.057047101616503976,1.2716440063249137
3773377,12,80,D,0.0,0.5459084937984636,0.4395999779811669,0.01449152822036956,0.10907542975371487,0.6176985243842219,0.32525437399927415,0.057047101616503976,1.2716440063249137
3773377,12,85,D,0.0,0.537128019085065,0.44897991418243566,0.013892066732499318,0.05893420449690012,0.6176985243842219,0.32525437399927415,0.057047101616503976,1.2716440063249137
3773377,12,90,D,0.0,0.5282953261195531,0.45839214572698345,0.013312528153463475,0.015370182226031481,0.6176985243842219,0.32525437399927415,0.057047101616503976,1.2716440063249137
3773571,13,5,A,-3.0,0.003810776658790846,0.2358136823033158,0.7603755410378934,-1.847057643683669,0.046329133367852667,0.3638579275833091,0.5898129390488382,-1.4256142582756377
3773571,13,10,A,-3.0,0.0038309940343033383,0.24745436592430148,0.7487146400413951,-1.8387827514602504,0.046329133367852667,0.3638579275833091,0.5898129390488382,-1.4256142582756377
3773571,13,15,A,-3.0,0.0038484186355647806,0.2594741484641206,0.7366774329003147,-1.8203747554694405,0.046329133367852667,0.3638579275833091,0.5898129390488382,-1.4256142582756377
3773571,13,20,A,-3.0,0.003862919266405861,0.27186641442125375,0.7242706663123405,-1.7921050318717737,0.046329133367852667,0.3638579275833091,0.5898129390488382,-1.4256142582756377
3773571,13,25,A,-3.0,0.00046323020674875616,0.10107376906457127,0.8984630007286799,-2.0933247880394408,0.046329133367852667,0.3638579275833091,0.5898129390488382,-1.4256142582756377
3773571,13,30,A,-3.0,0.000469815929300589,0.10700337314325017,0.8925268109274492,-2.0509742867548133,0.046329133367852667,0.3638579275833091,0.5898129390488382,-1.4256142582756377
3773571,13,35,A,-3.0,4.911753618793177e-05,0.0346823060481093,0.9652685764157029,-2.5690118678467537,0.046329133367852667,0.3638579275833091,0.5898129390488382,-1.4256142582756377
3773571,13,40,A,-3.0,5.003309181057256e-05,0.03687710968029565,0.9630728572278938,-2.5211610766841663,0.046329133367852667,0.3638579275833091,0.5898129390488382,-1.4256142582756377
3773571,13,45,A,-3.0,5.095838027791855e-05,0.03920516543077274,0.9607438761889493,-2.464627115854727,0.046329133367852667,0.3638579275833091,0.5898129390488382,-1.4256142582756377
3773571,13,50,A,-3.0,5.1892860725074944e-05,0.041673831336422926,0.9582742758028522,-2.4005036784676395,0.046329133367852667,0.3638579275833091,0.5898129390488382,-1.4256142582756377
3773571,13,55,A,-3.0,5.283592829624152e-05,0.0442907771098767,0.9556563869618271,-2.3299432204166473,0.046329133367852667,0.3638579275833091,0.5898129390488382,-1.4256142582756377
3773571,13,60,A,-3.0,5.378690999066035e-05,0.047063984765755684,0.9528822283242538,-2.2541233375634233,0.046329133367852667,0.3638579275833091,0.5898129390488382,-1.4256142582756377
3773571,13,65,A,-3.0,5.376943490987019e-06,0.014586437434721143,0.9854081856217877,-2.9212148297204714,0.046329133367852667,0.3638579275833091,0.5898129390488382,-1.4256142582756377
3773571,13,70,A,-3.0,5.484400630542323e-06,0.015529986377853962,0.9844645292215155,-2.839942427698001,0.046329133367852667,0.3638579275833091,0.5898129390488382,-1.4256142582756377
3773571,13,75,A,-3.0,5.5936588031696675e-06,0.016533546313894296,0.9834608600273027,-2.7534944060105007,0.046329133367852667,0.3638579275833091,0.5898129390488382,-1.4256142582756377
3773571,13,80,A,-3.0,5.704717770681245e-06,0.01760079760775163,0.9823934976744778,-2.6628892541082503,0.046329133367852667,0.3638579275833091,0.5898129390488382,-1.4256142582756377
3773571,13,85,A,-3.0,5.817574216851569e-06,0.0187356281991725,0.9812585542266107,-2.5690821071295593,0.046329133367852667,0.3638579275833091,0.5898129390488382,-1.4256142582756377
3773571,13,90,A,-3.0,5.93222145360684e-06,0.01994214288101126,0.9800519248975351,-2.4729511737460896,0.046329133367852667,0.3638579275833091,0.5898129390488382,-1.4256142582756377
3773552,14,5,A,-1.0,2.4700412704143928e-05,0.3782935349549614,0.6216817646323344,-1.9742421603691365,0.0005639245740201171,0.16331632028390564,0.8361197551420744,-1.1338611215374987
3773552,14,10,A,-1.0,2.4623955360413034e-05,0.3938339888784315,0.606141387166208,-1.939206814342416,0.0005639245740201171,0.16331632028390564,0.8361197551420744,-1.1338611215374987
3773552,14,15,A,-1.0,2.4522553054524442e-05,0.4095922504843993,0.5903832269625463,-1.891386895228518,0.0005639245740201171,0.16331632028390564,0.8361197551420744,-1.1338611215374987
3773552,14,20,A,-1.0,2.439619141388491e-05,0.4255383937534431,0.5744372100551431,-1.8314029524794253,0.0005639245740201171,0.16331632028390564,0.8361197551420744,-1.1338611215374987
3773552,14,25,A,-1.0,2.424498711275876e-05,0.44164095950407534,0.5583347955088119,-1.7601219719852252,0.0005639245740201171,0.16331632028390564,0.8361197551420744,-1.1338611215374987
3773552,14,30,A,-1.0,3.3389584619101904e-06,0.18852551611492613,0.811471144926612,-2.17177025250343,0.0005639245740201171,0.16331632028390564,0.8361197551420744,-1.1338611215374987
3773552,14,35,A,-1.0,3.3708937896502625e-06,0.19876268759325666,0.8012339415129537,-2.085114141937743,0.0005639245740201171,0.16331632028390564,0.8361197551420744,-1.1338611215374987
3773552,14,40,A,-1.0,3.4008048737983674e-06,0.20941229447751275,0.7905843047176134,-1.9890182482009395,0.0005639245740201171,0.16331632028390564,0.8361197551420744,-1.1338611215374987
3773552,14,45,A,-1.0,3.428539730870914e-06,0.22047549019381738,0.7795210812664517,-1.88508454165282,0.0005639245740201171,0.16331632028390564,0.8361197551420744,-1.1338611215374987
3773552,14,50,A,-1.0,3.4539473362889694e-06,0.23195167397052843,0.7680448720821353,-1.7750221368625745,0.0005639245740201171,0.16331632028390564,0.8361197551420744,-1.1338611215374987
3773552,14,55,A,-1.0,3.47687885246694e-06,0.24383835937351453,0.7561581637476331,-1.6606008930818412,0.0005639245740201171,0.16331632028390564,0.8361197551420744,-1.1338611215374987
3773552,14,60,A,-1.0,3.4971889414809874e-06,0.25613105297201777,0.7438654498390407,-1.5436042560488217,0.0005639245740201171,0.16331632028390564,0.8361197551420744,-1.1338611215374987
3773552,14,65,A,-1.0,3.514737149311932e-06,0.2688231462064305,0.7311733390564201,-1.425783090773302,0.0005639245740201171,0.16331632028390564,0.8361197551420744,-1.1338611215374987
3773552,14,70,A,-1.0,3.5293893455349337e-06,0.2819058235928283,0.7180906470178262,-1.3088121727342832,0.0005639245740201171,0.16331632028390564,0.8361197551420744,-1.1338611215374987
3773552,14,75,A,-1.0,3.541019199270978e-06,0.2953679903794989,0.7046284686013019,-1.194250845536154,0.0005639245740201171,0.16331632028390564,0.8361197551420744,-1.1338611215374987
3773552,14,80,A,-1.0,3.5495096693465194e-06,0.309196222656946,0.6908002278333847,-1.0835091267288002,0.0005639245740201171,0.16331632028390564,0.8361197551420744,-1.1338611215374987
3773552,14,85,A,-1.0,3.554754484057738e-06,0.32337474270654143,0.6766217025389745,-0.9778202640438556,0.0005639245740201171,0.16331632028390564,0.8361197551420744,-1.1338611215374987
3773552,14,90,A,-1.0,3.5566595838421026e-06,0.33788542204919914,0.662111021291217,-0.8782204282267385,0.0005639245740201171,0.16331632028390564,0.8361197551420744,-1.1338611215374987
3764661,15,5,A,-1.0,0.010046232165838092,0.5887193955215605,0.40123437231260145,-2.230846438516108,0.030967853151854727,0.3689223271734384,0.6001098196747069,-1.7755569305417918
3764661,15,10,A,-1.0,0.009873425726814248,0.6040755460593789,0.38605102821380693,-2.2233135885114543,0.030967853151854727,0.3689223271734384,0.6001098196747069,-1.7755569305417918
3764661,15,15,A,-1.0,0.0016240191986240657,0.3128754022641322,0.6855005785372438,-2.280273742509317,0.030967853151854727,0.3689223271734384,0.6001098196747069,-1.7755569305417918
3764661,15,20,A,-1.0,0.0016250215351074973,0.32685688739971785,0.6715180910651745,-2.2452162403592655,0.030967853151854727,0.3689223271734384,0.6001098196747069,-1.7755569305417918
3764661,15,25,A,-1.0,0.0016245461535499164,0.34115271524290136,0.6572227386035489,-2.1988480058205595,0.030967853151854727,0.3689223271734384,0.6001098196747069,-1.7755569305417918
3764661,15,30,A,-1.0,0.001622562606579083,0.3557431112837277,0.6426343261096934,-2.142050486725178,0.030967853151854727,0.3689223271734384,0.6001098196747069,-1.7755569305417918
3764661,15,35,A,-1.0,0.0016190469110231984,0.3706062391395398,0.627774713949437,-2.0758805449880224,0.030967853151854727,0.3689223271734384,0.6001098196747069,-1.7755569305417918
3764661,15,40,A,-1.0,0.00020376361319121661,0.14687125211966853,0.8529249842671401,-2.2511763587970552,0.030967853151854727,0.3689223271734384,0.6001098196747069,-1.7755569305417918
3764661,15,45,A,-1.0,0.00020612253807064177,0.15511503807736016,0.8446788393845692,-2.1756915609502525,0.030967853151854727,0.3689223271734384,0.6001098196747069,-1.7755569305417918
3764661,15,50,A,-1.0,0.00020839572327526623,0.16373272219674176,0.8360588820799829,-2.0949748425398047,0.030967853151854727,0.3689223271734384,0.6001098196747069,-1.7755569305417918
3764661,15,55,A,-1.0,0.0002105746321563708,0.17273127910133262,0.827058146266511,-2.010465168789138,0.030967853151854727,0.3689223271734384,0.6001098196747069,-1.7755569305417918
3764661,15,60,A,-1.0,0.00021265054610335066,0.18211666918338823,0.8176706802705083,-1.9235691233156618,0.030967853151854727,0.3689223271734384,0.6001098196747069,-1.7755569305417918
3764661,15,65,A,-1.0,2.2620518707429304e-05,0.06100179663568346,0.938975582845609,-2.3482898365511584,0.030967853151854727,0.3689223271734384,0.6001098196747069,-1.7755569305417918
3764661,15,70,A,-1.0,2.3012500207009818e-05,0.06479211101808567,0.9351848764817072,-2.2668402628480404,0.030967853151854727,0.3689223271734384,0.6001098196747069,-1.7755569305417918
3764661,15,75,A,-1.0,2.340540366284614e-05,0.06880067804250095,0.9311759165538361,-2.185177816442856,0.030967853151854727,0.3689223271734384,0.6001098196747069,-1.7755569305417918
3764661,15,80,A,-1.0,2.379870405243414e-05,0.07303787835546226,0.9269383229404854,-2.1041738359602196,0.030967853151854727,0.3689223271734384,0.6001098196747069,-1.7755569305417918
3764661,15,85,A,-1.0,2.4191833733752236e-05,0.07751431039603665,0.9224614977702297,-2.024535141073454,0.030967853151854727,0.3689223271734384,0.6001098196747069,-1.7755569305417918
3764661,15,90,A,-1.0,0.0002224443840550167,0.24672558658373367,0.7530519690322114,-1.4181430546886726,0.030967853151854727,0.3689223271734384,0.6001098196747069,-1.7755569305417918
3773565,16,5,A,-4.0,0.038861407437870456,0.12474926137368572,0.8363893311884438,-0.6633307479724033,0.119017195311675,0.21212813637738392,0.6688546683109412,-0.334314362703187
3773565,16,10,A,-4.0,0.03939397209994926,0.13211320949127292,0.8284928184087779,-0.6182490312501359,0.119017195311675,0.21212813637738392,0.6688546683109412,-0.334314362703187
3773565,16,15,A,-4.0,0.004107638187386638,0.04391119975822069,0.9519811620543925,-1.1342609045618273,0.119017195311675,0.21212813637738392,0.6688546683109412,-0.334314362703187
3773565,16,20,A,-4.0,0.004190495611617868,0.046799964470906626,0.9490095399174754,-1.0817816837907774,0.119017195311675,0.21212813637738392,0.6688546683109412,-0.334314362703187
3773565,16,25,A,-4.0,0.00427416533787349,0.04986874786715732,0.9458570867949692,-1.0243838370830192,0.119017195311675,0.21212813637738392,0.6688546683109412,-0.334314362703187
3773565,16,30,A,-4.0,0.0043585756710005485,0.0531274227956136,0.9425140015333858,-0.9632900465164662,0.119017195311675,0.21212813637738392,0.6688546683109412,-0.334314362703187
3773565,16,35,A,-4.0,0.00041273969592246936,0.016036775468558764,0.9835504848355189,-1.681258555132648,0.119017195311675,0.21212813637738392,0.6688546683109412,-0.334314362703187
3773565,16,40,A,-4.0,0.0004219120034978582,0.01712614839549261,0.9824519396010094,-1.6176466292774816,0.119017195311675,0.21212813637738392,0.6688546683109412,-0.334314362703187
3773565,16,45,A,-4.0,3.8773244549676356e-05,0.005016913534296294,0.994944313221154,-2.412020523372865,0.119017195311675,0.21212813637738392,0.6688546683109412,-0.334314362703187
3773565,16,50,A,-4.0,3.966542873493564e-05,0.005361837370054526,0.9945984972012106,-2.348588379558203,0.119017195311675,0.21212813637738392,0.6688546683109412,-0.334314362703187
3773565,16,55,A,-4.0,4.057717438205832e-05,0.0057303387806573,0.9942290840449607,-2.281577442806294,0.119017195311675,0.21212813637738392,0.6688546683109412,-0.334314362703187
3773565,16,60,A,-4.0,4.150881951211998e-05,0.0061240100140942146,0.9938344811663936,-2.2122525789379863,0.119017195311675,0.21212813637738392,0.6688546683109412,-0.334314362703187
3773565,16,65,A,-4.0,3.78332869030502e-06,0.0017792469656962022,0.9982169697056134,-2.897792149163938,0.119017195311675,0.21212813637738392,0.6688546683109412,-0.334314362703187
3773565,16,70,A,-4.0,3.871253486203914e-06,0.0019020011805072868,0.9980941275660066,-2.825021422341426,0.119017195311675,0.21212813637738392,0.6688546683109412,-0.334314362703187
3773565,16,75,A,-4.0,3.961188044248535e-06,0.0020332072279663606,0.9979628315839896,-2.7491786110315384,0.119017195311675,0.21212813637738392,0.6688546683109412,-0.334314362703187
3773565,16,80,A,-4.0,7.226735284981649e-07,0.0020965087056289055,0.9979027686208425,-2.9823082943932344,0.119017195311675,0.21212813637738392,0.6688546683109412,-0.334314362703187
3773565,16,85,A,-4.0,7.394523450297766e-07,0.0022411025333497424,0.9977581580143052,-2.951363869306016,0.119017195311675,0.21212813637738392,0.6688546683109412,-0.334314362703187
3773565,16,90,A,-4.0,7.566131656205443e-07,0.0023956448917416043,0.9976035984950927,-2.9097580593702,0.119017195311675,0.21212813637738392,0.6688546683109412,-0.334314362703187
3773403,17,5,H,1.0,0.989864045736022,0.009035547388059905,0.0011004068759180672,2.3307669831616704,0.8935178544612111,0.09249271792769644,0.013989427611092448,1.5792272773475304
3773403,17,10,H,1.0,0.9894896652106961,0.00943600518810254,0.0010743296012013718,2.3620995550037596,0.8935178544612111,0.09249271792769644,0.013989427611092448,1.5792272773475304
3773403,17,15,H,1.0,0.989097120106799,0.009854029003523074,0.0010488508896779945,2.3798638673383317,0.8935178544612111,0.09249271792769644,0.013989427611092448,1.5792272773475304
3773403,17,20,H,1.0,0.9964908093025621,0.0034176377438966178,9.155295354129198e-05,2.724916752984713,0.8935178544612111,0.09249271792769644,0.013989427611092448,1.5792272773475304
3773403,17,25,H,1.0,0.9963406755101201,0.003569920797283731,8.94036925961573e-05,2.7109614628406646,0.8935178544612111,0.09249271792769644,0.013989427611092448,1.5792272773475304
3773403,17,30,H,1.0,0.9961837320102546,0.0037289637016705256,8.730428807480453e-05,2.685065575910063,0.8935178544612111,0.09249271792769644,0.013989427611092448,1.5792272773475304
3773403,17,35,H,1.0,0.9960196822166212,0.0038950642113480018,8.525357203069577e-05,2.6483797261507944,0.8935178544612111,0.09249271792769644,0.013989427611092448,1.5792272773475304
3773403,17,40,H,1.0,0.9958482166109572,0.0040685329853869185,8.325040365594136e-05,2.6021798718260962,0.8935178544612111,0.09249271792769644,0.013989427611092448,1.5792272773475304
3773403,17,45,H,1.0,0.9956690122036049,0.004249694127746524,8.12936686484528e-05,2.547816903806416,0.8935178544612111,0.09249271792769644,0.013989427611092448,1.5792272773475304
3773403,17,50,H,1.0,0.9857744170457793,0.013339463860083757,0.0008861190941368508,2.1717468198660086,0.8935178544612111,0.09249271792769644,0.013989427611092448,1.5792272773475304
3773403,17,55,H,1.0,0.9852071274208469,0.013927923320369472,0.0008649492587835837,2.1064900195221847,0.8935178544612111,0.09249271792769644,0.013989427611092448,1.5792272773475304
3773403,17,60,H,1.0,0.984613784855117,0.01454195258249595,0.0008442625623870509,2.0359988525456494,0.8935178544612111,0.09249271792769644,0.013989427611092448,1.5792272773475304
3773403,17,65,H,1.0,0.9839933242571846,0.015182628129482009,0.0008240476133333658,1.9614780156192282,0.8935178544612111,0.09249271792769644,0.013989427611092448,1.5792272773475304
3773403,17,70,H,1.0,0.9833446380514862,0.015851068665229624,0.0008042932832841998,1.8840458308484007,0.8935178544612111,0.09249271792769644,0.013989427611092448,1.5792272773475304
3773403,17,75,H,1.0,0.9944113403114356,0.005518190543190047,7.04691453742809e-05,2.1230881674224342,0.8935178544612111,0.09249271792769644,0.013989427611092448,1.5792272773475304
3773403,17,80,H,1.0,0.9941676657619586,0.005763525894294496,6.880834374702238e-05,2.0458838946313302,0.8935178544612111,0.09249271792769644,0.013989427611092448,1.5792272773475304
3773403,17,85,H,1.0,0.9939131116067244,0.00601970244921044,6.718594406510792e-05,1.9687811240816706,0.8935178544612111,0.09249271792769644,0.013989427611092448,1.5792272773475304
3773403,17,90,H,1.0,0.9936472056840188,0.006287193271548412,6.560104443278517e-05,1.8921141952675171,0.8935178544612111,0.09249271792769644,0.013989427611092448,1.5792272773475304
3773631,18,5,A,-1.0,0.0025140908864298254,0.5214791582483779,0.47600675086519245,-1.1259163951918216,0.017680501418197086,0.3620361200818287,0.6202833784999742,-1.831403638256293
3773631,18,10,A,-1.0,0.0024852512380824795,0.5382674038938448,0.4592473448680728,-1.0617033288109146,0.017680501418197086,0.3620361200818287,0.6202833784999742,-1.831403638256293
3773631,18,15,A,-1.0,0.002453967286852959,0.5549685225313284,0.44257751018181873,-0.9885956676371426,0.017680501418197086,0.3620361200818287,0.6202833784999742,-1.831403638256293
3773631,18,20,A,-1.0,0.002420357442881765,0.5715456056196995,0.4260340369374188,-0.9077521050496755,0.017680501418197086,0.3620361200818287,0.6202833784999742,-1.831403638256293
3773631,18,25,A,-1.0,0.0023845514968579887,0.5879628517830408,0.40965259672010124,-0.820558879528354,0.017680501418197086,0.3620361200818287,0.6202833784999742,-1.831403638256293
3773631,18,30,A,-1.0,0.0023466892319013626,0.6041858671227794,0.39346744364531927,-0.7285933671554831,0.017680501418197086,0.3620361200818287,0.6202833784999742,-1.831403638256293
3773631,18,35,A,-1.0,0.002306918932950084,0.6201819395856787,0.37751114148137116,-0.6335797897040484,0.017680501418197086,0.3620361200818287,0.6202833784999742,-1.831403638256293
3773631,18,40,A,-1.0,0.009341830955337953,0.8594550666874077,0.13120310235725444,-0.0434694109813174,0.017680501418197086,0.3620361200818287,0.6202833784999742,-1.831403638256293
3773631,18,45,A,-1.0,0.009027556258498654,0.8672277684140929,0.12374467532740853,0.04677681128317046,0.017680501418197086,0.3620361200818287,0.6202833784999742,-1.831403638256293
3773631,18,50,A,-1.0,0.008719452250812316,0.8746292062223773,0.1166513415268105,0.1348580969573785,0.017680501418197086,0.3620361200818287,0.6202833784999742,-1.831403638256293
3773631,18,55,A,-1.0,0.008417820615567112,0.8816703547595625,0.10991182462487042,0.21916169616508108,0.017680501418197086,0.3620361200818287,0.6202833784999742,-1.831403638256293
3773631,18,60,A,-1.0,0.0020850329861197355,0.6957588052293302,0.30215616178454996,-0.17677685296457496,0.017680501418197086,0.3620361200818287,0.6202833784999742,-1.831403638256293
3773631,18,65,A,-1.0,0.0020372053132496643,0.7098267818576017,0.2881360128291487,-0.10119635186939419,0.017680501418197086,0.3620361200818287,0.6202833784999742,-1.831403638256293
3773631,18,70,A,-1.0,0.00037301488046764244,0.4140787540225113,0.585548231097021,-0.7689706618378753,0.017680501418197086,0.3620361200818287,0.6202833784999742,-1.831403638256293
3773631,18,75,A,-1.0,0.001939417149817812,0.7367708122397553,0.261289770610427,0.02303642965868563,0.017680501418197086,0.3620361200818287,0.6202833784999742,-1.831403638256293
3773631,18,80,A,-1.0,0.0018897728802380416,0.7496224648261701,0.24848776229359187,0.06994658874131054,0.017680501418197086,0.3620361200818287,0.6202833784999742,-1.831403638256293
3773631,18,85,A,-1.0,0.0018398305848954185,0.7620485042338336,0.23611166518127105,0.10602850102358352,0.017680501418197086,0.3620361200818287,0.6202833784999742,-1.831403638256293
3773631,18,90,A,-1.0,0.000364306133911653,0.4807402377733544,0.518895456092734,-0.580366898155306,0.017680501418197086,0.3620361200818287,0.6202833784999742,-1.831403638256293
3773526,19,5,H,4.0,0.9740426660423118,0.023765170381492173,0.0021921635761960314,1.0757253026229994,0.8995186579124558,0.09207118815470307,0.00841015393284122,0.7667279363544284
3773526,19,10,H,4.0,0.9730535043517875,0.024793806127870507,0.0021526895203420045,1.1081176564399893,0.8995186579124558,0.09207118815470307,0.00841015393284122,0.7667279363544284
3773526,19,15,H,4.0,0.9720204027976862,0.02586576867212974,0.002113828530184063,1.1343139880366957,0.8995186579124558,0.09207118815470307,0.00841015393284122,0.7667279363544284
3773526,19,20,H,4.0,0.9709416523198028,0.026982778537876628,0.0020755691423205358,1.1543986345850747,0.8995186579124558,0.09207118815470307,0.00841015393284122,0.7667279363544284
3773526,19,25,H,4.0,0.9698154845147008,0.028146615407414977,0.0020379000778843093,1.1685528964744556,0.8995186579124558,0.09207118815470307,0.00841015393284122,0.7667279363544284
3773526,19,30,H,4.0,0.9903437748475172,0.009464939928996004,0.00019128522348687128,1.3959020153548736,0.8995186579124558,0.09207118815470307,0.00841015393284122,0.7667279363544284
3773526,19,35,H,4.0,0.989931509247426,0.009880537306230432,0.00018795344634354194,1.4064014503183644,0.8995186579124558,0.09207118815470307,0.00841015393284122,0.7667279363544284
3773526,19,40,H,4.0,0.9895011310912614,0.010314192619628206,0.0001846762891104778,1.412887530383541,0.8995186579124558,0.09207118815470307,0.00841015393284122,0.7667279363544284
3773526,19,45,H,4.0,0.9890518737778347,0.010766673447680614,0.00018145277448470556,1.4157121212420172,0.8995186579124558,0.09207118815470307,0.00841015393284122,0.7667279363544284
3773526,19,50,H,4.0,0.9964113245861926,0.003571872489438112,1.6802924369164284e-05,1.8535428960362479,0.8995186579124558,0.09207118815470307,0.00841015393284122,0.7667279363544284
3773526,19,55,H,4.0,0.9962538119669616,0.0037296735146566565,1.651451838180486e-05,1.8598119308211039,0.8995186579124558,0.09207118815470307,0.00841015393284122,0.7667279363544284
3773526,19,60,H,4.0,0.9875826873699433,0.012245218083852975,0.0001720945462037495,1.4050077976607003,0.8995186579124558,0.09207118815470307,0.00841015393284122,0.7667279363544284
3773526,19,65,H,4.0,0.9870496080783463,0.012781315783876753,0.00016907613777706506,1.3956358148388066,0.8995186579124558,0.09207118815470307,0.00841015393284122,0.7667279363544284
3773526,19,70,H,4.0,0.9864933270081913,0.013340566277042472,0.00016610671476629702,1.3834601718278525,0.8995186579124558,0.09207118815470307,0.00841015393284122,0.7667279363544284
3773526,19,75,H,4.0,0.9985963346519968,0.001402220119043685,1.4452289594600336e-06,2.357150952297555,0.8995186579124558,0.09207118815470307,0.00841015393284122,0.7667279363544284
3773526,19,80,H,4.0,0.9995376773809631,0.000462189650915762,1.3296812105482804e-07,2.7100661816441165,0.8995186579124558,0.09207118815470307,0.00841015393284122,0.7667279363544284
3773526,19,85,H,4.0,0.9995171942517319,0.0004826750444329447,1.3070383508658687e-07,2.6746721175990578,0.8995186579124558,0.09207118815470307,0.00841015393284122,0.7667279363544284
3773526,19,90,H,4.0,0.9994958035784346,0.0005040679435750501,1.284779904522669e-07,2.6300571043850223,0.8995186579124558,0.09207118815470307,0.00841015393284122,0.7667279363544284
3773415,20,5,D,0.0,0.8966089486621904,0.07661062008556695,0.02678043125224258,0.4195886353115637,0.8423819398573678,0.1276666145019093,0.029951445640722888,1.176507307469812
3773415,20,10,D,0.0,0.8940086856206385,0.07975226975586738,0.026239044623494093,0.3783146301485523,0.8423819398573678,0.1276666145019093,0.029951445640722888,1.176507307469812
3773415,20,15,D,0.0,0.8912846609850797,0.083010523273458,0.02570481574146226,0.33061169979984534,0.8423819398573678,0.1276666145019093,0.029951445640722888,1.176507307469812
3773415,20,20,D,0.0,0.888433635155425,0.08638873539449526,0.025177629450079824,0.27749936468543696,0.8423819398573678,0.1276666145019093,0.029951445640722888,1.176507307469812
3773415,20,25,D,0.0,0.8854523479855722,0.08989027804005865,0.024657373974369092,0.22015936269583208,0.8423819398573678,0.1276666145019093,0.029951445640722888,1.176507307469812
3773415,20,30,D,0.0,0.8823375260214916,0.09351853297727078,0.02414394100123759,0.15989947669226884,0.8423819398573678,0.1276666145019093,0.029951445640722888,1.176507307469812
3773415,20,35,D,0.0,0.9639149793852895,0.03366077636561115,0.002424244249099383,0.038391273010367544,0.8423819398573678,0.1276666145019093,0.029951445640722888,1.176507307469812
3773415,20,40,D,0.0,0.9625287638088539,0.03509251717700463,0.0023787190141413995,-0.01315610665363759,0.8423819398573678,0.1276666145019093,0.029951445640722888,1.176507307469812
3773415,20,45,D,0.0,0.961083275888153,0.03658282418604955,0.0023338999257974525,-0.06082976394346701,0.8423819398573678,0.1276666145019093,0.029951445640722888,1.176507307469812
3773415,20,50,D,0.0,0.9595763335394711,0.03813389298028213,0.002289773480246714,-0.10339078457950152,0.8423819398573678,0.1276666145019093,0.029951445640722888,1.176507307469812
3773415,20,55,D,0.0,0.9580056893610012,0.039747984224991526,0.002246326414007268,-0.13977374452519736,0.8423819398573678,0.1276666145019093,0.029951445640722888,1.176507307469812
3773415,20,60,D,0.0,0.956369030232585,0.041427424064653974,0.002203545702761009,-0.1691246065504512,0.8423819398573678,0.1276666145019093,0.029951445640722888,1.176507307469812
3773415,20,65,D,0.0,0.9546639770717131,0.043174604367903414,0.0021614185603835608,-0.19083014741480592,0.8423819398573678,0.1276666145019093,0.029951445640722888,1.176507307469812
3773415,20,70,D,0.0,0.9528880847626393,0.044991982799178404,0.002119932438182338,-0.20453759150137957,0.8423819398573678,0.1276666145019093,0.029951445640722888,1.176507307469812
3773415,20,75,D,0.0,0.9510388422764723,0.04688208269918207,0.0020790750243455222,-0.21016361553545332,0.8423819398573678,0.1276666145019093,0.029951445640722888,1.176507307469812
3773415,20,80,D,0.0,0.9491136730011067,0.04884749275528898,0.002038834243604285,-0.2078924219033393,0.8423819398573678,0.1276666145019093,0.029951445640722888,1.176507307469812
3773415,20,85,D,0.0,0.9471099353008585,0.05089086644203141,0.001999198257110077,-0.1981631230676743,0.8423819398573678,0.1276666145019093,0.029951445640722888,1.176507307469812
3773415,20,90,D,0.0,0.8333741674053329,0.1481452848981391,0.018480547696528012,-0.3355650362677977,0.8423819398573678,0.1276666145019093,0.029951445640722888,1.176507307469812
3773625,21,5,A,-2.0,0.10400445278931104,0.32582222816905043,0.5701733190416386,-0.5675086141116849,0.1374771797881859,0.3362818361873352,0.5262409840244788,-0.4052808634019356
3773625,21,10,A,-2.0,0.10276957488634159,0.33879446825159876,0.5584359568620597,-0.5429382473112333,0.1374771797881859,0.3362818361873352,0.5262409840244788,-0.4052808634019356
3773625,21,15,A,-2.0,0.10147094662372079,0.3520111639209934,0.5465178894552858,-0.5135013759478206,0.1374771797881859,0.3362818361873352,0.5262409840244788,-0.4052808634019356
3773625,21,20,A,-2.0,0.10011000576422414,0.3654560756034216,0.5344339186323543,-0.47976868047533794,0.1374771797881859,0.3362818361873352,0.5262409840244788,-0.4052808634019356
3773625,21,25,A,-2.0,0.09868846963779662,0.37911161386403236,0.522199916498171,-0.4424622615098245,0.1374771797881859,0.3362818361873352,0.5262409840244788,-0.4052808634019356
3773625,21,30,A,-2.0,0.014574425271333822,0.18348247591400885,0.8019430988146574,-1.1365680388431718,0.1374771797881859,0.3362818361873352,0.5262409840244788,-0.4052808634019356
3773625,21,35,A,-2.0,0.014537689457550953,0.1925934515060843,0.7928688590363647,-1.0945186729641698,0.1374771797881859,0.3362818361873352,0.5262409840244788,-0.4052808634019356
3773625,21,40,A,-2.0,0.014492999963084285,0.20204466831652873,0.7834623317203869,-1.0511651773521633,0.1374771797881859,0.3362818361873352,0.5262409840244788,-0.4052808634019356
3773625,21,45,A,-2.0,0.014440136983950465,0.2118377676362511,0.7737220953797984,-1.0077601420679534,0.1374771797881859,0.3362818361873352,0.5262409840244788,-0.4052808634019356
3773625,21,50,A,-2.0,0.014378897608752201,0.22197325156099917,0.7636478508302486,-0.965515707225761,0.1374771797881859,0.3362818361873352,0.5262409840244788,-0.4052808634019356
3773625,21,55,A,-2.0,0.014309098264783156,0.23245039764313116,0.7532405040920856,-0.9255589708244232,0.1374771797881859,0.3362818361873352,0.5262409840244788,-0.4052808634019356
3773625,21,60,A,-2.0,0.01423057718597351,0.24326717802421238,0.7425022447898141,-0.8888911953449916,0.1374771797881859,0.3362818361873352,0.5262409840244788,-0.4052808634019356
3773625,21,65,A,-2.0,0.014143196871382421,0.2544201845818077,0.7314366185468097,-0.8563526898087668,0.1374771797881859,0.3362818361873352,0.5262409840244788,-0.4052808634019356
3773625,21,70,A,-2.0,0.014046846499683421,0.26590456168211146,0.7200485918182051,-0.8285949487257378,0.1374771797881859,0.3362818361873352,0.5262409840244788,-0.4052808634019356
3773625,21,75,A,-2.0,0.013941444262252887,0.27771394815758044,0.7083446075801665,-0.8060612471949822,0.1374771797881859,0.3362818361873352,0.5262409840244788,-0.4052808634019356
3773625,21,80,A,-2.0,0.013826939575202434,0.2898404301205967,0.6963326303042009,-0.7889764459829325,0.1374771797881859,0.3362818361873352,0.5262409840244788,-0.4052808634019356
3773625,21,85,A,-2.0,0.0016852482948044901,0.11577086453867393,0.8825438871665217,-1.7070195274916424,0.1374771797881859,0.3362818361873352,0.5262409840244788,-0.4052808634019356
3773625,21,90,A,-2.0,0.0016881613769295348,0.12203722246709299,0.8762746161559775,-1.6857617601202675,0.1374771797881859,0.3362818361873352,0.5262409840244788,-0.4052808634019356
3773665,22,5,A,-2.0,0.001348966436145673,0.3843489452426972,0.6143020883211572,-2.366512487552431,0.01511276714817232,0.33267340499189635,0.6522138278599312,-1.6513875277887795
3773665,22,10,A,-2.0,0.0013295740764881917,0.3987944181078548,0.599876007815657,-2.3464433603109613,0.01511276714817232,0.33267340499189635,0.6522138278599312,-1.6513875277887795
3773665,22,15,A,-2.0,0.001309305715905069,0.41341818734975094,0.5852725069343441,-2.3121370323076724,0.01511276714817232,0.33267340499189635,0.6522138278599312,-1.6513875277887795
3773665,22,20,A,-2.0,0.001288197166263427,0.42819622740031904,0.5705155754334175,-2.264309205091256,0.01511276714817232,0.33267340499189635,0.6522138278599312,-1.6513875277887795
3773665,22,25,A,-2.0,0.0012662884144848546,0.44310343134128966,0.5556302802442256,-2.203978086085736,0.01511276714817232,0.33267340499189635,0.6522138278599312,-1.6513875277887795
3773665,22,30,A,-2.0,0.00017168667451527704,0.19741131029857661,0.8024170030269081,-2.9336034839959617,0.01511276714817232,0.33267340499189635,0.6522138278599312,-1.6513875277887795
3773665,22,35,A,-2.0,0.00017117450181535558,0.2071984477814277,0.7926303777167569,-2.855685396246114,0.01511276714817232,0.33267340499189635,0.6522138278599312,-1.6513875277887795
3773665,22,40,A,-2.0,0.00017056073869594168,0.21733940602799068,0.7824900332333133,-2.767835253406196,0.01511276714817232,0.33267340499189635,0.6522138278599312,-1.6513875277887795
3773665,22,45,A,-2.0,0.00016984284420260966,0.2278340572239162,0.7719960999318811,-2.6720110583375467,0.01511276714817232,0.33267340499189635,0.6522138278599312,-1.6513875277887795
3773665,22,50,A,-2.0,0.00016901853336067176,0.23868091908068031,0.7611500623859591,-2.5702443468733507,0.01511276714817232,0.33267340499189635,0.6522138278599312,-1.6513875277887795
3773665,22,55,A,-2.0,0.0001680858094909632,0.24987707020649438,0.7499548439840147,-2.464574642917689,0.01511276714817232,0.33267340499189635,0.6522138278599312,-1.6513875277887795
3773665,22,60,A,-2.0,0.00016704299625549195,0.26141807305659476,0.7384148839471498,-2.356985482342895,0.01511276714817232,0.33267340499189635,0.6522138278599312,-1.6513875277887795
3773665,22,65,A,-2.0,0.00016588876895105273,0.273297906272297,0.7265362049587519,-2.249344702368667,0.01511276714817232,0.33267340499189635,0.6522138278599312,-1.6513875277887795
3773665,22,70,A,-2.0,0.00016462218453269588,0.2855089082279207,0.7143264695875466,-2.1433514442026795,0.01511276714817232,0.33267340499189635,0.6522138278599312,-1.6513875277887795
3773665,22,75,A,-2.0,0.00016324270982146833,0.2980417335700768,0.7017950237201017,-2.0404919414857505,0.01511276714817232,0.33267340499189635,0.6522138278599312,-1.6513875277887795
3773665,22,80,A,-2.0,0.00016175024733407634,0.3108853244503577,0.6889529253023081,-1.9420056889825754,0.01511276714817232,0.33267340499189635,0.6522138278599312,-1.6513875277887795
3773665,22,85,A,-2.0,1.9347899119639496e-05,0.12219460869713687,0.8777860434037434,-2.7385436149718774,0.01511276714817232,0.33267340499189635,0.6522138278599312,-1.6513875277887795
3773665,22,90,A,-2.0,1.938025687982863e-05,0.12885157825578153,0.8711290414873387,-2.6348773878483325,0.01511276714817232,0.33267340499189635,0.6522138278599312,-1.6513875277887795
3773369,23,5,H,3.0,0.9956906058484152,0.004138116076682972,0.00017127807490193337,2.5963410428226528,0.9681075648772242,0.03041847414723927,0.0014739609755366153,1.001810703013572
3773369,23,10,H,3.0,0.9954742692916281,0.004356063346035031,0.00016966736233677102,2.6828580902643866,0.9681075648772242,0.03041847414723927,0.0014739609755366153,1.001810703013572
3773369,23,15,H,3.0,0.9985150919236355,0.0014695241472419166,1.538392912246143e-05,2.7478171379634375,0.9681075648772242,0.03041847414723927,0.0014739609755366153,1.001810703013572
3773369,23,20,H,3.0,0.9984376210917284,0.0015471375216491987,1.524138662225836e-05,2.809861452734962,0.9681075648772242,0.03041847414723927,0.0014739609755366153,1.001810703013572
3773369,23,25,H,3.0,0.9983560565154493,0.0016288433816847828,1.5100102865992482e-05,2.8593641045419416,0.9681075648772242,0.03041847414723927,0.0014739609755366153,1.001810703013572
3773369,23,30,H,3.0,0.9982701831402618,0.0017148567956355176,1.4960064102556832e-05,2.896124683980658,0.9681075648772242,0.03041847414723927,0.0014739609755366153,1.001810703013572
3773369,23,35,H,3.0,0.9994212334985026,0.0005774126273520044,1.3538741453485466e-06,2.8543131268033695,0.9681075648772242,0.03041847414723927,0.0014739609755366153,1.001810703013572
3773369,23,40,H,3.0,0.9993907211446389,0.0006079374626522279,1.3413927089308934e-06,2.874156370731097,0.9681075648772242,0.03041847414723927,0.0014739609755366153,1.001810703013572
3773369,23,45,H,3.0,0.9993585960203897,0.0006400749554167622,1.3290241935017274e-06,2.8832670259029576,0.9681075648772242,0.03041847414723927,0.0014739609755366153,1.001810703013572
3773369,23,50,H,3.0,0.9978788954047839,0.0021066925101663396,1.4412085049791334e-05,2.9180906879931823,0.9681075648772242,0.03041847414723927,0.0014739609755366153,1.001810703013572
3773369,23,55,H,3.0,0.999289162643488,0.0007095327350344287,1.3046214775231013e-06,2.8707598377273054,0.9681075648772242,0.03041847414723927,0.0014739609755366153,1.001810703013572
3773369,23,60,H,3.0,0.9992516705551882,0.0007470368597416211,1.2925850701483953e-06,2.850051065642325,0.9681075648772242,0.03041847414723927,0.0014739609755366153,1.001810703013572
3773369,23,65,H,3.0,0.9992121975445809,0.0007865217982493286,1.2806571697025152e-06,2.8203862075496064,0.9681075648772242,0.03041847414723927,0.0014739609755366153,1.001810703013572
3773369,23,70,H,3.0,0.9991706391635972,0.0008280919997136562,1.2688366890628412e-06,2.782303466038911,0.9681075648772242,0.03041847414723927,0.0014739609755366153,1.001810703013572
3773369,23,75,H,3.0,0.9991268854748796,0.0008718574025732516,1.25712254724025e-06,2.7363442911073497,0.9681075648772242,0.03041847414723927,0.0014739609755366153,1.001810703013572
3773369,23,80,H,3.0,0.9990808207652877,0.0009179337210432445,1.2455136691597575e-06,2.6830416107001254,0.9681075648772242,0.03041847414723927,0.0014739609755366153,1.001810703013572
3773369,23,85,H,3.0,0.9990323232446694,0.0009664427463451935,1.234008985436558e-06,2.622911865142927,0.9681075648772242,0.03041847414723927,0.0014739609755366153,1.001810703013572
3773369,23,90,H,3.0,0.9996746414452704,0.00032524693477908683,1.1161995045937277e-07,2.574286372947297,0.9681075648772242,0.03041847414723927,0.0014739609755366153,1.001810703013572
3773597,24,5,A,-5.0,0.06439943139051901,0.155380592935544,0.780219975673937,-1.5422545329817228,0.10904198341711495,0.2786300332299946,0.6123279833528905,-1.0768893734479956
3773597,24,10,A,-5.0,0.06434512604368417,0.16343620789126714,0.7722186660650486,-1.5369562511532004,0.10904198341711495,0.2786300332299946,0.6123279833528905,-1.0768893734479956
3773597,24,15,A,-5.0,0.06425875385956747,0.17182359442170378,0.7639176517187286,-1.5236986806593522,0.10904198341711495,0.2786300332299946,0.6123279833528905,-1.0768893734479956
3773597,24,20,A,-5.0,0.06413915931725303,0.18054756829178148,0.7553132723909655,-1.5028798132581926,0.10904198341711495,0.2786300332299946,0.6123279833528905,-1.0768893734479956
3773597,24,25,A,-5.0,0.0639852302805454,0.18961207769936977,0.7464026920200849,-1.4750545662247814,0.10904198341711495,0.2786300332299946,0.6123279833528905,-1.0768893734479956
3773597,24,30,A,-5.0,0.0637959080180945,0.19902011027746808,0.7371839817044372,-1.4409168191333754,0.10904198341711495,0.2786300332299946,0.6123279833528905,-1.0768893734479956
3773597,24,35,A,-5.0,0.06357019766311559,0.20877360031221462,0.7276562020246699,-1.4012765440222488,0.10904198341711495,0.2786300332299946,0.6123279833528905,-1.0768893734479956
3773597,24,40,A,-5.0,0.007302080499336411,0.0793586027799587,0.9133393167207049,-1.9869017639914697,0.10904198341711495,0.2786300332299946,0.6123279833528905,-1.0768893734479956
3773597,24,45,A,-5.0,0.0007123807472631214,0.025620343477883212,0.9736672757748537,-2.6915209833998053,0.10904198341711495,0.2786300332299946,0.6123279833528905,-1.0768893734479956
3773597,24,50,A,-5.0,0.0007179960621762812,0.027183959592963144,0.9720980443448606,-2.6466798717466204,0.10904198341711495,0.2786300332299946,0.6123279833528905,-1.0768893734479956
3773597,24,55,A,-5.0,6.702049202449442e-05,0.008396990136021418,0.9915359893719541,-3.342271442389177,0.10904198341711495,0.2786300332299946,0.6123279833528905,-1.0768893734479956
3773597,24,60,A,-5.0,6.169801621589597e-06,0.0025580710872074412,0.9974357591111711,-3.8714391869039253,0.10904198341711495,0.2786300332299946,0.6123279833528905,-1.0768893734479956
3773597,24,65,A,-5.0,6.227473222931795e-06,0.0027181358408386942,0.9972756366859384,-3.8205269796697348,0.10904198341711495,0.2786300332299946,0.6123279833528905,-1.0768893734479956
3773597,24,70,A,-5.0,6.2856207842872225e-06,0.0028881872340648807,0.9971055271451508,-3.7621700482473948,0.10904198341711495,0.2786300332299946,0.6123279833528905,-1.0768893734479956
3773597,24,75,A,-5.0,5.763856295133297e-07,0.0008764268819181747,0.9991229967324523,-3.9930358176549468,0.10904198341711495,0.2786300332299946,0.6123279833528905,-1.0768893734479956
3773597,24,80,A,-5.0,6.40334059422892e-06,0.0032607652161338314,0.996732831443272,-3.6253888137464174,0.10904198341711495,0.2786300332299946,0.6123279833528905,-1.0768893734479956
3773597,24,85,A,-5.0,6.4629102647091575e-06,0.003464646520521939,0.9965288905692132,-3.547947325781804,0.10904198341711495,0.2786300332299946,0.6123279833528905,-1.0768893734479956
3773597,24,90,A,-5.0,5.928817592373617e-07,0.0010517784615143742,0.9989476286567263,-3.759252604232832,0.10904198341711495,0.2786300332299946,0.6123279833528905,-1.0768893734479956
3773474,25,5,H,1.0,0.9639197920480438,0.03116277635799672,0.004917431593959447,2.01522598565455,0.8615909821008996,0.1146938827992703,0.023715135099830156,1.2275451546593485
3773474,25,10,H,1.0,0.9623885006470575,0.03275365508543013,0.00485784426751239,2.0832620877612533,0.8615909821008996,0.1146938827992703,0.023715135099830156,1.2275451546593485
3773474,25,15,H,1.0,0.9607785809750331,0.03442284488596837,0.004798574138998529,2.140098719592971,0.8615909821008996,0.1146938827992703,0.023715135099830156,1.2275451546593485
3773474,25,20,H,1.0,0.9590864930889468,0.036173899118263554,0.004739607792789619,2.1852405487407016,0.8615909821008996,0.1146938827992703,0.023715135099830156,1.2275451546593485
3773474,25,25,H,1.0,0.9573085671691087,0.038010501079717714,0.004680931751173574,2.218412974270389,0.8615909821008996,0.1146938827992703,0.023715135099830156,1.2275451546593485
3773474,25,30,H,1.0,0.9554410020861931,0.039936465428868584,0.004622532484938367,2.239561870224908,0.8615909821008996,0.1146938827992703,0.023715135099830156,1.2275451546593485
3773474,25,35,H,1.0,0.9534798643593421,0.041955739215100214,0.004564396425557641,2.248845710790894,0.8615909821008996,0.1146938827992703,0.023715135099830156,1.2275451546593485
3773474,25,40,H,1.0,0.9514210875590855,0.0440724024618169,0.004506509979097632,2.246620607622534,0.8615909821008996,0.1146938827992703,0.023715135099830156,1.2275451546593485
3773474,25,45,H,1.0,0.9492604722128605,0.04629066824517128,0.004448859541968192,2.233419133208123,0.8615909821008996,0.1146938827992703,0.023715135099830156,1.2275451546593485
3773474,25,50,H,1.0,0.9469936862750147,0.048614882206341636,0.004391431518643589,2.209924094205214,0.8615909821008996,0.1146938827992703,0.023715135099830156,1.2275451546593485
3773474,25,55,H,1.0,0.944616266227273,0.05104952143124679,0.004334212341480181,2.176938637732255,0.8615909821008996,0.1146938827992703,0.023715135099830156,1.2275451546593485
3773474,25,60,H,1.0,0.9421236188797126,0.05359919262752854,0.0042771884927588905,2.1353542090250497,0.8615909821008996,0.1146938827992703,0.023715135099830156,1.2275451546593485
3773474,25,65,H,1.0,0.9395110239462434,0.056268629524676914,0.004220346529079699,2.086117923725729,0.8615909821008996,0.1146938827992703,0.023715135099830156,1.2275451546593485
3773474,25,70,H,1.0,0.9367736374723651,0.059062689419401654,0.004163673108233347,2.030200871736406,0.8615909821008996,0.1146938827992703,0.023715135099830156,1.2275451546593485
3773474,25,75,H,1.0,0.9339064961964855,0.061986348784843076,0.004107155018671509,1.9685687376075354,0.8615909821008996,0.1146938827992703,0.023715135099830156,1.2275451546593485
3773474,25,80,H,1.0,0.9889104030003055,0.010451170909842745,0.00063842608985172,2.1607996892450907,0.8615909821008996,0.1146938827992703,0.023715135099830156,1.2275451546593485
3773474,25,85,H,1.0,0.9883724475359895,0.010996202667617992,0.0006313497963925386,2.119544263100326,0.8615909821008996,0.1146938827992703,0.023715135099830156,1.2275451546593485
3773474,25,90,H,1.0,0.9962255730469703,0.0037172263193752395,5.7200633654420216e-05,2.255211373982486,0.8615909821008996,0.1146938827992703,0.023715135099830156,1.2275451546593485
3773497,26,5,H,1.0,0.2951353957352954,0.32070898704067335,0.3841556172240313,0.11645026955649623,0.27951167273907207,0.38037470966436326,0.3401136175965646,0.2900912569522669
3773497,26,10,H,1.0,0.291513423507287,0.33330603112588697,0.3751805453668261,0.09670641874692837,0.27951167273907207,0.38037470966436326,0.3401136175965646,0.2900912569522669
3773497,26,15,H,1.0,0.6670226446157109,0.2560110864330113,0.07696626895127774,0.5036039955936984,0.27951167273907207,0.38037470966436326,0.3401136175965646,0.2900912569522669
3773497,26,20,H,1.0,0.6587895090511521,0.26604778737999163,0.0751627035688562,0.49409756510936614,0.27951167273907207,0.38037470966436326,0.3401136175965646,0.2900912569522669
3773497,26,25,H,1.0,0.6503085421127899,0.27632947866135793,0.07336197922585223,0.4836189501477099,0.27951167273907207,0.38037470966436326,0.3401136175965646,0.2900912569522669
3773497,26,30,H,1.0,0.8674876524914986,0.12373844132476342,0.008773906183737896,0.7636583222350464,0.27951167273907207,0.38037470966436326,0.3401136175965646,0.2900912569522669
3773497,26,35,H,1.0,0.8620056641796445,0.12937377209964204,0.008620563720713457,0.7696175300431671,0.27951167273907207,0.38037470966436326,0.3401136175965646,0.2900912569522669
3773497,26,40,H,1.0,0.8563065914208172,0.13522599649264364,0.008467412086539235,0.7757361393237858,0.27951167273907207,0.38037470966436326,0.3401136175965646,0.2900912569522669
3773497,26,45,H,1.0,0.8503857234308994,0.14129983219464243,0.008314444374458302,0.7820476749534022,0.27951167273907207,0.38037470966436326,0.3401136175965646,0.2900912569522669
3773497,26,50,H,1.0,0.844238579524948,0.14759976367810868,0.008161656796943393,0.788500221494967,0.27951167273907207,0.38037470966436326,0.3401136175965646,0.2900912569522669
3773497,26,55,H,1.0,0.8378609445793707,0.15413000655444745,0.008009048866181914,0.7949565880025118,0.27951167273907207,0.38037470966436326,0.3401136175965646,0.2900912569522669
3773497,26,60,H,1.0,0.5844763157442984,0.35459952635664216,0.0609241578990594,0.4051118038247235,0.27951167273907207,0.38037470966436326,0.3401136175965646,0.2900912569522669
3773497,26,65,H,1.0,0.5742416202417384,0.3665731760817661,0.05918520367649558,0.39471434249677945,0.27951167273907207,0.38037470966436326,0.3401136175965646,0.2900912569522669
3773497,26,70,H,1.0,0.5638291470581985,0.37871134991102623,0.05745950303077518,0.38447231132585363,0.27951167273907207,0.38037470966436326,0.3401136175965646,0.2900912569522669
3773497,26,75,H,1.0,0.5532508183183041,0.39100079934050547,0.05574838234119038,0.37424082337849257,0.27951167273907207,0.38037470966436326,0.3401136175965646,0.2900912569522669
3773497,26,80,H,1.0,0.5425192817953309,0.4034275386396934,0.05405317956497567,0.3638410207901061,0.27951167273907207,0.38037470966436326,0.3401136175965646,0.2900912569522669
3773497,26,85,H,1.0,0.531647861405082,0.4159769016173589,0.05237523697755909,0.35307131835009203,0.27951167273907207,0.38037470966436326,0.3401136175965646,0.2900912569522669
3773497,26,90,H,1.0,0.14019289793786585,0.7670910141005156,0.09271608796161869,0.525811552842522,0.27951167273907207,0.38037470966436326,0.3401136175965646,0.2900912569522669
3773661,27,5,H,3.0,0.2938940950728397,0.6908152245805298,0.015290680346630437,0.6548309019391629,0.5031056935348163,0.47483731984384925,0.022056986621334474,0.3982313420253935
3773661,27,10,H,3.0,0.5650843566557845,0.43237293974984964,0.0025427035943658633,0.7677244278271773,0.5031056935348163,0.47483731984384925,0.022056986621334474,0.3982313420253935
3773661,27,15,H,3.0,0.2746445004757165,0.7114507169389394,0.01390478258534422,0.6860253726739134,0.5031056935348163,0.47483731984384925,0.022056986621334474,0.3982313420253935
3773661,27,20,H,3.0,0.2652972493219902,0.7214530912286855,0.01324965944932429,0.6938991322619603,0.5031056935348163,0.47483731984384925,0.022056986621334474,0.3982313420253935
3773661,27,25,H,3.0,0.25614271118922455,0.7312380649658998,0.01261922384487568,0.6970789073976784,0.5031056935348163,0.47483731984384925,0.022056986621334474,0.3982313420253935
3773661,27,30,H,3.0,0.5171833577822278,0.48061299694310433,0.0022036452746679435,0.8374091312528384,0.5031056935348163,0.47483731984384925,0.022056986621334474,0.3982313420253935
3773661,27,35,H,3.0,0.7675372596525886,0.23217989885812215,0.0002828414892892412,1.2162581282432607,0.5031056935348163,0.47483731984384925,0.022056986621334474,0.3982313420253935
3773661,27,40,H,3.0,0.7587690392571248,0.24095513682501107,0.0002758239178641214,1.24959686351283,0.5031056935348163,0.47483731984384925,0.022056986621334474,0.3982313420253935
3773661,27,45,H,3.0,0.7497770812058636,0.24995405448457422,0.0002688643095621582,1.2823909285350967,0.5031056935348163,0.47483731984384925,0.022056986621334474,0.3982313420253935
3773661,27,50,H,3.0,0.7405637492975922,0.2591742863983566,0.0002619643040512614,1.3147536609661326,0.5031056935348163,0.47483731984384925,0.022056986621334474,0.3982313420253935
3773661,27,55,H,3.0,0.7311320599423482,0.268612814381323,0.00025512567632882246,1.3466845156915739,0.5031056935348163,0.47483731984384925,0.022056986621334474,0.3982313420253935
3773661,27,60,H,3.0,0.7214857011998747,0.27826594846940833,0.00024835033071700125,1.3780563525453373,0.5031056935348163,0.47483731984384925,0.022056986621334474,0.3982313420253935
3773661,27,65,H,3.0,0.7116290484725065,0.2881293112337492,0.00024164029374438726,1.408609610867765,0.5031056935348163,0.47483731984384925,0.022056986621334474,0.3982313420253935
3773661,27,70,H,3.0,0.42112642156078506,0.577264641506606,0.0016089369326090428,0.9192872050901604,0.5031056935348163,0.47483731984384925,0.022056986621334474,0.3982313420253935
3773661,27,75,H,3.0,0.4093697994280625,0.5890873601658362,0.00154284040610132,0.9299405827636431,0.5031056935348163,0.47483731984384925,0.022056986621334474,0.3982313420253935
3773661,27,80,H,3.0,0.39771347338137225,0.6008079147727906,0.0014786118458371472,0.9404626908878422,0.5031056935348163,0.47483731984384925,0.022056986621334474,0.3982313420253935
3773661,27,85,H,3.0,0.386169792852028,0.6124139541253784,0.0014162530225936057,0.9504491892172198,0.5031056935348163,0.47483731984384925,0.022056986621334474,0.3982313420253935
3773661,27,90,H,3.0,0.659393785187233,0.3403970667226012,0.00020914809016564794,1.5315583178760293,0.5031056935348163,0.47483731984384925,0.022056986621334474,0.3982313420253935
3773689,28,5,A,-1.0,0.021911922394082246,0.23328666065199233,0.7448014169539253,-2.544158452938182,0.05103876243958164,0.2861279865610354,0.6628332509993828,-1.766494553588584
3773689,28,10,A,-1.0,0.021845588151645664,0.24456959509128273,0.7335848167570717,-2.537054248866503,0.05103876243958164,0.2861279865610354,0.6628332509993828,-1.766494553588584
3773689,28,15,A,-1.0,0.02176389742173836,0.2562150818174453,0.7220210207608164,-2.5139713860881563,0.05103876243958164,0.2861279865610354,0.6628332509993828,-1.766494553588584
3773689,28,20,A,-1.0,0.021666541661530887,0.2682173786492308,0.7101160796892384,-2.475280730354854,0.05103876243958164,0.2861279865610354,0.6628332509993828,-1.766494553588584
3773689,28,25,A,-1.0,0.021553263089501583,0.2805689746257923,0.6978777622847061,-2.4216931424699446,0.05103876243958164,0.2861279865610354,0.6628332509993828,-1.766494553588584
3773689,28,30,A,-1.0,0.021423859516668357,0.2932605360170958,0.6853156044662357,-2.3542411023370917,0.05103876243958164,0.2861279865610354,0.6628332509993828,-1.766494553588584
3773689,28,35,A,-1.0,0.0023035588510095756,0.11408852755415348,0.8836079135948369,-2.83138773197079,0.05103876243958164,0.2861279865610354,0.6628332509993828,-1.766494553588584
3773689,28,40,A,-1.0,0.0023146302901065957,0.12054621887200369,0.8771391508378895,-2.7462611202941383,0.05103876243958164,0.2861279865610354,0.6628332509993828,-1.766494553588584
3773689,28,45,A,-1.0,0.0023247949605509494,0.1273168582909835,0.8703583467484657,-2.65126325491551,0.05103876243958164,0.2861279865610354,0.6628332509993828,-1.766494553588584
3773689,28,50,A,-1.0,0.0023339942417197014,0.1344096144585112,0.863256391299769,-2.548321991345578,0.05103876243958164,0.2861279865610354,0.6628332509993828,-1.766494553588584
3773689,28,55,A,-1.0,0.002342168639498576,0.141833236812105,0.8558245945483963,-2.439435610336152,0.05103876243958164,0.2861279865610354,0.6628332509993828,-1.766494553588584
3773689,28,60,A,-1.0,0.002349258057880849,0.14959596339821665,0.8480547785439024,-2.3266115442527067,0.05103876243958164,0.2861279865610354,0.6628332509993828,-1.766494553588584
3773689,28,65,A,-1.0,0.00039227595875952656,0.15581614518778708,0.8437915788534535,-1.5396237402130448,0.05103876243958164,0.2861279865610354,0.6628332509993828,-1.766494553588584
3773689,28,70,A,-1.0,0.0003931218396320042,0.16420154236361056,0.8354053357967574,-1.4875810359718566,0.05103876243958164,0.2861279865610354,0.6628332509993828,-1.766494553588584
3773689,28,75,A,-1.0,0.00039375903345789556,0.1729457477520329,0.8266604932145091,-1.4335959993596008,0.05103876243958164,0.2861279865610354,0.6628332509993828,-1.766494553588584
3773689,28,80,A,-1.0,0.00039417762655835566,0.18205416773606303,0.8175516546373787,-1.3784399648598114,0.05103876243958164,0.2861279865610354,0.6628332509993828,-1.766494553588584
3773689,28,85,A,-1.0,0.00039436790112653766,0.19153119215563708,0.8080744399432364,-1.322835139107425,0.05103876243958164,0.2861279865610354,0.6628332509993828,-1.766494553588584
3773689,28,90,A,-1.0,0.00039432041409414106,0.20138008107203909,0.7982255985138668,-1.267439719506295,0.05103876243958164,0.2861279865610354,0.6628332509993828,-1.766494553588584
3773586,29,5,A,-1.0,0.9253477714288668,0.0703244442750335,0.004327784296099612,1.7602004838906642,0.7897860777462316,0.19366496358408622,0.016548958669682125,1.2396324205211382
3773586,29,10,A,-1.0,0.9220179854214825,0.0737240794683495,0.0042579351101680605,1.7815276077166096,0.7897860777462316,0.19366496358408622,0.016548958669682125,1.2396324205211382
3773586,29,15,A,-1.0,0.9185371823602619,0.07727434763476847,0.0041884700049697405,1.7909388596307516,0.7897860777462316,0.19366496358408622,0.016548958669682125,1.2396324205211382
3773586,29,20,A,-1.0,0.9149000427877215,0.08098058211824617,0.004119375094032271,1.7887859984847911,0.7897860777462316,0.19366496358408622,0.016548958669682125,1.2396324205211382
3773586,29,25,A,-1.0,0.9734214030195514,0.02622954067353157,0.00034905630691711004,1.9934608750526466,0.7897860777462316,0.19366496358408622,0.016548958669682125,1.2396324205211382
3773586,29,30,A,-1.0,0.9720965287783598,0.027559277445221752,0.00034419377641839633,1.9767226562815243,0.7897860777462316,0.19366496358408622,0.016548958669682125,1.2396324205211382
3773586,29,35,A,-1.0,0.9707062038391633,0.02895442069053151,0.00033937547030516774,1.9520600458591009,0.7897860777462316,0.19366496358408622,0.016548958669682125,1.2396324205211382
3773586,29,40,A,-1.0,0.9692474197925204,0.030417979912375607,0.0003346002951038937,1.9206389434158644,0.7897860777462316,0.19366496358408622,0.016548958669682125,1.2396324205211382
3773586,29,45,A,-1.0,0.9677170512101178,0.031953081629391,0.00032986716049127063,1.8836749899138354,0.7897860777462316,0.19366496358408622,0.016548958669682125,1.2396324205211382
3773586,29,50,A,-1.0,0.9661118533526898,0.03356297166763535,0.00032517497967489087,1.84238410474657,0.7897860777462316,0.19366496358408622,0.016548958669682125,1.2396324205211382
3773586,29,55,A,-1.0,0.9644284600964407,0.03525101723371416,0.0003205226698450909,1.7979348561679056,0.7897860777462316,0.19366496358408622,0.016548958669682125,1.2396324205211382
3773586,29,60,A,-1.0,0.9626633821153305,0.037020708731966216,0.00031590915270325283,1.7514049570201013,0.7897860777462316,0.19366496358408622,0.016548958669682125,1.2396324205211382
3773586,29,65,A,-1.0,0.8742363973702159,0.12225141444431138,0.0035121881854727147,1.402122075522664,0.7897860777462316,0.19366496358408622,0.016548958669682125,1.2396324205211382
3773586,29,70,A,-1.0,0.8687385562585223,0.12781527123504094,0.0034461725064368395,1.3401652302651326,0.7897860777462316,0.19366496358408622,0.016548958669682125,1.2396324205211382
3773586,29,75,A,-1.0,0.8630258446777174,0.13359373471398117,0.003380420608301408,1.2784828560279116,0.7897860777462316,0.19366496358408622,0.016548958669682125,1.2396324205211382
3773586,29,80,A,-1.0,0.6207965438765792,0.34943492763490325,0.02976852848851744,1.05264793376669,0.7897860777462316,0.19366496358408622,0.016548958669682125,1.2396324205211382
3773586,29,85,A,-1.0,0.6099152220356915,0.361206148941109,0.02887862902319969,0.9790881354432975,0.7897860777462316,0.19366496358408622,0.016548958669682125,1.2396324205211382
3773586,29,90,A,-1.0,0.5988570130013228,0.37314484178504537,0.02799814521363189,0.9072462737694648,0.7897860777462316,0.19366496358408622,0.016548958669682125,1.2396324205211382
3773695,30,5,A,-1.0,0.035332724272813816,0.181450021214638,0.7832172545125482,-1.4128188992198596,0.08287119400209494,0.2398549934290125,0.6772738125688925,-1.083066538489151
3773695,30,10,A,-1.0,0.035101537933454996,0.1893655341133004,0.7755329279532446,-1.37966718420209,0.08287119400209494,0.2398549934290125,0.6772738125688925,-1.083066538489151
3773695,30,15,A,-1.0,0.034857147273709636,0.1975429461983748,0.7675999065279155,-1.3385584855501693,0.08287119400209494,0.2398549934290125,0.6772738125688925,-1.083066538489151
3773695,30,20,A,-1.0,0.03459937365004062,0.2059836812001674,0.7594169451497921,-1.290306674921022,0.08287119400209494,0.2398549934290125,0.6772738125688925,-1.083066538489151
3773695,30,25,A,-1.0,0.03432806549485574,0.21468850990796107,0.7509834245971831,-1.2359055168027802,0.08287119400209494,0.2398549934290125,0.6772738125688925,-1.083066538489151
3773695,30,30,A,-1.0,0.03404310075943428,0.22365750452668917,0.7422993947138766,-1.1764987552055177,0.08287119400209494,0.2398549934290125,0.6772738125688925,-1.083066538489151
3773695,30,35,A,-1.0,0.03374438932646453,0.23288999467737637,0.7333656159961592,-1.1133443114489983,0.08287119400209494,0.2398549934290125,0.6772738125688925,-1.083066538489151
3773695,30,40,A,-1.0,0.03343187536463882,0.24238452563918508,0.7241835989961761,-1.0477740617198963,0.08287119400209494,0.2398549934290125,0.6772738125688925,-1.083066538489151
3773695,30,45,A,-1.0,0.03310553959584763,0.25213881945854294,0.7147556409456095,-0.9811508928598909,0.08287119400209494,0.2398549934290125,0.6772738125688925,-1.083066538489151
3773695,30,50,A,-1.0,0.1726827157333808,0.444229331225245,0.3830879530413741,-0.386569732027607,0.08287119400209494,0.2398549934290125,0.6772738125688925,-1.083066538489151
3773695,30,55,A,-1.0,0.16910245959834516,0.45698629727311196,0.37391124312854285,-0.3334601700506596,0.08287119400209494,0.2398549934290125,0.6772738125688925,-1.083066538489151
3773695,30,60,A,-1.0,0.03204400100076769,0.2829244368948985,0.6850315621043337,-0.7881463765189837,0.08287119400209494,0.2398549934290125,0.6772738125688925,-1.083066538489151
3773695,30,65,A,-1.0,0.004227764321791802,0.12195650305385351,0.8738157326243547,-1.4367464427637282,0.08287119400209494,0.2398549934290125,0.6772738125688925,-1.083066538489151
3773695,30,70,A,-1.0,0.0004776650631863936,0.04501820157845705,0.9545041333583565,-2.1985692698653736,0.08287119400209494,0.2398549934290125,0.6772738125688925,-1.083066538489151
3773695,30,75,A,-1.0,0.0004780794037596605,0.04733251606816424,0.9521894045280761,-2.112566575408179,0.08287119400209494,0.2398549934290125,0.6772738125688925,-1.083066538489151
3773695,30,80,A,-1.0,0.00047843449608853155,0.04975960630524756,0.9497619591986639,-2.030422280794455,0.08287119400209494,0.2398549934290125,0.6772738125688925,-1.083066538489151
3773695,30,85,A,-1.0,0.00416478513481769,0.1463074250060579,0.8495277898591245,-1.1855603663960288,0.08287119400209494,0.2398549934290125,0.6772738125688925,-1.083066538489151
3773695,30,90,A,-1.0,0.00414574176458882,0.15299276937687767,0.8428614888585334,-1.1374285998599811,0.08287119400209494,0.2398549934290125,0.6772738125688925,-1.083066538489151
3773372,31,5,D,0.0,0.6612357330105535,0.2452527494908584,0.09351151749858803,0.5787433888315567,0.5418449706004825,0.3591246825368518,0.09903034686266568,0.7618863614191592
3773372,31,10,D,0.0,0.6532089788197448,0.25459511579311195,0.09219590538714316,0.5450316339921422,0.5418449706004825,0.3591246825368518,0.09903034686266568,0.7618863614191592
3773372,31,15,D,0.0,0.644975347203852,0.26416871813543746,0.0908559346607105,0.5023641826344447,0.5418449706004825,0.3591246825368518,0.09903034686266568,0.7618863614191592
3773372,31,20,D,0.0,0.6365378878583725,0.273969920925237,0.08949219121639057,0.4518002329552611,0.5418449706004825,0.3591246825368518,0.09903034686266568,0.7618863614191592
3773372,31,25,D,0.0,0.6279003142978636,0.2839943355883777,0.08810535011375871,0.39463326337954635,0.5418449706004825,0.3591246825368518,0.09903034686266568,0.7618863614191592
3773372,31,30,D,0.0,0.6190670182342826,0.2942368050686903,0.0866961766970271,0.332349207200584,0.5418449706004825,0.3591246825368518,0.09903034686266568,0.7618863614191592
3773372,31,35,D,0.0,0.610043079975468,0.3046913928819297,0.08526552714260235,0.26657610178588137,0.5418449706004825,0.3591246825368518,0.09903034686266568,0.7618863614191592
3773372,31,40,D,0.0,0.600834274487987,0.3153513771218589,0.08381434839015409,0.19902734814118567,0.5418449706004825,0.3591246825368518,0.09903034686266568,0.7618863614191592
3773372,31,45,D,0.0,0.5914470728013316,0.3262092497780828,0.08234367742058567,0.13144107964764945,0.5418449706004825,0.3591246825368518,0.09903034686266568,0.7618863614191592
3773372,31,50,D,0.0,0.5818886384713658,0.33725672167801185,0.08085463985062227,0.06551836856429544,0.5418449706004825,0.3591246825368518,0.09903034686266568,0.7618863614191592
3773372,31,55,D,0.0,0.5721668188697924,0.3484847333091565,0.07934844782105109,0.002863079460093787,0.5418449706004825,0.3591246825368518,0.09903034686266568,0.7618863614191592
3773372,31,60,D,0.0,0.5622901311227998,0.35988347171331425,0.07782639716388594,-0.055073896241456255,0.5418449706004825,0.3591246825368518,0.09903034686266568,0.7618863614191592
3773372,31,65,D,0.0,0.5522677425853006,0.37144239357192743,0.07628986384277202,-0.10704351717345867,0.5418449706004825,0.3591246825368518,0.09903034686266568,0.7618863614191592
3773372,31,70,D,0.0,0.5421094458063597,0.38315025452298845,0.07474029967065186,-0.1520384377281802,0.5418449706004825,0.3591246825368518,0.09903034686266568,0.7618863614191592
3773372,31,75,D,0.0,0.5318256280154063,0.3949951446656812,0.07317922731891235,-0.18932215995966667,0.5418449706004825,0.3591246825368518,0.09903034686266568,0.7618863614191592
3773372,31,80,D,0.0,0.5214272352362709,0.4069645301210064,0.07160823464272276,-0.21844639441806235,0.5418449706004825,0.3591246825368518,0.09903034686266568,0.7618863614191592
3773372,31,85,D,0.0,0.510925731215441,0.4190453004267148,0.07002896835784414,-0.23925614797640699,0.5418449706004825,0.3591246825368518,0.09903034686266568,0.7618863614191592
3773372,31,90,D,0.0,0.5003330514305308,0.431223821454869,0.06844312711460021,-0.25188268420938614,0.5418449706004825,0.3591246825368518,0.09903034686266568,0.7618863614191592
3773387,32,5,D,0.0,0.007775348487524107,0.4313810804551516,0.5608435710573242,-0.6314676197871879,0.042358844622616125,0.40834993787243423,0.5492912175049496,-0.7648991509823398
3773387,32,10,D,0.0,0.00760635706128007,0.4438866274568655,0.5485070154818544,-0.6392014678597613,0.042358844622616125,0.40834993787243423,0.5492912175049496,-0.7648991509823398
3773387,32,15,D,0.0,0.007436297427498392,0.4564636802291404,0.5361000223433612,-0.6437806186715049,0.042358844622616125,0.40834993787243423,0.5492912175049496,-0.7648991509823398
3773387,32,20,D,0.0,0.00726538425278266,0.4690964931585742,0.5236381225886431,-0.6453512395737436,0.042358844622616125,0.40834993787243423,0.5492912175049496,-0.7648991509823398
3773387,32,25,D,0.0,0.0010655874120748708,0.23528796601558694,0.7636464465723383,-1.1575738222321974,0.042358844622616125,0.40834993787243423,0.5492912175049496,-0.7648991509823398
3773387,32,30,D,0.0,0.0010529569780200337,0.24455434501187504,0.7543926980101049,-1.1434608841125669,0.042358844622616125,0.40834993787243423,0.5492912175049496,-0.7648991509823398
3773387,32,35,D,0.0,0.00012627585331366852,0.10029796101311605,0.8995757631335701,-1.9306095315135166,0.042358844622616125,0.40834993787243423,0.5492912175049496,-0.7648991509823398
3773387,32,40,D,0.0,0.00012565268606384562,0.10497785425069805,0.8948964930632382,-1.9037085265259865,0.042358844622616125,0.40834993787243423,0.5492912175049496,-0.7648991509823398
3773387,32,45,D,0.0,0.00012500225528595392,0.10984944970123396,0.8900255480434802,-1.873468530854386,0.042358844622616125,0.40834993787243423,0.5492912175049496,-0.7648991509823398
3773387,32,50,D,0.0,0.00012432378883798172,0.11491808927809737,0.8849575869330645,-1.8409841886871778,0.042358844622616125,0.40834993787243423,0.5492912175049496,-0.7648991509823398
3773387,32,55,D,0.0,0.00012361652620352436,0.12018902634363156,0.8796873571301649,-1.807312368450642,0.042358844622616125,0.40834993787243423,0.5492912175049496,-0.7648991509823398
3773387,32,60,D,0.0,0.005893952688267581,0.5702210198206413,0.4238850274910911,-0.5981696322723611,0.042358844622616125,0.40834993787243423,0.5492912175049496,-0.7648991509823398
3773387,32,65,D,0.0,0.000955138913196216,0.31601678611876377,0.68302807496804,-1.0123936894072068,0.042358844622616125,0.40834993787243423,0.5492912175049496,-0.7648991509823398
3773387,32,70,D,0.0,0.0009399098732582289,0.3271025630372968,0.671957527089445,-0.9985185508384509,0.042358844622616125,0.40834993787243423,0.5492912175049496,-0.7648991509823398
3773387,32,75,D,0.0,0.0009243980737175011,0.3383848335167993,0.6606907684094833,-0.9875593567346723,0.042358844622616125,0.40834993787243423,0.5492912175049496,-0.7648991509823398
3773387,32,80,D,0.0,0.0009086168114782499,0.34985392304914503,0.6492374601393767,-0.9797306449836616,0.042358844622616125,0.40834993787243423,0.5492912175049496,-0.7648991509823398
3773387,32,85,D,0.0,0.005066099517511704,0.6310748980235475,0.36385900245894076,-0.5917179861946013,0.042358844622616125,0.40834993787243423,0.5492912175049496,-0.7648991509823398
3773387,32,90,D,0.0,0.004906043782185735,0.6428249593411057,0.3522689968767086,-0.5972791473895686,0.042358844622616125,0.40834993787243423,0.5492912175049496,-0.7648991509823398
3773457,33,5,A,-1.0,0.9376436428029603,0.04440853277971613,0.01794782441732349,2.5527644131598626,0.8091211161682804,0.1454060823342606,0.04547280149745903,1.8192476154871648
3773457,33,10,A,-1.0,0.9354100594854096,0.04662087193546332,0.01796906857912719,2.5325473505824805,0.8091211161682804,0.1454060823342606,0.04547280149745903,1.8192476154871648
3773457,33,15,A,-1.0,0.9330739709289896,0.04893776990514047,0.017988259165869897,2.495376651045644,0.8091211161682804,0.1454060823342606,0.04547280149745903,1.8192476154871648
3773457,33,20,A,-1.0,0.9306311133635621,0.05136359496668697,0.018005291669751,2.4424537215732283,0.8091211161682804,0.1454060823342606,0.04547280149745903,1.8192476154871648
3773457,33,25,A,-1.0,0.9280771021954186,0.05390283990339261,0.018020057901188755,2.375307481790447,0.8091211161682804,0.1454060823342606,0.04547280149745903,1.8192476154871648
3773457,33,30,A,-1.0,0.9793917983000219,0.01843923749551629,0.0021689642044618106,2.751884788690633,0.8091211161682804,0.1454060823342606,0.04547280149745903,1.8192476154871648
3773457,33,35,A,-1.0,0.9784401877073449,0.01938521053075115,0.0021746017619040576,2.679040903806229,0.8091211161682804,0.1454060823342606,0.04547280149745903,1.8192476154871648
3773457,33,40,A,-1.0,0.9197025486493915,0.06224782946236072,0.018049621888247658,2.107548096745505,0.8091211161682804,0.1454060823342606,0.04547280149745903,1.8192476154871648
3773457,33,45,A,-1.0,0.916657768308242,0.0652880639488015,0.018054167742956543,2.0032997540442987,0.8091211161682804,0.1454060823342606,0.04547280149745903,1.8192476154871648
3773457,33,50,A,-1.0,0.9134782189548811,0.06846592939651015,0.018055851648608855,1.895239341072569,0.8091211161682804,0.1454060823342606,0.04547280149745903,1.8192476154871648
3773457,33,55,A,-1.0,0.9101588759227326,0.07178658018325051,0.018054543894016936,1.7855016095396743,0.8091211161682804,0.1454060823342606,0.04547280149745903,1.8192476154871648
3773457,33,60,A,-1.0,0.9066946312920786,0.07525525723454198,0.018050111473379434,1.6760746907902284,0.8091211161682804,0.1454060823342606,0.04547280149745903,1.8192476154871648
3773457,33,65,A,-1.0,0.9030803037203795,0.07887727804054984,0.018042418239070622,1.5687421424190346,0.8091211161682804,0.1454060823342606,0.04547280149745903,1.8192476154871648
3773457,33,70,A,-1.0,0.8993106496346062,0.08265802527985917,0.018031325085534594,1.4650358449661676,0.8091211161682804,0.1454060823342606,0.04547280149745903,1.8192476154871648
3773457,33,75,A,-1.0,0.895380375866328,0.08660293396702973,0.01801669016664229,1.3662014473001602,0.8091211161682804,0.1454060823342606,0.04547280149745903,1.8192476154871648
3773457,33,80,A,-1.0,0.8912841538073509,0.0907174770437837,0.01799836914886533,1.2731773766424588,0.8091211161682804,0.1454060823342606,0.04547280149745903,1.8192476154871648
3773457,33,85,A,-1.0,0.5000301879672493,0.4203673027956026,0.07960250923714816,1.004487532551871,0.8091211161682804,0.1454060823342606,0.04547280149745903,1.8192476154871648
3773457,33,90,A,-1.0,0.18947759490446112,0.5441656827391727,0.2663567223563662,0.6365179336562419,0.8091211161682804,0.1454060823342606,0.04547280149745903,1.8192476154871648
